seed,method,rank_order,manifest_S,set_match,manifest_is_sorted
00,product-lengthscale,9 50 76 91 62 66 87 41,9 41 50 62 66 76 87 91,True,True
00,additive-lengthscale,9 50 76 91 62 66 87 41,9 41 50 62 66 76 87 91,True,True
00,product-amplitude,9 50 76 91 62 66 87 41,9 41 50 62 66 76 87 91,True,True
00,additive-amplitude,9 50 76 91 62 66 87 41,9 41 50 62 66 76 87 91,True,True
00,dsp_map,9 50 76 91 62 66 87 41,9 41 50 62 66 76 87 91,True,True
00,oracle_S,9 50 76 91 62 66 87 41,9 41 50 62 66 76 87 91,True,True
01,product-lengthscale,1 39 48 21 19 72 33 54,1 19 21 33 39 48 54 72,True,True
01,additive-lengthscale,1 39 48 21 19 72 33 54,1 19 21 33 39 48 54 72,True,True
01,product-amplitude,1 39 48 21 19 72 33 54,1 19 21 33 39 48 54 72,True,True
01,additive-amplitude,1 39 48 21 19 72 33 54,1 19 21 33 39 48 54 72,True,True
01,dsp_map,1 39 48 21 19 72 33 54,1 19 21 33 39 48 54 72,True,True
01,oracle_S,1 39 48 21 19 72 33 54,1 19 21 33 39 48 54 72,True,True
02,product-lengthscale,48 37 1 79 33 17 77 76,1 17 33 37 48 76 77 79,True,True
02,additive-lengthscale,48 37 1 79 33 17 77 76,1 17 33 37 48 76 77 79,True,True
02,product-amplitude,48 37 1 79 33 17 77 76,1 17 33 37 48 76 77 79,True,True
02,additive-amplitude,48 37 1 79 33 17 77 76,1 17 33 37 48 76 77 79,True,True
02,dsp_map,48 37 1 79 33 17 77 76,1 17 33 37 48 76 77 79,True,True
02,oracle_S,48 37 1 79 33 17 77 76,1 17 33 37 48 76 77 79,True,True
03,product-lengthscale,59 18 14 29 27 82 67 38,14 18 27 29 38 59 67 82,True,True
03,additive-lengthscale,59 18 14 29 27 82 67 38,14 18 27 29 38 59 67 82,True,True
03,product-amplitude,59 18 14 29 27 82 67 38,14 18 27 29 38 59 67 82,True,True
03,additive-amplitude,59 18 14 29 27 82 67 38,14 18 27 29 38 59 67 82,True,True
03,dsp_map,59 18 14 29 27 82 67 38,14 18 27 29 38 59 67 82,True,True
03,oracle_S,59 18 14 29 27 82 67 38,14 18 27 29 38 59 67 82,True,True
04,product-lengthscale,97 5 73 8 14 45 38 16,5 8 14 16 38 45 73 97,True,True
04,additive-lengthscale,97 5 73 8 14 45 38 16,5 8 14 16 38 45 73 97,True,True
04,product-amplitude,97 5 73 8 14 45 38 16,5 8 14 16 38 45 73 97,True,True
04,additive-amplitude,97 5 73 8 14 45 38 16,5 8 14 16 38 45 73 97,True,True
04,dsp_map,97 5 73 8 14 45 38 16,5 8 14 16 38 45 73 97,True,True
04,oracle_S,97 5 73 8 14 45 38 16,5 8 14 16 38 45 73 97,True,True
05,product-lengthscale,86 91 3 94 16 8 26 36,3 8 16 26 36 86 91 94,True,True
05,additive-lengthscale,86 91 3 94 16 8 26 36,3 8 16 26 36 86 91 94,True,True
05,product-amplitude,86 91 3 94 16 8 26 36,3 8 16 26 36 86 91 94,True,True
05,additive-amplitude,86 91 3 94 16 8 26 36,3 8 16 26 36 86 91 94,True,True
05,dsp_map,86 91 3 94 16 8 26 36,3 8 16 26 36 86 91 94,True,True
05,oracle_S,86 91 3 94 16 8 26 36,3 8 16 26 36 86 91 94,True,True
06,product-lengthscale,27 11 21 80 2 55 79 67,2 11 21 27 55 67 79 80,True,True
06,additive-lengthscale,27 11 21 80 2 55 79 67,2 11 21 27 55 67 79 80,True,True
06,product-amplitude,27 11 21 80 2 55 79 67,2 11 21 27 55 67 79 80,True,True
06,additive-amplitude,27 11 21 80 2 55 79 67,2 11 21 27 55 67 79 80,True,True
06,dsp_map,27 11 21 80 2 55 79 67,2 11 21 27 55 67 79 80,True,True
06,oracle_S,27 11 21 80 2 55 79 67,2 11 21 27 55 67 79 80,True,True
07,product-lengthscale,58 4 76 13 83 61 45 30,4 13 30 45 58 61 76 83,True,True
07,additive-lengthscale,58 4 76 13 83 61 45 30,4 13 30 45 58 61 76 83,True,True
07,product-amplitude,58 4 76 13 83 61 45 30,4 13 30 45 58 61 76 83,True,True
07,additive-amplitude,58 4 76 13 83 61 45 30,4 13 30 45 58 61 76 83,True,True
07,dsp_map,58 4 76 13 83 61 45 30,4 13 30 45 58 61 76 83,True,True
07,oracle_S,58 4 76 13 83 61 45 30,4 13 30 45 58 61 76 83,True,True
08,product-lengthscale,43 38 13 86 33 10 12 91,10 12 13 33 38 43 86 91,True,True
08,additive-lengthscale,43 38 13 86 33 10 12 91,10 12 13 33 38 43 86 91,True,True
08,product-amplitude,43 38 13 86 33 10 12 91,10 12 13 33 38 43 86 91,True,True
08,additive-amplitude,43 38 13 86 33 10 12 91,10 12 13 33 38 43 86 91,True,True
08,dsp_map,43 38 13 86 33 10 12 91,10 12 13 33 38 43 86 91,True,True
08,oracle_S,43 38 13 86 33 10 12 91,10 12 13 33 38 43 86 91,True,True
09,product-lengthscale,96 12 74 31 17 63 23 80,12 17 23 31 63 74 80 96,True,True
09,additive-lengthscale,96 12 74 31 17 63 23 80,12 17 23 31 63 74 80 96,True,True
09,product-amplitude,96 12 74 31 17 63 23 80,12 17 23 31 63 74 80 96,True,True
09,additive-amplitude,96 12 74 31 17 63 23 80,12 17 23 31 63 74 80 96,True,True
09,dsp_map,96 12 74 31 17 63 23 80,12 17 23 31 63 74 80 96,True,True
09,oracle_S,96 12 74 31 17 63 23 80,12 17 23 31 63 74 80 96,True,True
