seed,method,t,rank,coord,share,ell,cls,native_median,p_active,sobol_hat,native_rank,sobol_rank,detected,top8_native,top8_sobol
00,product-lengthscale,199,0,9,0.21,1.5,high-share smooth,0.179014050544365,0.625,0.1220336822416181,2,4,True,True,True
00,product-lengthscale,199,1,50,0.21,1.5,high-share smooth,0.1495848410546749,0.4375,0.178378784945169,3,2,False,True,True
00,product-lengthscale,199,2,76,0.21,0.08,high-share rough,6.401061276640721,1.0,0.1694676106526587,1,3,True,True,True
00,product-lengthscale,199,3,91,0.21,0.08,high-share rough,0.100383795990007,0.375,0.0994830866966047,5,5,False,True,True
00,product-lengthscale,199,4,62,0.04,1.5,low-share smooth,0.0077597106117526,0.0,0.0231136664442514,7,6,False,True,True
00,product-lengthscale,199,5,66,0.04,1.5,low-share smooth,0.1230700500731273,0.3125,0.2973212711522057,4,1,False,True,True
00,product-lengthscale,199,6,87,0.04,0.08,low-share rough,0.0224749068232348,0.125,0.0048742862339704,6,7,False,True,True
00,product-lengthscale,199,7,41,0.04,0.08,low-share rough,0.0002473555474756,0.0,0.0006260582603273,8,9,False,True,False
00,additive-lengthscale,199,0,9,0.21,1.5,high-share smooth,5.116860109566586,1.0,0.1918750643183392,3,4,True,True,True
00,additive-lengthscale,199,1,50,0.21,1.5,high-share smooth,1.099769443848512,1.0,0.21226573777037,4,3,True,True,True
00,additive-lengthscale,199,2,76,0.21,0.08,high-share rough,66.2963130154005,1.0,0.2182005818551513,2,2,True,True,True
00,additive-lengthscale,199,3,91,0.21,0.08,high-share rough,135.12179492959734,1.0,0.2580151047442421,1,1,True,True,True
00,additive-lengthscale,199,4,62,0.04,1.5,low-share smooth,0.3115499457210972,0.8125,0.0467184787588161,6,6,True,True,True
00,additive-lengthscale,199,5,66,0.04,1.5,low-share smooth,0.861179834122747,1.0,0.0604137570503743,5,5,True,True,True
00,additive-lengthscale,199,6,87,0.04,0.08,low-share rough,0.09579319648502,0.4375,0.0082364490768711,7,7,False,True,True
00,additive-lengthscale,199,7,41,0.04,0.08,low-share rough,0.0121756797470193,0.1875,0.0019369459423093,8,8,False,True,True
00,product-amplitude,199,0,9,0.21,1.5,high-share smooth,0.012315818820987,0.25,0.0846760988280216,4,4,False,True,True
00,product-amplitude,199,1,50,0.21,1.5,high-share smooth,0.0258681449202899,0.5625,0.2357479268877866,3,3,True,True,True
00,product-amplitude,199,2,76,0.21,0.08,high-share rough,0.0620483235629753,1.0,0.2482750427691607,2,2,True,True,True
00,product-amplitude,199,3,91,0.21,0.08,high-share rough,0.0756344147241744,1.0,0.3663567564225058,1,1,True,True,True
00,product-amplitude,199,4,62,0.04,1.5,low-share smooth,0.0044413059397623,0.0,0.0415338787620432,5,5,False,True,True
00,product-amplitude,199,5,66,0.04,1.5,low-share smooth,0.0001666793018939,0.0625,0.0125864320986636,10,6,False,False,True
00,product-amplitude,199,6,87,0.04,0.08,low-share rough,0.0002485437672438,0.0625,0.0035489418536548,7,7,False,True,True
00,product-amplitude,199,7,41,0.04,0.08,low-share rough,0.000214069115805,0.0,0.0006118524146318,9,9,False,False,False
00,additive-amplitude,199,0,9,0.21,1.5,high-share smooth,0.0157572816469271,0.4375,0.1007483759097156,5,5,False,True,True
00,additive-amplitude,199,1,50,0.21,1.5,high-share smooth,0.0349529540926506,0.6875,0.2388033715013979,3,2,True,True,True
00,additive-amplitude,199,2,76,0.21,0.08,high-share rough,0.0927831158171871,1.0,0.2454501203990547,2,1,True,True,True
00,additive-amplitude,199,3,91,0.21,0.08,high-share rough,0.0938019358106006,1.0,0.2299741443843565,1,3,True,True,True
00,additive-amplitude,199,4,62,0.04,1.5,low-share smooth,0.0064776921517627,0.0,0.0443461595626233,6,6,False,True,True
00,additive-amplitude,199,5,66,0.04,1.5,low-share smooth,0.0220280118115288,0.5,0.1284743055866581,4,4,False,True,True
00,additive-amplitude,199,6,87,0.04,0.08,low-share rough,0.0001096561926032,0.0,0.0001183689175361,21,20,False,False,False
00,additive-amplitude,199,7,41,0.04,0.08,low-share rough,0.0001363601337011,0.0,0.0005629153053357,14,10,False,False,False
00,dsp_map,199,0,9,0.21,1.5,high-share smooth,0.066467304292449,0.0,0.0001617044094058,24,41,False,False,False
00,dsp_map,199,1,50,0.21,1.5,high-share smooth,0.1007623326132946,0.0,-0.0003245517817074,17,90,False,False,False
00,dsp_map,199,2,76,0.21,0.08,high-share rough,4.268332831592743,1.0,0.0690567362651595,4,4,True,True,True
00,dsp_map,199,3,91,0.21,0.08,high-share rough,33.09407528209007,1.0,0.3781703220453961,1,2,True,True,True
00,dsp_map,199,4,62,0.04,1.5,low-share smooth,0.0611351656689477,0.0,0.0009825579418352,30,15,False,False,False
00,dsp_map,199,5,66,0.04,1.5,low-share smooth,0.0596351770095965,0.0,0.0008942089645892,31,16,False,False,False
00,dsp_map,199,6,87,0.04,0.08,low-share rough,1.2333378212866626,1.0,0.0194121018221023,6,6,True,True,True
00,dsp_map,199,7,41,0.04,0.08,low-share rough,0.0511686860018194,0.0,-0.0004390851912098,34,93,False,False,False
00,oracle_S,199,0,9,0.21,1.5,high-share smooth,0.2313921074473526,1.0,0.1510467274108335,4,3,True,True,True
00,oracle_S,199,1,50,0.21,1.5,high-share smooth,0.1754702133555408,1.0,0.1877101910307476,5,2,True,True,True
00,oracle_S,199,2,76,0.21,0.08,high-share rough,2.7985590521090056,1.0,0.1504579394667957,2,4,True,True,True
00,oracle_S,199,3,91,0.21,0.08,high-share rough,5.841009343417943,1.0,0.2881055721027394,1,1,True,True,True
00,oracle_S,199,4,62,0.04,1.5,low-share smooth,0.0739381154562849,0.0,0.0418645466711619,7,6,False,True,True
00,oracle_S,199,5,66,0.04,1.5,low-share smooth,0.1381577471540404,0.0,0.0864678044635163,6,5,False,True,True
00,oracle_S,199,6,87,0.04,0.08,low-share rough,0.997804203662948,1.0,0.0126728055502946,3,7,True,True,True
00,oracle_S,199,7,41,0.04,0.08,low-share rough,0.007341899472717,0.0,-0.000396686405218,8,100,False,True,False
01,product-lengthscale,199,0,1,0.21,1.5,high-share smooth,1.1086935443115864,1.0,0.1123289438292157,5,3,True,True,True
01,product-lengthscale,199,1,39,0.21,1.5,high-share smooth,3.2768742831824973,1.0,0.0201832681314316,3,5,True,True,True
01,product-lengthscale,199,2,48,0.21,0.08,high-share rough,2.008197728701429,1.0,0.1563624756141986,4,2,True,True,True
01,product-lengthscale,199,3,21,0.21,0.08,high-share rough,23.68298058386565,1.0,0.0673365822595959,1,4,True,True,True
01,product-lengthscale,199,4,19,0.04,1.5,low-share smooth,0.0389125371215986,0.25,0.008205328090693,7,6,False,True,True
01,product-lengthscale,199,5,72,0.04,1.5,low-share smooth,0.07935474387133,0.3125,-0.0012808389168307,6,100,False,True,False
01,product-lengthscale,199,6,33,0.04,0.08,low-share rough,0.0002023063503771,0.0,-7.21989078961063e-06,87,62,False,False,False
01,product-lengthscale,199,7,54,0.04,0.08,low-share rough,18.314628483820677,1.0,0.2101411942456747,2,1,True,True,True
01,additive-lengthscale,199,0,1,0.21,1.5,high-share smooth,1.37607415725541,1.0,0.2782349631673895,5,2,True,True,True
01,additive-lengthscale,199,1,39,0.21,1.5,high-share smooth,27.049883118480057,1.0,0.3155085300983106,4,1,True,True,True
01,additive-lengthscale,199,2,48,0.21,0.08,high-share rough,162.769605487662,1.0,0.1526406454717883,2,4,True,True,True
01,additive-lengthscale,199,3,21,0.21,0.08,high-share rough,177.7652034282653,1.0,0.1708638886887656,1,3,True,True,True
01,additive-lengthscale,199,4,19,0.04,1.5,low-share smooth,0.0326808939250668,0.1875,0.0053435667657147,7,7,False,True,True
01,additive-lengthscale,199,5,72,0.04,1.5,low-share smooth,0.8633045821312283,1.0,0.0291406293258859,6,6,True,True,True
01,additive-lengthscale,199,6,33,0.04,0.08,low-share rough,0.0002501411182967,0.0,1.2053493847266537e-05,63,12,False,False,False
01,additive-lengthscale,199,7,54,0.04,0.08,low-share rough,45.76298047566648,0.9375,0.0479496983949886,3,5,True,True,True
01,product-amplitude,199,0,1,0.21,1.5,high-share smooth,0.0237585888465615,0.5625,0.2430075792550725,4,2,True,True,True
01,product-amplitude,199,1,39,0.21,1.5,high-share smooth,0.1417855946001093,1.0,0.515164252507807,1,1,True,True,True
01,product-amplitude,199,2,48,0.21,0.08,high-share rough,0.0546875793625717,0.9375,0.1131069103911775,3,3,True,True,True
01,product-amplitude,199,3,21,0.21,0.08,high-share rough,0.0582342601642386,1.0,0.1014434432881262,2,4,True,True,True
01,product-amplitude,199,4,19,0.04,1.5,low-share smooth,0.0011577268648644,0.0625,0.0054012479952259,8,6,False,True,True
01,product-amplitude,199,5,72,0.04,1.5,low-share smooth,0.002617010642517,0.0625,0.0074213295679509,7,5,False,True,True
01,product-amplitude,199,6,33,0.04,0.08,low-share rough,0.0030361009695488,0.0,0.0018621660759517,6,8,False,True,True
01,product-amplitude,199,7,54,0.04,0.08,low-share rough,0.0113364466799507,0.125,0.0051611432547483,5,7,False,True,True
01,additive-amplitude,199,0,1,0.21,1.5,high-share smooth,0.0395458504588831,0.875,0.2189178871557052,4,2,True,True,True
01,additive-amplitude,199,1,39,0.21,1.5,high-share smooth,0.2891385256112114,1.0,0.3325375661688651,1,1,True,True,True
01,additive-amplitude,199,2,48,0.21,0.08,high-share rough,0.0932085579580498,1.0,0.1616333505377049,3,4,True,True,True
01,additive-amplitude,199,3,21,0.21,0.08,high-share rough,0.1754179520101791,1.0,0.1802583244818013,2,3,True,True,True
01,additive-amplitude,199,4,19,0.04,1.5,low-share smooth,0.0141000295428736,0.4375,0.029677031596643,6,7,False,True,True
01,additive-amplitude,199,5,72,0.04,1.5,low-share smooth,0.010055891742759,0.1875,0.0317215002474133,7,6,False,True,True
01,additive-amplitude,199,6,33,0.04,0.08,low-share rough,2.692941143884152e-05,0.0,1.85142685025549e-05,74,31,False,False,False
01,additive-amplitude,199,7,54,0.04,0.08,low-share rough,0.0339095861341158,0.9375,0.0428967253511622,5,5,True,True,True
01,dsp_map,199,0,1,0.21,1.5,high-share smooth,0.2806523052832786,1.0,0.0025073396059297,10,9,True,False,False
01,dsp_map,199,1,39,0.21,1.5,high-share smooth,3.795737493218295,1.0,0.0095832182154832,4,6,True,True,True
01,dsp_map,199,2,48,0.21,0.08,high-share rough,3.448329685152048,1.0,0.0246409775823641,5,4,True,True,True
01,dsp_map,199,3,21,0.21,0.08,high-share rough,7.959584653552545,1.0,0.0182703959039921,2,5,True,True,True
01,dsp_map,199,4,19,0.04,1.5,low-share smooth,0.0591590631819571,0.0,4.814750331962775e-05,28,46,False,False,False
01,dsp_map,199,5,72,0.04,1.5,low-share smooth,0.0383174446630467,0.0,0.0004184809119409,43,19,False,False,False
01,dsp_map,199,6,33,0.04,0.08,low-share rough,0.4988752086103091,1.0,0.0008667274404951,9,14,True,False,False
01,dsp_map,199,7,54,0.04,0.08,low-share rough,4.2957523509790585,1.0,0.0545171174731998,3,3,True,True,True
01,oracle_S,199,0,1,0.21,1.5,high-share smooth,0.3912594806465392,1.0,0.2296212810848307,3,2,True,True,True
01,oracle_S,199,1,39,0.21,1.5,high-share smooth,5.793870927489278,1.0,0.4201574775301946,1,1,True,True,True
01,oracle_S,199,2,48,0.21,0.08,high-share rough,2.926025231316039,1.0,0.2129848019522262,2,3,True,True,True
01,oracle_S,199,3,21,0.21,0.08,high-share rough,0.0026721697591484,0.0,7.233225049451116e-05,8,7,False,True,True
01,oracle_S,199,4,19,0.04,1.5,low-share smooth,0.131516267639681,0.0,0.0555500462019117,5,4,False,True,True
01,oracle_S,199,5,72,0.04,1.5,low-share smooth,0.1502169406901864,0.0,0.0175560514593199,4,5,False,True,True
01,oracle_S,199,6,33,0.04,0.08,low-share rough,0.0087985437309503,0.0,-0.0004413718798878,7,100,False,True,False
01,oracle_S,199,7,54,0.04,0.08,low-share rough,0.0245651412122701,0.0,0.0051518684712712,6,6,False,True,True
02,product-lengthscale,199,0,48,0.21,1.5,high-share smooth,2.153492124710923,1.0,0.0560613841502264,3,3,True,True,True
02,product-lengthscale,199,1,37,0.21,1.5,high-share smooth,0.0041045798166181,0.25,0.002723894027356,17,6,False,False,True
02,product-lengthscale,199,2,1,0.21,0.08,high-share rough,18.332410638144054,1.0,0.375977497057453,2,1,True,True,True
02,product-lengthscale,199,3,79,0.21,0.08,high-share rough,27.721835165509667,1.0,0.3645687042576199,1,2,True,True,True
02,product-lengthscale,199,4,33,0.04,1.5,low-share smooth,0.0023366364416064,0.0,-3.154749816105431e-05,44,66,False,False,False
02,product-lengthscale,199,5,17,0.04,1.5,low-share smooth,0.0009903608613809,0.0,0.0002005879782941,90,15,False,False,False
02,product-lengthscale,199,6,77,0.04,0.08,low-share rough,0.0038473372572964,0.0625,3.0506296521201302e-05,19,32,False,False,False
02,product-lengthscale,199,7,76,0.04,0.08,low-share rough,0.0524116940906172,0.375,-0.0033986061662178,5,99,False,True,False
02,additive-lengthscale,199,0,48,0.21,1.5,high-share smooth,136.24586192792486,1.0,0.2593095198187512,2,2,True,True,True
02,additive-lengthscale,199,1,37,0.21,1.5,high-share smooth,2.535749634088924,1.0,0.1992469342187877,6,3,True,True,True
02,additive-lengthscale,199,2,1,0.21,0.08,high-share rough,43.08612080127573,1.0,0.2836609571251152,3,1,True,True,True
02,additive-lengthscale,199,3,79,0.21,0.08,high-share rough,223.3148131566873,1.0,0.1537391622407979,1,4,True,True,True
02,additive-lengthscale,199,4,33,0.04,1.5,low-share smooth,0.0666721633838741,0.3125,0.0094802972984848,7,7,False,True,True
02,additive-lengthscale,199,5,17,0.04,1.5,low-share smooth,0.0113724578157898,0.0,0.0011362612954111,9,9,False,False,False
02,additive-lengthscale,199,6,77,0.04,0.08,low-share rough,17.360327028519535,1.0,0.0462759995940348,5,5,True,True,True
02,additive-lengthscale,199,7,76,0.04,0.08,low-share rough,20.83929773188765,1.0,0.0416459369049009,4,6,True,True,True
02,product-amplitude,199,0,48,0.21,1.5,high-share smooth,0.0629182244797434,1.0,0.3283728113382902,2,1,True,True,True
02,product-amplitude,199,1,37,0.21,1.5,high-share smooth,0.007346030020957,0.1875,0.1409168979244363,5,4,False,True,True
02,product-amplitude,199,2,1,0.21,0.08,high-share rough,0.0412079590583019,0.9375,0.2292395939875579,3,3,True,True,True
02,product-amplitude,199,3,79,0.21,0.08,high-share rough,0.1017020461372434,1.0,0.2591389137682491,1,2,True,True,True
02,product-amplitude,199,4,33,0.04,1.5,low-share smooth,0.0013823151525749,0.0,0.0162683567337876,6,6,False,True,True
02,product-amplitude,199,5,17,0.04,1.5,low-share smooth,3.408447189355251e-05,0.0,0.0005654878382798,25,8,False,False,True
02,product-amplitude,199,6,77,0.04,0.08,low-share rough,0.008841313856597,0.0,0.0188152679895321,4,5,False,True,True
02,product-amplitude,199,7,76,0.04,0.08,low-share rough,1.1102975646103868e-05,0.0,9.37086725177004e-06,84,44,False,False,False
02,additive-amplitude,199,0,48,0.21,1.5,high-share smooth,0.0576794528608965,0.875,0.1274524026740075,3,4,True,True,True
02,additive-amplitude,199,1,37,0.21,1.5,high-share smooth,0.0429013067429382,0.6875,0.1750587085686464,4,3,True,True,True
02,additive-amplitude,199,2,1,0.21,0.08,high-share rough,0.0641074565793172,1.0,0.2683087181235405,2,2,True,True,True
02,additive-amplitude,199,3,79,0.21,0.08,high-share rough,0.1248860322637389,1.0,0.3279107898774815,1,1,True,True,True
02,additive-amplitude,199,4,33,0.04,1.5,low-share smooth,4.859153198006556e-05,0.0,0.0002138345453472,51,17,False,False,False
02,additive-amplitude,199,5,17,0.04,1.5,low-share smooth,0.0030644147916427,0.0,0.0202977375852343,7,7,False,True,True
02,additive-amplitude,199,6,77,0.04,0.08,low-share rough,0.0113000771007933,0.1875,0.0460985505466648,5,5,False,True,True
02,additive-amplitude,199,7,76,0.04,0.08,low-share rough,0.0074419316921751,0.1875,0.0262454835345898,6,6,False,True,True
02,dsp_map,199,0,48,0.21,1.5,high-share smooth,2.384813649571744,1.0,0.0185281960815493,4,6,True,True,True
02,dsp_map,199,1,37,0.21,1.5,high-share smooth,0.397410065570959,1.0,0.0019017578650788,17,13,True,False,False
02,dsp_map,199,2,1,0.21,0.08,high-share rough,5.830086115118893,1.0,0.1050283920630115,3,2,True,True,True
02,dsp_map,199,3,79,0.21,0.08,high-share rough,32.87020605538139,1.0,0.6419826621736836,1,1,True,True,True
02,dsp_map,199,4,33,0.04,1.5,low-share smooth,0.6622541918366498,1.0,-0.000140313441415,9,62,True,False,False
02,dsp_map,199,5,17,0.04,1.5,low-share smooth,0.3725522281972447,1.0,0.0099884032744473,18,8,True,False,True
02,dsp_map,199,6,77,0.04,0.08,low-share rough,5.929931464740728,1.0,-0.0098229356856073,2,100,True,True,False
02,dsp_map,199,7,76,0.04,0.08,low-share rough,1.6677812115562831,1.0,0.0129492642819353,5,7,True,True,True
02,oracle_S,199,0,48,0.21,1.5,high-share smooth,4.0469986970761,1.0,0.1137054614883931,2,3,True,True,True
02,oracle_S,199,1,37,0.21,1.5,high-share smooth,0.6563070267064781,1.0,0.3717679320496112,3,1,True,True,True
02,oracle_S,199,2,1,0.21,0.08,high-share rough,14.492869315320666,1.0,0.3008174395028898,1,2,True,True,True
02,oracle_S,199,3,79,0.21,0.08,high-share rough,0.0658470514683378,0.0,0.0093109449500666,7,6,False,True,True
02,oracle_S,199,4,33,0.04,1.5,low-share smooth,0.100052917888591,0.0,0.0269084864336371,6,5,False,True,True
02,oracle_S,199,5,17,0.04,1.5,low-share smooth,0.1387398561410492,0.0,0.0500385875759945,4,4,False,True,True
02,oracle_S,199,6,77,0.04,0.08,low-share rough,0.1309249333348046,0.0,0.0009900966802069,5,7,False,True,True
02,oracle_S,199,7,76,0.04,0.08,low-share rough,0.0089783236956566,0.0,0.0004341159612587,8,8,False,True,True
03,product-lengthscale,199,0,59,0.21,1.5,high-share smooth,4.145421376097652,1.0,0.1645085132087677,3,2,True,True,True
03,product-lengthscale,199,1,18,0.21,1.5,high-share smooth,0.8745394987335011,1.0,0.0502169976428249,4,4,True,True,True
03,product-lengthscale,199,2,14,0.21,0.08,high-share rough,26.163974255059948,1.0,0.1385253379358613,1,3,True,True,True
03,product-lengthscale,199,3,29,0.21,0.08,high-share rough,12.56696932672488,1.0,0.1835496071497059,2,1,True,True,True
03,product-lengthscale,199,4,27,0.04,1.5,low-share smooth,0.2474493091413321,0.875,0.0040759934062825,6,7,True,True,True
03,product-lengthscale,199,5,82,0.04,1.5,low-share smooth,0.0598435508029168,0.25,0.0043051800304323,7,6,False,True,True
03,product-lengthscale,199,6,67,0.04,0.08,low-share rough,0.2598342945869695,0.8125,0.0083093227849339,5,5,True,True,True
03,product-lengthscale,199,7,38,0.04,0.08,low-share rough,0.0013932184390934,0.0,0.0001526842870696,14,12,False,False,False
03,additive-lengthscale,199,0,59,0.21,1.5,high-share smooth,5.032033009499658,1.0,0.1988945677887938,3,3,True,True,True
03,additive-lengthscale,199,1,18,0.21,1.5,high-share smooth,4.601715661381425,1.0,0.1879754033756937,4,4,True,True,True
03,additive-lengthscale,199,2,14,0.21,0.08,high-share rough,103.08136301141867,1.0,0.2908017703874416,2,1,True,True,True
03,additive-lengthscale,199,3,29,0.21,0.08,high-share rough,115.80058609822224,1.0,0.2743559323435965,1,2,True,True,True
03,additive-lengthscale,199,4,27,0.04,1.5,low-share smooth,0.6981543190874989,1.0,0.017273678301295,5,6,True,True,True
03,additive-lengthscale,199,5,82,0.04,1.5,low-share smooth,0.1544374641322819,0.5,0.024659089599672,6,5,False,True,True
03,additive-lengthscale,199,6,67,0.04,0.08,low-share rough,0.0231053382828309,0.0625,0.0036739145980111,7,7,False,True,True
03,additive-lengthscale,199,7,38,0.04,0.08,low-share rough,0.0017752192406302,0.0,9.582388455873726e-05,12,15,False,False,False
03,product-amplitude,199,0,59,0.21,1.5,high-share smooth,0.0002549666352476,0.0,0.0017840419117241,16,11,False,False,False
03,product-amplitude,199,1,18,0.21,1.5,high-share smooth,0.0147984837009073,0.25,0.1560874472637657,4,3,False,True,True
03,product-amplitude,199,2,14,0.21,0.08,high-share rough,0.0699947094376637,1.0,0.276071631565062,2,2,True,True,True
03,product-amplitude,199,3,29,0.21,0.08,high-share rough,0.0806503462501814,1.0,0.4183626552557735,1,1,True,True,True
03,product-amplitude,199,4,27,0.04,1.5,low-share smooth,0.0038569227553373,0.0625,0.011413359261937,5,7,False,True,True
03,product-amplitude,199,5,82,0.04,1.5,low-share smooth,0.0034277473090302,0.125,0.0149252391408673,6,5,False,True,True
03,product-amplitude,199,6,67,0.04,0.08,low-share rough,0.0291817769944026,0.6875,0.0797744221440852,3,4,True,True,True
03,product-amplitude,199,7,38,0.04,0.08,low-share rough,0.0001065157694719,0.0,0.000105769473567,57,46,False,False,False
03,additive-amplitude,199,0,59,0.21,1.5,high-share smooth,0.0874825600483995,1.0,0.2419101962851686,2,2,True,True,True
03,additive-amplitude,199,1,18,0.21,1.5,high-share smooth,0.0940606806562637,0.9375,0.2786552655592544,1,1,True,True,True
03,additive-amplitude,199,2,14,0.21,0.08,high-share rough,0.0775754436935916,1.0,0.2153729068044114,3,3,True,True,True
03,additive-amplitude,199,3,29,0.21,0.08,high-share rough,0.0440996928161581,0.875,0.1278075922889615,4,4,True,True,True
03,additive-amplitude,199,4,27,0.04,1.5,low-share smooth,0.0058904983053609,0.0625,0.0396953585801052,6,6,False,True,True
03,additive-amplitude,199,5,82,0.04,1.5,low-share smooth,0.0004762292043143,0.0,0.0034431231713945,8,7,False,True,True
03,additive-amplitude,199,6,67,0.04,0.08,low-share rough,0.0415830405386069,0.875,0.0873750585544798,5,5,True,True,True
03,additive-amplitude,199,7,38,0.04,0.08,low-share rough,0.0025270585660225,0.0,0.0016967651582672,7,8,False,True,True
03,dsp_map,199,0,59,0.21,1.5,high-share smooth,5.97031539868012,1.0,-0.0991589351379615,4,100,True,True,False
03,dsp_map,199,1,18,0.21,1.5,high-share smooth,0.1939807882460817,1.0,0.0029084178459108,24,13,True,False,False
03,dsp_map,199,2,14,0.21,0.08,high-share rough,34.15677387467928,1.0,-0.0869277957821831,1,99,True,True,False
03,dsp_map,199,3,29,0.21,0.08,high-share rough,25.264817132244705,1.0,0.3639192866178816,2,1,True,True,True
03,dsp_map,199,4,27,0.04,1.5,low-share smooth,0.2968905938176377,1.0,0.0010721658161759,15,23,True,False,False
03,dsp_map,199,5,82,0.04,1.5,low-share smooth,0.1347523519894003,0.0,-0.0028620337406897,34,89,False,False,False
03,dsp_map,199,6,67,0.04,0.08,low-share rough,0.2410737043197249,1.0,0.0019259372932749,20,18,True,False,False
03,dsp_map,199,7,38,0.04,0.08,low-share rough,2.7333526994045143,1.0,-0.0147437528462559,5,95,True,True,False
03,oracle_S,199,0,59,0.21,1.5,high-share smooth,10.692047534954089,1.0,0.4010289103726895,3,1,True,True,True
03,oracle_S,199,1,18,0.21,1.5,high-share smooth,1.2655176895977691,1.0,0.0573757012193546,4,4,True,True,True
03,oracle_S,199,2,14,0.21,0.08,high-share rough,15.415231736989814,1.0,0.0603945546964145,2,3,True,True,True
03,oracle_S,199,3,29,0.21,0.08,high-share rough,19.17293885393931,1.0,0.2087832016606411,1,2,True,True,True
03,oracle_S,199,4,27,0.04,1.5,low-share smooth,0.5690153540891844,1.0,0.0092579932651238,6,6,True,True,True
03,oracle_S,199,5,82,0.04,1.5,low-share smooth,0.3631315166203617,1.0,0.0038609597750376,7,7,True,True,True
03,oracle_S,199,6,67,0.04,0.08,low-share rough,0.2176219007228107,1.0,-0.0071425148845151,8,100,True,True,False
03,oracle_S,199,7,38,0.04,0.08,low-share rough,0.5883386594326779,1.0,0.0209579542252633,5,5,True,True,True
04,product-lengthscale,199,0,97,0.21,1.5,high-share smooth,1.3088907764805895,0.8125,0.2612755339738428,1,2,True,True,True
04,product-lengthscale,199,1,5,0.21,1.5,high-share smooth,0.3431396257004925,0.6875,0.2003408421388032,2,3,True,True,True
04,product-lengthscale,199,2,73,0.21,0.08,high-share rough,0.010368461828457,0.0,0.0029414435899345,7,8,False,True,True
04,product-lengthscale,199,3,8,0.21,0.08,high-share rough,0.0217498866269524,0.0,0.0171193456892862,5,6,False,True,True
04,product-lengthscale,199,4,14,0.04,1.5,low-share smooth,0.1293243834473898,0.4375,0.3296286840221133,3,1,False,True,True
04,product-lengthscale,199,5,45,0.04,1.5,low-share smooth,0.0109682500363026,0.0,0.0499820385514396,6,5,False,True,True
04,product-lengthscale,199,6,38,0.04,0.08,low-share rough,0.0487709198210052,0.4375,0.0630784627710613,4,4,False,True,True
04,product-lengthscale,199,7,16,0.04,0.08,low-share rough,0.0035089674111354,0.0,0.0077965486123963,8,7,False,True,True
04,additive-lengthscale,199,0,97,0.21,1.5,high-share smooth,0.6211792037047958,0.8125,0.0823053972338743,4,4,True,True,True
04,additive-lengthscale,199,1,5,0.21,1.5,high-share smooth,1.4359743691551672,1.0,0.3088450786583711,2,2,True,True,True
04,additive-lengthscale,199,2,73,0.21,0.08,high-share rough,180.11997251609228,1.0,0.3835954292802191,1,1,True,True,True
04,additive-lengthscale,199,3,8,0.21,0.08,high-share rough,0.3607162657187598,0.75,0.0355522705643403,5,6,True,True,True
04,additive-lengthscale,199,4,14,0.04,1.5,low-share smooth,0.9579872556652944,0.875,0.1111745133387688,3,3,True,True,True
04,additive-lengthscale,199,5,45,0.04,1.5,low-share smooth,0.2049847453590831,0.6875,0.0408385056950787,6,5,True,True,True
04,additive-lengthscale,199,6,38,0.04,0.08,low-share rough,0.0870855097596724,0.375,0.0190644608651007,7,7,False,True,True
04,additive-lengthscale,199,7,16,0.04,0.08,low-share rough,0.0102028117613836,0.0,0.0016200502586827,8,9,False,True,False
04,product-amplitude,199,0,97,0.21,1.5,high-share smooth,0.020002725150291,0.5,0.2386196795353847,5,2,False,True,True
04,product-amplitude,199,1,5,0.21,1.5,high-share smooth,0.0213401538405348,0.5,0.2049120593387831,4,3,False,True,True
04,product-amplitude,199,2,73,0.21,0.08,high-share rough,0.0015427947403776,0.0,0.0033396141324803,8,8,False,True,True
04,product-amplitude,199,3,8,0.21,0.08,high-share rough,0.0325767756138935,0.8125,0.0561445148108143,3,5,True,True,True
04,product-amplitude,199,4,14,0.04,1.5,low-share smooth,0.0384805000479959,0.8125,0.3317622162987148,2,1,True,True,True
04,product-amplitude,199,5,45,0.04,1.5,low-share smooth,0.0015871984097156,0.0,0.0156939796184484,7,7,False,True,True
04,product-amplitude,199,6,38,0.04,0.08,low-share rough,0.0388080920631212,0.9375,0.0938178416299014,1,4,True,True,True
04,product-amplitude,199,7,16,0.04,0.08,low-share rough,0.0132059449905618,0.25,0.0338158404533144,6,6,False,True,True
04,additive-amplitude,199,0,97,0.21,1.5,high-share smooth,0.017770639880863,0.4375,0.1750656163244036,6,3,False,True,True
04,additive-amplitude,199,1,5,0.21,1.5,high-share smooth,0.0637167697616979,0.9375,0.2822790323919472,1,1,True,True,True
04,additive-amplitude,199,2,73,0.21,0.08,high-share rough,0.0606343666495209,1.0,0.1389315377676578,2,4,True,True,True
04,additive-amplitude,199,3,8,0.21,0.08,high-share rough,0.0445477655523631,0.9375,0.115353322889739,3,5,True,True,True
04,additive-amplitude,199,4,14,0.04,1.5,low-share smooth,0.0193317664646992,0.5,0.2087494075929207,5,2,False,True,True
04,additive-amplitude,199,5,45,0.04,1.5,low-share smooth,4.306398469688559e-05,0.0,4.368756283166451e-05,78,38,False,False,False
04,additive-amplitude,199,6,38,0.04,0.08,low-share rough,0.0327473350417071,0.75,0.0460373063899434,4,6,True,True,True
04,additive-amplitude,199,7,16,0.04,0.08,low-share rough,0.0160124773322032,0.375,0.0277700065283297,7,7,False,True,True
04,dsp_map,199,0,97,0.21,1.5,high-share smooth,1.243889517284479,1.0,0.0846385740743041,5,3,True,True,True
04,dsp_map,199,1,5,0.21,1.5,high-share smooth,6.5537191081657005,1.0,0.4278060108487204,2,1,True,True,True
04,dsp_map,199,2,73,0.21,0.08,high-share rough,25.38854564203731,1.0,0.3488363548912172,1,2,True,True,True
04,dsp_map,199,3,8,0.21,0.08,high-share rough,0.0255162276203627,0.0,-4.57849763079309e-05,90,63,False,False,False
04,dsp_map,199,4,14,0.04,1.5,low-share smooth,0.4665547808860958,1.0,0.0070422356772842,13,8,True,False,True
04,dsp_map,199,5,45,0.04,1.5,low-share smooth,0.6514657948973879,1.0,0.0078387947619886,10,7,True,False,True
04,dsp_map,199,6,38,0.04,0.08,low-share rough,0.7054992151346692,1.0,-0.0150213629014321,7,100,True,True,False
04,dsp_map,199,7,16,0.04,0.08,low-share rough,1.8028700903307884,1.0,0.0343744206537784,3,5,True,True,True
04,oracle_S,199,0,97,0.21,1.5,high-share smooth,0.0297803349151823,0.0,0.2531113731620776,3,1,False,True,True
04,oracle_S,199,1,5,0.21,1.5,high-share smooth,0.09920222671263,0.0,0.1924894128297936,2,3,False,True,True
04,oracle_S,199,2,73,0.21,0.08,high-share rough,8.358822296597804,1.0,0.2340756303697069,1,2,True,True,True
04,oracle_S,199,3,8,0.21,0.08,high-share rough,0.0084370955909972,0.0,0.0290842199655152,6,6,False,True,True
04,oracle_S,199,4,14,0.04,1.5,low-share smooth,0.0210148555071517,0.0,0.1540698395138996,4,4,False,True,True
04,oracle_S,199,5,45,0.04,1.5,low-share smooth,0.0130856086927337,0.0,0.0766409446496952,5,5,False,True,True
04,oracle_S,199,6,38,0.04,0.08,low-share rough,0.0031417753992475,0.0,0.0076694793539672,8,8,False,True,True
04,oracle_S,199,7,16,0.04,0.08,low-share rough,0.0036671374726243,0.0,0.0130932915744627,7,7,False,True,True
05,product-lengthscale,199,0,86,0.21,1.5,high-share smooth,0.6009264310411995,0.9375,0.0476342352100942,5,4,True,True,True
05,product-lengthscale,199,1,91,0.21,1.5,high-share smooth,0.3317683328235121,0.875,0.0190168572308587,8,6,True,True,True
05,product-lengthscale,199,2,3,0.21,0.08,high-share rough,37.96613592206093,1.0,0.204703609552237,1,2,True,True,True
05,product-lengthscale,199,3,94,0.21,0.08,high-share rough,35.22779358831588,1.0,0.3902507195621234,2,1,True,True,True
05,product-lengthscale,199,4,16,0.04,1.5,low-share smooth,0.3856049030583677,1.0,-0.0086729598410779,7,100,True,True,False
05,product-lengthscale,199,5,8,0.04,1.5,low-share smooth,0.5064652225454873,1.0,0.0044048257645833,6,7,True,True,True
05,product-lengthscale,199,6,26,0.04,0.08,low-share rough,6.296183997787191,1.0,0.1066211970559239,3,3,True,True,True
05,product-lengthscale,199,7,36,0.04,0.08,low-share rough,1.390053968133459,1.0,0.0329341024260129,4,5,True,True,True
05,additive-lengthscale,199,0,86,0.21,1.5,high-share smooth,1.02922819053211,1.0,0.173258709078762,8,3,True,True,True
05,additive-lengthscale,199,1,91,0.21,1.5,high-share smooth,1.5386604337097736,1.0,0.1514882721484019,7,4,True,True,True
05,additive-lengthscale,199,2,3,0.21,0.08,high-share rough,212.5050229555937,1.0,0.268585182138191,1,1,True,True,True
05,additive-lengthscale,199,3,94,0.21,0.08,high-share rough,51.42985409615707,1.0,0.2023414944588754,2,2,True,True,True
05,additive-lengthscale,199,4,16,0.04,1.5,low-share smooth,3.206252606348205,1.0,0.0399225062874941,6,6,True,True,True
05,additive-lengthscale,199,5,8,0.04,1.5,low-share smooth,4.090819124429378,1.0,0.0867117267150604,5,5,True,True,True
05,additive-lengthscale,199,6,26,0.04,0.08,low-share rough,30.21553172784793,1.0,0.0395513328127869,3,7,True,True,True
05,additive-lengthscale,199,7,36,0.04,0.08,low-share rough,10.465450752988872,1.0,0.0368797206886157,4,8,True,True,True
05,product-amplitude,199,0,86,0.21,1.5,high-share smooth,0.0123532532638249,0.25,0.2402593084793165,4,1,False,True,True
05,product-amplitude,199,1,91,0.21,1.5,high-share smooth,0.0076465513713732,0.125,0.0893787629503874,8,4,False,True,True
05,product-amplitude,199,2,3,0.21,0.08,high-share rough,0.052870742435937,1.0,0.2137800334714818,2,3,True,True,True
05,product-amplitude,199,3,94,0.21,0.08,high-share rough,0.0610517324084759,1.0,0.2309216038016089,1,2,True,True,True
05,product-amplitude,199,4,16,0.04,1.5,low-share smooth,0.0109278478870787,0.25,0.0548913644974208,6,6,False,True,True
05,product-amplitude,199,5,8,0.04,1.5,low-share smooth,0.0163633904860168,0.3125,0.0891060513760776,3,5,False,True,True
05,product-amplitude,199,6,26,0.04,0.08,low-share rough,0.0086926926497196,0.125,0.0250266602672676,7,8,False,True,True
05,product-amplitude,199,7,36,0.04,0.08,low-share rough,0.0110960873184795,0.25,0.0442231068329833,5,7,False,True,True
05,additive-amplitude,199,0,86,0.21,1.5,high-share smooth,0.0249881467905779,0.625,0.2197500446571408,5,2,True,True,True
05,additive-amplitude,199,1,91,0.21,1.5,high-share smooth,0.0388321381651891,0.75,0.2447280904690372,4,1,True,True,True
05,additive-amplitude,199,2,3,0.21,0.08,high-share rough,0.0773023912216273,1.0,0.187805569402929,1,3,True,True,True
05,additive-amplitude,199,3,94,0.21,0.08,high-share rough,0.0772547189011082,1.0,0.1628547538591513,2,4,True,True,True
05,additive-amplitude,199,4,16,0.04,1.5,low-share smooth,0.0097589407374112,0.3125,0.0241782842884842,8,7,False,True,True
05,additive-amplitude,199,5,8,0.04,1.5,low-share smooth,0.0230616918161571,0.625,0.0541468584872239,6,6,True,True,True
05,additive-amplitude,199,6,26,0.04,0.08,low-share rough,0.0107458872094675,0.1875,0.0168152671553146,7,8,False,True,True
05,additive-amplitude,199,7,36,0.04,0.08,low-share rough,0.0388670718525799,0.8125,0.0846164072650477,3,5,True,True,True
05,dsp_map,199,0,86,0.21,1.5,high-share smooth,0.874385985673239,1.0,0.0219997186124105,5,6,True,True,True
05,dsp_map,199,1,91,0.21,1.5,high-share smooth,0.2722818035563636,1.0,0.00353906225373,16,11,True,False,False
05,dsp_map,199,2,3,0.21,0.08,high-share rough,23.219270282254147,1.0,0.2761521050996425,2,2,True,True,True
05,dsp_map,199,3,94,0.21,0.08,high-share rough,27.953627783219503,1.0,0.1938288420057513,1,4,True,True,True
05,dsp_map,199,4,16,0.04,1.5,low-share smooth,0.3526969674730789,1.0,-0.0003241305743507,13,77,True,False,False
05,dsp_map,199,5,8,0.04,1.5,low-share smooth,0.505604910256644,1.0,-0.0121952324020499,10,98,True,False,False
05,dsp_map,199,6,26,0.04,0.08,low-share rough,17.34674463683896,1.0,0.2131290273040766,3,3,True,True,True
05,dsp_map,199,7,36,0.04,0.08,low-share rough,12.639848694784716,1.0,0.5103682916803123,4,1,True,True,True
05,oracle_S,199,0,86,0.21,1.5,high-share smooth,0.2677284591026985,1.0,0.340793761729618,3,1,True,True,True
05,oracle_S,199,1,91,0.21,1.5,high-share smooth,0.1337638781004788,0.0,0.1388639063750381,6,3,False,True,True
05,oracle_S,199,2,3,0.21,0.08,high-share rough,0.7721573245203069,1.0,0.1235012679282879,2,4,True,True,True
05,oracle_S,199,3,94,0.21,0.08,high-share rough,0.1512637618140419,0.0,0.1051673029284904,5,5,False,True,True
05,oracle_S,199,4,16,0.04,1.5,low-share smooth,0.9141344869437354,1.0,0.2315956093671997,1,2,True,True,True
05,oracle_S,199,5,8,0.04,1.5,low-share smooth,0.2099939831416389,1.0,0.0172666634379155,4,6,True,True,True
05,oracle_S,199,6,26,0.04,0.08,low-share rough,0.1099841796470378,0.0,0.0036067471466964,7,8,False,True,True
05,oracle_S,199,7,36,0.04,0.08,low-share rough,0.1023773915692813,0.0,0.0037928512881612,8,7,False,True,True
06,product-lengthscale,199,0,27,0.21,1.5,high-share smooth,0.6734179690490008,0.9375,0.1559299532921376,4,3,True,True,True
06,product-lengthscale,199,1,11,0.21,1.5,high-share smooth,1.0955578032494389,0.9375,0.3822518467517249,3,1,True,True,True
06,product-lengthscale,199,2,21,0.21,0.08,high-share rough,12.144914674339198,1.0,0.1403760620612561,2,4,True,True,True
06,product-lengthscale,199,3,80,0.21,0.08,high-share rough,20.792369922064943,1.0,0.1649594205726664,1,2,True,True,True
06,product-lengthscale,199,4,2,0.04,1.5,low-share smooth,0.0002569890063738,0.0,-4.31194462881488e-06,31,54,False,False,False
06,product-lengthscale,199,5,55,0.04,1.5,low-share smooth,0.1132838130876827,0.25,0.0246293487942892,5,5,False,True,True
06,product-lengthscale,199,6,79,0.04,0.08,low-share rough,0.0003489786410538,0.0,-1.5172329283071528e-05,11,78,False,False,False
06,product-lengthscale,199,7,67,0.04,0.08,low-share rough,0.0651925329187805,0.1875,0.0011837927760494,6,6,False,True,True
06,additive-lengthscale,199,0,27,0.21,1.5,high-share smooth,2.9503700609995778,1.0,0.2377420042154678,4,3,True,True,True
06,additive-lengthscale,199,1,11,0.21,1.5,high-share smooth,0.7127468778916494,0.875,0.0969303190704001,5,4,True,True,True
06,additive-lengthscale,199,2,21,0.21,0.08,high-share rough,108.96932786228808,1.0,0.2950805007700939,2,1,True,True,True
06,additive-lengthscale,199,3,80,0.21,0.08,high-share rough,137.55300582522136,1.0,0.2706959094491328,1,2,True,True,True
06,additive-lengthscale,199,4,2,0.04,1.5,low-share smooth,0.3046014105646055,0.8125,0.039299613102137,6,6,True,True,True
06,additive-lengthscale,199,5,55,0.04,1.5,low-share smooth,0.1096972350122189,0.4375,0.0167217984038598,7,7,False,True,True
06,additive-lengthscale,199,6,79,0.04,0.08,low-share rough,22.93162647393759,1.0,0.0420011969690981,3,5,True,True,True
06,additive-lengthscale,199,7,67,0.04,0.08,low-share rough,0.0128604535893777,0.0,0.0008830499965,8,8,False,True,True
06,product-amplitude,199,0,27,0.21,1.5,high-share smooth,0.0213157771870751,0.5625,0.3072586925250471,3,1,True,True,True
06,product-amplitude,199,1,11,0.21,1.5,high-share smooth,0.0147039913041763,0.25,0.1609848894156551,4,4,False,True,True
06,product-amplitude,199,2,21,0.21,0.08,high-share rough,0.0624558470152382,1.0,0.2720043260420473,1,2,True,True,True
06,product-amplitude,199,3,80,0.21,0.08,high-share rough,0.0587473081708544,1.0,0.2100906665138527,2,3,True,True,True
06,product-amplitude,199,4,2,0.04,1.5,low-share smooth,2.518589763380965e-05,0.0,8.920621275395585e-06,71,54,False,False,False
06,product-amplitude,199,5,55,0.04,1.5,low-share smooth,0.003633344505266,0.0,0.028464447692324,7,5,False,True,True
06,product-amplitude,199,6,79,0.04,0.08,low-share rough,0.0064358599974952,0.0,0.0100547069958671,5,6,False,True,True
06,product-amplitude,199,7,67,0.04,0.08,low-share rough,0.0048500937585698,0.0,0.0071000972725523,6,7,False,True,True
06,additive-amplitude,199,0,27,0.21,1.5,high-share smooth,0.0532913140389025,0.9375,0.2473843812867355,3,3,True,True,True
06,additive-amplitude,199,1,11,0.21,1.5,high-share smooth,0.0065048730412432,0.1875,0.0533299493507798,7,5,False,True,True
06,additive-amplitude,199,2,21,0.21,0.08,high-share rough,0.0078976031731292,0.0625,0.0096497296526841,5,9,False,True,False
06,additive-amplitude,199,3,80,0.21,0.08,high-share rough,0.1251374442454071,1.0,0.2904593432711944,1,1,True,True,True
06,additive-amplitude,199,4,2,0.04,1.5,low-share smooth,0.0035097294848189,0.0,0.0267891838204974,8,6,False,True,True
06,additive-amplitude,199,5,55,0.04,1.5,low-share smooth,0.0148805264846349,0.4375,0.05791094961083,4,4,False,True,True
06,additive-amplitude,199,6,79,0.04,0.08,low-share rough,0.0070268188536567,0.0625,0.0236851056389374,6,7,False,True,True
06,additive-amplitude,199,7,67,0.04,0.08,low-share rough,0.0855247776515344,0.875,0.270152697811587,2,2,True,True,True
06,dsp_map,199,0,27,0.21,1.5,high-share smooth,11.629587642452949,1.0,0.320611499908929,3,1,True,True,True
06,dsp_map,199,1,11,0.21,1.5,high-share smooth,0.4554327353990464,1.0,-0.004503014407197,11,96,True,False,False
06,dsp_map,199,2,21,0.21,0.08,high-share rough,19.242444393353004,1.0,0.0887737718272115,2,4,True,True,True
06,dsp_map,199,3,80,0.21,0.08,high-share rough,20.105748564181606,1.0,0.1278078618443144,1,3,True,True,True
06,dsp_map,199,4,2,0.04,1.5,low-share smooth,0.0308384087704155,0.0,0.0003658599120526,38,27,False,False,False
06,dsp_map,199,5,55,0.04,1.5,low-share smooth,0.0212392066478508,0.0,3.495238261333731e-05,53,50,False,False,False
06,dsp_map,199,6,79,0.04,0.08,low-share rough,1.9983861490880337,1.0,0.0167295183088,6,5,True,True,True
06,dsp_map,199,7,67,0.04,0.08,low-share rough,10.535648567657324,1.0,-0.0176368657100332,4,100,True,True,False
06,oracle_S,199,0,27,0.21,1.5,high-share smooth,0.9123564603217312,1.0,0.2836780070738513,2,1,True,True,True
06,oracle_S,199,1,11,0.21,1.5,high-share smooth,0.3872434311483721,1.0,0.2808118901747413,3,2,True,True,True
06,oracle_S,199,2,21,0.21,0.08,high-share rough,0.0031895891727607,0.0,-0.0001933962807315,8,100,False,True,False
06,oracle_S,199,3,80,0.21,0.08,high-share rough,19.46960855320251,1.0,0.2583066853816942,1,3,True,True,True
06,oracle_S,199,4,2,0.04,1.5,low-share smooth,0.0644891105402853,0.0,0.0530897014055312,4,4,False,True,True
06,oracle_S,199,5,55,0.04,1.5,low-share smooth,0.0602039208235167,0.0,0.0463693804698784,5,5,False,True,True
06,oracle_S,199,6,79,0.04,0.08,low-share rough,0.0090329737853146,0.0,-0.0001698773946461,7,99,False,True,False
06,oracle_S,199,7,67,0.04,0.08,low-share rough,0.0180193674042038,0.0,0.0006507447762765,6,6,False,True,True
07,product-lengthscale,199,0,58,0.21,1.5,high-share smooth,0.9299402660671596,0.9375,0.3198890099514717,3,1,True,True,True
07,product-lengthscale,199,1,4,0.21,1.5,high-share smooth,0.5878300600058712,0.875,0.1917026463224368,4,3,True,True,True
07,product-lengthscale,199,2,76,0.21,0.08,high-share rough,20.907864483577043,1.0,0.0249570308667941,1,4,True,True,True
07,product-lengthscale,199,3,13,0.21,0.08,high-share rough,12.346262068986409,1.0,0.226615887529808,2,2,True,True,True
07,product-lengthscale,199,4,83,0.04,1.5,low-share smooth,0.1147943688089779,0.375,0.0126397165464295,5,5,False,True,True
07,product-lengthscale,199,5,61,0.04,1.5,low-share smooth,0.0012334575090266,0.0,6.118860263590095e-05,7,14,False,True,False
07,product-lengthscale,199,6,45,0.04,0.08,low-share rough,0.0005225786721662,0.125,5.843331951894955e-05,20,16,False,False,False
07,product-lengthscale,199,7,30,0.04,0.08,low-share rough,0.0002474136933632,0.0,0.0001602907417091,86,8,False,False,True
07,additive-lengthscale,199,0,58,0.21,1.5,high-share smooth,0.1002289857793926,0.4375,0.0294879826539625,7,6,False,True,True
07,additive-lengthscale,199,1,4,0.21,1.5,high-share smooth,4.405563271272165,1.0,0.335619632844613,5,1,True,True,True
07,additive-lengthscale,199,2,76,0.21,0.08,high-share rough,121.90456220480549,1.0,0.221985374853822,1,3,True,True,True
07,additive-lengthscale,199,3,13,0.21,0.08,high-share rough,116.76748916948878,1.0,0.2539113206163738,2,2,True,True,True
07,additive-lengthscale,199,4,83,0.04,1.5,low-share smooth,19.685644941129738,1.0,0.0507828754733296,4,5,True,True,True
07,additive-lengthscale,199,5,61,0.04,1.5,low-share smooth,0.1819841691722349,0.5,0.0207993801076922,6,7,False,True,True
07,additive-lengthscale,199,6,45,0.04,0.08,low-share rough,0.0005892010476541,0.0625,6.598147170945106e-05,74,11,False,False,False
07,additive-lengthscale,199,7,30,0.04,0.08,low-share rough,53.83978361694532,1.0,0.0755776992335791,3,4,True,True,True
07,product-amplitude,199,0,58,0.21,1.5,high-share smooth,0.0171807689886626,0.3125,0.2715434928652007,4,2,False,True,True
07,product-amplitude,199,1,4,0.21,1.5,high-share smooth,0.0238841897125909,0.6875,0.3374569187119855,3,1,True,True,True
07,product-amplitude,199,2,76,0.21,0.08,high-share rough,0.0549356009251319,1.0,0.1813720169424783,1,3,True,True,True
07,product-amplitude,199,3,13,0.21,0.08,high-share rough,0.0342685095148712,0.875,0.1638120497918827,2,4,True,True,True
07,product-amplitude,199,4,83,0.04,1.5,low-share smooth,0.0098838199982633,0.0625,0.0097998911318482,5,7,False,True,True
07,product-amplitude,199,5,61,0.04,1.5,low-share smooth,3.728447888077914e-05,0.0,4.486441570423307e-06,34,70,False,False,False
07,product-amplitude,199,6,45,0.04,0.08,low-share rough,0.0083943461826794,0.0,0.0126661675642124,6,6,False,True,True
07,product-amplitude,199,7,30,0.04,0.08,low-share rough,0.006518586058464,0.125,0.0186757167770498,7,5,False,True,True
07,additive-amplitude,199,0,58,0.21,1.5,high-share smooth,0.0010864013822352,0.0625,0.022698923996543,8,7,False,True,True
07,additive-amplitude,199,1,4,0.21,1.5,high-share smooth,0.0367615295346365,0.8125,0.2993762095306862,4,1,True,True,True
07,additive-amplitude,199,2,76,0.21,0.08,high-share rough,0.080227817860729,1.0,0.2473075863078959,2,2,True,True,True
07,additive-amplitude,199,3,13,0.21,0.08,high-share rough,0.0497912960686564,0.9375,0.2340972594889379,3,3,True,True,True
07,additive-amplitude,199,4,83,0.04,1.5,low-share smooth,0.0845008270774582,1.0,0.0659418041410774,1,5,True,True,True
07,additive-amplitude,199,5,61,0.04,1.5,low-share smooth,0.0139356135488693,0.3125,0.0789738031546101,5,4,False,True,True
07,additive-amplitude,199,6,45,0.04,0.08,low-share rough,0.0033297362476934,0.0,0.0083154891774859,7,8,False,True,True
07,additive-amplitude,199,7,30,0.04,0.08,low-share rough,0.0106106145411772,0.0,0.0360588606255546,6,6,False,True,True
07,dsp_map,199,0,58,0.21,1.5,high-share smooth,0.0640682251554959,0.0,-0.0011970977418165,35,85,False,False,False
07,dsp_map,199,1,4,0.21,1.5,high-share smooth,0.3221895535108237,1.0,-0.0165329209851751,20,98,True,False,False
07,dsp_map,199,2,76,0.21,0.08,high-share rough,40.76247669566846,1.0,0.1644638922904725,1,3,True,True,True
07,dsp_map,199,3,13,0.21,0.08,high-share rough,19.572288484761746,1.0,0.2879981800395587,2,2,True,True,True
07,dsp_map,199,4,83,0.04,1.5,low-share smooth,1.2059586132836126,1.0,-0.0249810208896036,9,99,True,False,False
07,dsp_map,199,5,61,0.04,1.5,low-share smooth,0.0869231834922317,0.0,0.0021651733922243,30,15,False,False,False
07,dsp_map,199,6,45,0.04,0.08,low-share rough,0.2501398065054518,1.0,-0.0042275397267418,21,95,True,False,False
07,dsp_map,199,7,30,0.04,0.08,low-share rough,2.1364086302264966,1.0,0.0350280294671505,4,5,True,True,True
07,oracle_S,199,0,58,0.21,1.5,high-share smooth,0.2545179636058901,1.0,0.2421310389783464,3,1,True,True,True
07,oracle_S,199,1,4,0.21,1.5,high-share smooth,0.1754965066062477,1.0,0.1902608401883094,4,3,True,True,True
07,oracle_S,199,2,76,0.21,0.08,high-share rough,9.796598555433826,1.0,0.1603058241399295,1,4,True,True,True
07,oracle_S,199,3,13,0.21,0.08,high-share rough,6.179863787108624,1.0,0.2369715109605334,2,2,True,True,True
07,oracle_S,199,4,83,0.04,1.5,low-share smooth,0.0787755743915502,0.0,0.0374040403472979,6,5,False,True,True
07,oracle_S,199,5,61,0.04,1.5,low-share smooth,0.0339373486061882,0.0,0.0166286751893595,7,6,False,True,True
07,oracle_S,199,6,45,0.04,0.08,low-share rough,0.0054499334227584,0.0,3.107516985329579e-05,8,8,False,True,True
07,oracle_S,199,7,30,0.04,0.08,low-share rough,0.1341721959706693,0.0,0.0096009627321917,5,7,False,True,True
08,product-lengthscale,199,0,43,0.21,1.5,high-share smooth,0.2736311367553645,0.8125,0.23522768422672,4,2,True,True,True
08,product-lengthscale,199,1,38,0.21,1.5,high-share smooth,0.3752020142184277,0.875,0.297171299443056,3,1,True,True,True
08,product-lengthscale,199,2,13,0.21,0.08,high-share rough,0.000270235894051,0.0,6.212320653081746e-05,19,14,False,False,False
08,product-lengthscale,199,3,86,0.21,0.08,high-share rough,9.197664110895529,1.0,0.0961107071577543,1,4,True,True,True
08,product-lengthscale,199,4,33,0.04,1.5,low-share smooth,0.0235045543695549,0.0,0.0021864686030983,6,7,False,True,True
08,product-lengthscale,199,5,10,0.04,1.5,low-share smooth,0.1035641933392363,0.3125,0.0160389017268702,5,5,False,True,True
08,product-lengthscale,199,6,12,0.04,0.08,low-share rough,5.313774401765243,1.0,0.1046781531365171,2,3,True,True,True
08,product-lengthscale,199,7,91,0.04,0.08,low-share rough,0.0170837593562517,0.0,0.0037422033781991,7,6,False,True,True
08,additive-lengthscale,199,0,43,0.21,1.5,high-share smooth,3.0408830412518286,1.0,0.2400339068649979,5,2,True,True,True
08,additive-lengthscale,199,1,38,0.21,1.5,high-share smooth,0.9227631233759852,0.9375,0.1203157794349372,6,4,True,True,True
08,additive-lengthscale,199,2,13,0.21,0.08,high-share rough,56.114752566536254,1.0,0.2267783600365004,3,3,True,True,True
08,additive-lengthscale,199,3,86,0.21,0.08,high-share rough,118.20165052838342,1.0,0.2803109854411654,1,1,True,True,True
08,additive-lengthscale,199,4,33,0.04,1.5,low-share smooth,0.4838377793335602,0.875,0.047609021659331,7,5,True,True,True
08,additive-lengthscale,199,5,10,0.04,1.5,low-share smooth,0.0040263245878695,0.0625,0.0004839114910455,9,9,False,False,False
08,additive-lengthscale,199,6,12,0.04,0.08,low-share rough,76.1102356916391,1.0,0.0450425394233165,2,6,True,True,True
08,additive-lengthscale,199,7,91,0.04,0.08,low-share rough,40.67675141698932,0.75,0.036515976550087,4,7,True,True,True
08,product-amplitude,199,0,43,0.21,1.5,high-share smooth,0.0392538288093027,0.875,0.2812226639976642,3,1,True,True,True
08,product-amplitude,199,1,38,0.21,1.5,high-share smooth,0.0154803527632607,0.375,0.1959591472617619,4,4,False,True,True
08,product-amplitude,199,2,13,0.21,0.08,high-share rough,0.0744576634895203,1.0,0.1996747967912929,2,3,True,True,True
08,product-amplitude,199,3,86,0.21,0.08,high-share rough,0.0842293183700432,1.0,0.2523162045779218,1,2,True,True,True
08,product-amplitude,199,4,33,0.04,1.5,low-share smooth,0.0071180386689901,0.125,0.0307580748407788,6,5,False,True,True
08,product-amplitude,199,5,10,0.04,1.5,low-share smooth,0.0003967579562656,0.0,0.0035198122197797,8,8,False,True,True
08,product-amplitude,199,6,12,0.04,0.08,low-share rough,0.0149102103672295,0.1875,0.0203581970315012,5,6,False,True,True
08,product-amplitude,199,7,91,0.04,0.08,low-share rough,0.0012894528704314,0.0,0.0096036868451352,7,7,False,True,True
08,additive-amplitude,199,0,43,0.21,1.5,high-share smooth,0.0346173300336131,0.6875,0.2610939194218792,5,1,True,True,True
08,additive-amplitude,199,1,38,0.21,1.5,high-share smooth,0.0001193911560111,0.125,0.0086151220518898,12,9,False,False,False
08,additive-amplitude,199,2,13,0.21,0.08,high-share rough,0.1235009211014142,1.0,0.2409131253015674,2,2,True,True,True
08,additive-amplitude,199,3,86,0.21,0.08,high-share rough,0.0351708810969195,0.8125,0.0579643801910717,4,7,True,True,True
08,additive-amplitude,199,4,33,0.04,1.5,low-share smooth,0.0099896697187354,0.1875,0.0582620016313906,7,6,False,True,True
08,additive-amplitude,199,5,10,0.04,1.5,low-share smooth,0.0049367134660993,0.0,0.0344949309563506,8,8,False,True,True
08,additive-amplitude,199,6,12,0.04,0.08,low-share rough,0.0465079746849382,0.9375,0.0825278061790119,3,4,True,True,True
08,additive-amplitude,199,7,91,0.04,0.08,low-share rough,0.1251779364588654,0.9375,0.1889299579766747,1,3,True,True,True
08,dsp_map,199,0,43,0.21,1.5,high-share smooth,0.0810874971489178,0.0,0.0070196816911197,34,8,False,False,True
08,dsp_map,199,1,38,0.21,1.5,high-share smooth,0.3124740240371577,1.0,-0.0066165415581379,16,92,True,False,False
08,dsp_map,199,2,13,0.21,0.08,high-share rough,16.357024994317033,1.0,0.1000715148324057,2,2,True,True,True
08,dsp_map,199,3,86,0.21,0.08,high-share rough,17.492665402105732,1.0,-0.1678638120303677,1,100,True,True,False
08,dsp_map,199,4,33,0.04,1.5,low-share smooth,0.018862932690813,0.0,0.0001375473343037,80,43,False,False,False
08,dsp_map,199,5,10,0.04,1.5,low-share smooth,0.0631346109296459,0.0,0.0041152696466802,39,11,False,False,False
08,dsp_map,199,6,12,0.04,0.08,low-share rough,7.304277399850026,1.0,-0.0159163919739269,3,99,True,True,False
08,dsp_map,199,7,91,0.04,0.08,low-share rough,5.399551074916934,1.0,0.3088930442062862,4,1,True,True,True
08,oracle_S,199,0,43,0.21,1.5,high-share smooth,0.4024190559538466,1.0,0.281171298721696,4,1,True,True,True
08,oracle_S,199,1,38,0.21,1.5,high-share smooth,0.331034607175545,1.0,0.1747972445954919,5,3,True,True,True
08,oracle_S,199,2,13,0.21,0.08,high-share rough,1.9097698154664076,1.0,0.1074709168705427,3,4,True,True,True
08,oracle_S,199,3,86,0.21,0.08,high-share rough,8.386224351523635,1.0,0.2003064363071218,1,2,True,True,True
08,oracle_S,199,4,33,0.04,1.5,low-share smooth,0.1464488027967767,0.0,0.0296279146072135,6,6,False,True,True
08,oracle_S,199,5,10,0.04,1.5,low-share smooth,0.1201344438604333,0.0,0.021435392759602,7,7,False,True,True
08,oracle_S,199,6,12,0.04,0.08,low-share rough,4.1026507817993885,1.0,0.0355730220289938,2,5,True,True,True
08,oracle_S,199,7,91,0.04,0.08,low-share rough,0.11657083945124,0.0,0.0159801507848165,8,8,False,True,True
09,product-lengthscale,199,0,96,0.21,1.5,high-share smooth,0.2940814640180411,0.875,0.0033281649214343,6,5,True,True,True
09,product-lengthscale,199,1,12,0.21,1.5,high-share smooth,0.5193164750945863,0.6875,0.0134058399121408,5,2,True,True,True
09,product-lengthscale,199,2,74,0.21,0.08,high-share rough,128.4949666911824,1.0,0.8993859500459123,1,1,True,True,True
09,product-lengthscale,199,3,31,0.21,0.08,high-share rough,0.5336294297887323,1.0,0.0063222098451528,4,3,True,True,True
09,product-lengthscale,199,4,17,0.04,1.5,low-share smooth,0.0051650401873596,0.0625,0.0005651154202698,12,8,False,False,True
09,product-lengthscale,199,5,63,0.04,1.5,low-share smooth,0.5519355424850712,1.0,-0.0025038481902589,3,100,True,True,False
09,product-lengthscale,199,6,23,0.04,0.08,low-share rough,0.7761514734572832,1.0,0.0037887064470846,2,4,True,True,True
09,product-lengthscale,199,7,80,0.04,0.08,low-share rough,0.2800807210175936,1.0,0.0027207241880232,7,6,True,True,True
09,additive-lengthscale,199,0,96,0.21,1.5,high-share smooth,1.992840819508885,1.0,0.1493349176359277,6,3,True,True,True
09,additive-lengthscale,199,1,12,0.21,1.5,high-share smooth,2.4205258630953024,1.0,0.2325480568145293,5,2,True,True,True
09,additive-lengthscale,199,2,74,0.21,0.08,high-share rough,325.93567416968216,1.0,0.1381907315207398,1,4,True,True,True
09,additive-lengthscale,199,3,31,0.21,0.08,high-share rough,132.06603205794022,1.0,0.2692856930706814,2,1,True,True,True
09,additive-lengthscale,199,4,17,0.04,1.5,low-share smooth,0.470780877401159,1.0,0.0580470661782016,8,6,True,True,True
09,additive-lengthscale,199,5,63,0.04,1.5,low-share smooth,1.4947971454313325,1.0,0.0434476363144312,7,8,True,True,True
09,additive-lengthscale,199,6,23,0.04,0.08,low-share rough,19.760175888714837,1.0,0.0629132376966446,4,5,True,True,True
09,additive-lengthscale,199,7,80,0.04,0.08,low-share rough,52.9885893103818,1.0,0.0451456917080626,3,7,True,True,True
09,product-amplitude,199,0,96,0.21,1.5,high-share smooth,0.0230166613071626,0.5625,0.1076195899824853,4,4,True,True,True
09,product-amplitude,199,1,12,0.21,1.5,high-share smooth,0.0276713349268925,0.6875,0.3295060116491809,3,1,True,True,True
09,product-amplitude,199,2,74,0.21,0.08,high-share rough,0.0638866802146363,1.0,0.1466587046927017,2,3,True,True,True
09,product-amplitude,199,3,31,0.21,0.08,high-share rough,0.0701792070526556,1.0,0.2893035384095448,1,2,True,True,True
09,product-amplitude,199,4,17,0.04,1.5,low-share smooth,0.0032347314285978,0.0,0.0243277886525467,8,7,False,True,True
09,product-amplitude,199,5,63,0.04,1.5,low-share smooth,0.0076607238462912,0.125,0.0401213596252293,7,5,False,True,True
09,product-amplitude,199,6,23,0.04,0.08,low-share rough,0.0084458829319934,0.0625,0.0343665140513751,6,6,False,True,True
09,product-amplitude,199,7,80,0.04,0.08,low-share rough,0.0120344728434875,0.125,0.023779006456871,5,8,False,True,True
09,additive-amplitude,199,0,96,0.21,1.5,high-share smooth,0.0112419575154007,0.3125,0.0853261685303052,7,4,False,True,True
09,additive-amplitude,199,1,12,0.21,1.5,high-share smooth,0.0517349213804959,0.9375,0.2617267838898032,3,2,True,True,True
09,additive-amplitude,199,2,74,0.21,0.08,high-share rough,0.1288328500157958,1.0,0.1847670096692538,1,3,True,True,True
09,additive-amplitude,199,3,31,0.21,0.08,high-share rough,0.1231418475107705,1.0,0.2829959395392112,2,1,True,True,True
09,additive-amplitude,199,4,17,0.04,1.5,low-share smooth,0.0058198458507455,0.125,0.034958208011601,8,7,False,True,True
09,additive-amplitude,199,5,63,0.04,1.5,low-share smooth,0.0264896215674535,0.625,0.0772898035410352,4,5,True,True,True
09,additive-amplitude,199,6,23,0.04,0.08,low-share rough,0.0206932051503618,0.5,0.0500384374148262,5,6,False,True,True
09,additive-amplitude,199,7,80,0.04,0.08,low-share rough,0.0134172948714688,0.1875,0.0206664533004589,6,8,False,True,True
09,dsp_map,199,0,96,0.21,1.5,high-share smooth,0.1632006193051102,1.0,-0.0003760940167629,16,84,True,False,False
09,dsp_map,199,1,12,0.21,1.5,high-share smooth,0.1174988282877995,0.0,-0.0003271677479441,24,80,False,False,False
09,dsp_map,199,2,74,0.21,0.08,high-share rough,25.44111782544961,1.0,0.6383682804953481,1,1,True,True,True
09,dsp_map,199,3,31,0.21,0.08,high-share rough,3.9369276515143983,1.0,0.0757325014800659,3,3,True,True,True
09,dsp_map,199,4,17,0.04,1.5,low-share smooth,0.7636595110665145,1.0,0.0154837998711276,9,7,True,False,True
09,dsp_map,199,5,63,0.04,1.5,low-share smooth,0.131740689009232,0.0,0.000873041654969,21,22,False,False,False
09,dsp_map,199,6,23,0.04,0.08,low-share rough,4.594790309550261,1.0,0.0701498655045296,2,4,True,True,True
09,dsp_map,199,7,80,0.04,0.08,low-share rough,2.012591286936958,1.0,0.021429689254034,6,5,True,True,True
09,oracle_S,199,0,96,0.21,1.5,high-share smooth,0.7074478513257352,1.0,0.193455404213023,4,3,True,True,True
09,oracle_S,199,1,12,0.21,1.5,high-share smooth,0.7318764765306626,1.0,0.2962920182158009,3,1,True,True,True
09,oracle_S,199,2,74,0.21,0.08,high-share rough,1.3311462055138856,1.0,0.0712550830365488,2,4,True,True,True
09,oracle_S,199,3,31,0.21,0.08,high-share rough,10.552780727461462,1.0,0.2773888820449864,1,2,True,True,True
09,oracle_S,199,4,17,0.04,1.5,low-share smooth,0.1582489904656818,1.0,0.0385295244920039,8,5,True,True,True
09,oracle_S,199,5,63,0.04,1.5,low-share smooth,0.4159803533024658,1.0,0.0366614438988321,6,6,True,True,True
09,oracle_S,199,6,23,0.04,0.08,low-share rough,0.4331894425094071,1.0,-0.0002040616553891,5,100,True,True,False
09,oracle_S,199,7,80,0.04,0.08,low-share rough,0.4070667420303273,1.0,0.0150072509022713,7,7,True,True,True
