method,cls,n,frac_detected,frac_top8_native,frac_top8_sobol,median_native_rank,median_sobol_rank,median_native_median,median_p_active,median_sobol_hat
product-lengthscale,high-share smooth,20,0.9,0.95,1.0,3.5,3.0,0.5943782455235354,0.875,0.13898181776687785
product-lengthscale,high-share rough,20,0.8,0.95,0.95,2.0,3.0,12.456615697855645,1.0,0.14836926883772736
product-lengthscale,low-share smooth,20,0.2,0.8,0.65,6.0,7.0,0.0695991473371234,0.25,0.0041905867183574
product-lengthscale,low-share rough,20,0.35,0.7,0.65,6.5,6.5,0.035622913322119996,0.15625,0.00323146378311115
additive-lengthscale,high-share smooth,20,0.95,1.0,1.0,5.0,3.0,2.2066833413020936,1.0,0.19907075100379074
additive-lengthscale,high-share rough,20,1.0,1.0,1.0,1.5,2.0,120.05310636659445,1.0,0.25596321268030797
additive-lengthscale,low-share smooth,20,0.65,0.9,0.9,6.0,6.0,0.39116541156112805,0.84375,0.03961105969481555
additive-lengthscale,low-share rough,20,0.55,0.85,0.8,4.5,7.0,13.912888890754203,0.84375,0.03669784861935135
product-amplitude,high-share smooth,20,0.45,0.95,0.95,4.0,2.5,0.02065925116868305,0.5,0.23718380321158566
product-amplitude,high-share rough,20,0.95,1.0,1.0,2.0,3.0,0.061550027985725606,1.0,0.22150981372951983
product-amplitude,low-share smooth,20,0.05,0.8,0.9,7.0,6.0,0.003331239368814,0.0625,0.01530960937965785
product-amplitude,low-share rough,20,0.1,0.85,0.85,6.0,7.0,0.008420114557336399,0.0625,0.0156709421706311
additive-amplitude,high-share smooth,20,0.7,0.95,0.95,4.0,2.0,0.0377968338499128,0.71875,0.22927670807926936
additive-amplitude,high-share rough,20,0.95,1.0,0.95,2.0,3.0,0.0789016307771603,1.0,0.2015892381036702
additive-amplitude,low-share smooth,20,0.15,0.9,0.9,6.5,6.0,0.0098743052280733,0.1875,0.0373267832958531
additive-amplitude,low-share rough,20,0.35,0.85,0.85,6.0,6.0,0.01235868598613105,0.1875,0.03191443357694215
dsp_map,high-share smooth,20,0.75,0.35,0.35,16.0,13.0,0.3173317887739907,1.0,0.00220454873550425
dsp_map,high-share rough,20,0.95,0.95,0.85,2.0,3.0,19.839018524471676,1.0,0.11641812695366294
dsp_map,low-share smooth,20,0.45,0.0,0.2,24.5,22.5,0.13324652049931615,0.0,0.00064576128345495
dsp_map,low-share rough,20,0.95,0.8,0.55,4.5,6.5,2.074499958581727,1.0,0.01483939129536765
oracle_S,high-share smooth,20,0.85,1.0,1.0,3.0,2.0,0.3892514558974557,1.0,0.23587616003158857
oracle_S,high-share rough,20,0.75,1.0,0.95,2.0,3.5,4.383517287366991,1.0,0.1553818818033626
oracle_S,low-share smooth,20,0.3,1.0,1.0,6.0,5.0,0.1348370073968607,0.0,0.0379667824196509
oracle_S,low-share rough,20,0.3,1.0,0.75,7.0,7.5,0.10618078560815955,0.0,0.0036997992174288
