family,method,seed,t_best,n_S,n_S_at_bound,n_all_at_bound
aligned3,product-lengthscale,00,157,3,2,98
aligned3,product-lengthscale,01,20,3,3,47
aligned3,product-lengthscale,02,188,3,1,98
aligned3,product-lengthscale,03,179,3,1,98
aligned3,product-lengthscale,04,132,3,1,98
aligned3,product-lengthscale,05,188,3,1,98
aligned3,product-lengthscale,06,89,3,2,99
aligned3,product-lengthscale,07,157,3,1,98
aligned3,product-lengthscale,08,24,3,3,87
aligned3,product-lengthscale,09,140,3,1,98
aligned3,additive-lengthscale,00,162,3,2,99
aligned3,additive-lengthscale,01,54,3,2,99
aligned3,additive-lengthscale,02,34,3,1,98
aligned3,additive-lengthscale,03,110,3,1,98
aligned3,additive-lengthscale,04,187,3,1,98
aligned3,additive-lengthscale,05,167,3,1,98
aligned3,additive-lengthscale,06,136,3,2,99
aligned3,additive-lengthscale,07,156,3,1,98
aligned3,additive-lengthscale,08,51,3,2,97
aligned3,additive-lengthscale,09,106,3,1,97
aligned3,product-amplitude,00,110,3,2,92
aligned3,product-amplitude,01,42,3,2,89
aligned3,product-amplitude,02,178,3,1,90
aligned3,product-amplitude,03,114,3,1,84
aligned3,product-amplitude,04,182,3,1,85
aligned3,product-amplitude,05,170,3,1,93
aligned3,product-amplitude,06,127,3,1,67
aligned3,product-amplitude,07,137,3,1,84
aligned3,product-amplitude,08,196,3,2,88
aligned3,product-amplitude,09,148,3,0,66
aligned3,additive-amplitude,00,147,3,2,78
aligned3,additive-amplitude,01,20,3,2,66
aligned3,additive-amplitude,02,70,3,1,80
aligned3,additive-amplitude,03,138,3,1,71
aligned3,additive-amplitude,04,174,3,1,78
aligned3,additive-amplitude,05,178,3,1,79
aligned3,additive-amplitude,06,193,3,1,82
aligned3,additive-amplitude,07,199,3,1,83
aligned3,additive-amplitude,08,175,3,2,87
aligned3,additive-amplitude,09,115,3,0,77
aligned3,sobol,00,140,3,0,0
aligned3,sobol,01,168,3,0,0
aligned3,sobol,02,148,3,0,0
aligned3,sobol,03,162,3,0,0
aligned3,sobol,04,199,3,0,0
aligned3,sobol,05,55,3,0,0
aligned3,sobol,06,137,3,0,0
aligned3,sobol,07,51,3,0,0
aligned3,sobol,08,199,3,0,0
aligned3,sobol,09,60,3,0,0
aligned3,dsp_map,00,67,3,2,22
aligned3,dsp_map,01,117,3,2,52
aligned3,dsp_map,02,101,3,1,54
aligned3,dsp_map,03,193,3,0,11
aligned3,dsp_map,04,184,3,1,50
aligned3,dsp_map,05,28,3,1,26
aligned3,dsp_map,06,185,3,2,76
aligned3,dsp_map,07,99,3,0,12
aligned3,dsp_map,08,46,3,2,37
aligned3,dsp_map,09,75,3,0,9
aligned3,oracle_S,00,76,3,2,2
aligned3,oracle_S,01,20,3,3,3
aligned3,oracle_S,02,101,3,1,1
aligned3,oracle_S,03,194,3,1,1
aligned3,oracle_S,04,150,3,1,1
aligned3,oracle_S,05,60,3,1,1
aligned3,oracle_S,06,172,3,2,2
aligned3,oracle_S,07,76,3,1,1
aligned3,oracle_S,08,20,3,3,3
aligned3,oracle_S,09,97,3,1,1
aligned10,product-lengthscale,00,163,10,8,98
aligned10,product-lengthscale,01,189,10,6,87
aligned10,product-lengthscale,02,85,10,8,98
aligned10,product-lengthscale,03,199,10,7,91
aligned10,product-lengthscale,04,137,10,7,93
aligned10,product-lengthscale,05,167,10,4,92
aligned10,product-lengthscale,06,167,10,8,98
aligned10,product-lengthscale,07,166,10,2,71
aligned10,product-lengthscale,08,189,10,9,99
aligned10,product-lengthscale,09,199,10,4,94
aligned10,additive-lengthscale,00,136,10,7,96
aligned10,additive-lengthscale,01,162,10,6,96
aligned10,additive-lengthscale,02,195,10,5,93
aligned10,additive-lengthscale,03,134,10,6,96
aligned10,additive-lengthscale,04,183,10,5,92
aligned10,additive-lengthscale,05,185,10,3,92
aligned10,additive-lengthscale,06,175,10,3,93
aligned10,additive-lengthscale,07,168,10,3,92
aligned10,additive-lengthscale,08,196,10,9,98
aligned10,additive-lengthscale,09,195,10,4,93
aligned10,product-amplitude,00,187,10,8,90
aligned10,product-amplitude,01,190,10,5,76
aligned10,product-amplitude,02,193,10,7,89
aligned10,product-amplitude,03,177,10,6,84
aligned10,product-amplitude,04,187,10,5,88
aligned10,product-amplitude,05,167,10,4,83
aligned10,product-amplitude,06,160,10,6,77
aligned10,product-amplitude,07,188,10,2,79
aligned10,product-amplitude,08,180,10,8,85
aligned10,product-amplitude,09,186,10,4,78
aligned10,additive-amplitude,00,196,10,7,79
aligned10,additive-amplitude,01,114,10,5,71
aligned10,additive-amplitude,02,187,10,4,73
aligned10,additive-amplitude,03,190,10,6,72
aligned10,additive-amplitude,04,189,10,5,72
aligned10,additive-amplitude,05,173,10,4,73
aligned10,additive-amplitude,06,181,10,5,79
aligned10,additive-amplitude,07,199,10,2,72
aligned10,additive-amplitude,08,171,10,8,88
aligned10,additive-amplitude,09,191,10,4,77
aligned10,sobol,00,199,10,0,0
aligned10,sobol,01,131,10,0,0
aligned10,sobol,02,120,10,0,0
aligned10,sobol,03,104,10,0,0
aligned10,sobol,04,128,10,0,0
aligned10,sobol,05,195,10,0,0
aligned10,sobol,06,106,10,0,0
aligned10,sobol,07,167,10,0,0
aligned10,sobol,08,93,10,0,0
aligned10,sobol,09,138,10,0,0
aligned10,dsp_map,00,165,10,8,44
aligned10,dsp_map,01,197,10,2,41
aligned10,dsp_map,02,147,10,4,29
aligned10,dsp_map,03,196,10,5,55
aligned10,dsp_map,04,138,10,3,38
aligned10,dsp_map,05,196,10,4,48
aligned10,dsp_map,06,109,10,4,22
aligned10,dsp_map,07,174,10,2,37
aligned10,dsp_map,08,134,10,7,47
aligned10,dsp_map,09,199,10,4,51
aligned10,oracle_S,00,22,10,10,10
aligned10,oracle_S,01,77,10,7,7
aligned10,oracle_S,02,185,10,8,8
aligned10,oracle_S,03,95,10,8,8
aligned10,oracle_S,04,66,10,4,4
aligned10,oracle_S,05,97,10,4,4
aligned10,oracle_S,06,37,10,7,7
aligned10,oracle_S,07,144,10,3,3
aligned10,oracle_S,08,189,10,9,9
aligned10,oracle_S,09,185,10,4,4
decoupled,product-lengthscale,00,186,8,7,99
decoupled,product-lengthscale,01,172,8,3,92
decoupled,product-lengthscale,02,199,8,4,90
decoupled,product-lengthscale,03,108,8,3,69
decoupled,product-lengthscale,04,37,8,8,100
decoupled,product-lengthscale,05,197,8,2,80
decoupled,product-lengthscale,06,72,8,5,61
decoupled,product-lengthscale,07,167,8,5,97
decoupled,product-lengthscale,08,185,8,6,98
decoupled,product-lengthscale,09,188,8,2,76
decoupled,additive-lengthscale,00,110,8,6,97
decoupled,additive-lengthscale,01,181,8,5,95
decoupled,additive-lengthscale,02,177,8,3,95
decoupled,additive-lengthscale,03,136,8,4,96
decoupled,additive-lengthscale,04,189,8,6,98
decoupled,additive-lengthscale,05,199,8,1,92
decoupled,additive-lengthscale,06,173,8,5,97
decoupled,additive-lengthscale,07,188,8,4,94
decoupled,additive-lengthscale,08,193,8,5,97
decoupled,additive-lengthscale,09,195,8,2,93
decoupled,product-amplitude,00,158,8,6,86
decoupled,product-amplitude,01,193,8,4,84
decoupled,product-amplitude,02,189,8,4,82
decoupled,product-amplitude,03,135,8,5,83
decoupled,product-amplitude,04,176,8,6,85
decoupled,product-amplitude,05,180,8,2,72
decoupled,product-amplitude,06,110,8,4,82
decoupled,product-amplitude,07,132,8,3,78
decoupled,product-amplitude,08,196,8,5,88
decoupled,product-amplitude,09,189,8,3,77
decoupled,additive-amplitude,00,181,8,6,79
decoupled,additive-amplitude,01,176,8,3,77
decoupled,additive-amplitude,02,157,8,3,74
decoupled,additive-amplitude,03,198,8,3,73
decoupled,additive-amplitude,04,161,8,6,81
decoupled,additive-amplitude,05,196,8,1,67
decoupled,additive-amplitude,06,178,8,4,73
decoupled,additive-amplitude,07,192,8,4,72
decoupled,additive-amplitude,08,127,8,5,74
decoupled,additive-amplitude,09,159,8,3,72
decoupled,sobol,00,192,8,0,0
decoupled,sobol,01,30,8,0,0
decoupled,sobol,02,191,8,0,0
decoupled,sobol,03,24,8,0,0
decoupled,sobol,04,90,8,0,0
decoupled,sobol,05,194,8,0,0
decoupled,sobol,06,196,8,0,0
decoupled,sobol,07,197,8,0,0
decoupled,sobol,08,163,8,0,0
decoupled,sobol,09,67,8,0,0
decoupled,dsp_map,00,130,8,5,28
decoupled,dsp_map,01,185,8,3,41
decoupled,dsp_map,02,112,8,3,13
decoupled,dsp_map,03,158,8,2,43
decoupled,dsp_map,04,186,8,5,58
decoupled,dsp_map,05,199,8,1,22
decoupled,dsp_map,06,166,8,3,32
decoupled,dsp_map,07,192,8,2,20
decoupled,dsp_map,08,172,8,4,25
decoupled,dsp_map,09,106,8,3,23
decoupled,oracle_S,00,74,8,5,5
decoupled,oracle_S,01,43,8,3,3
decoupled,oracle_S,02,75,8,5,5
decoupled,oracle_S,03,115,8,4,4
decoupled,oracle_S,04,146,8,7,7
decoupled,oracle_S,05,65,8,3,3
decoupled,oracle_S,06,66,8,5,5
decoupled,oracle_S,07,51,8,3,3
decoupled,oracle_S,08,68,8,6,6
decoupled,oracle_S,09,65,8,4,4
interaction_g0.25,product-lengthscale,00,182,5,3,98
interaction_g0.25,product-lengthscale,01,137,5,3,98
interaction_g0.25,product-lengthscale,02,169,5,3,97
interaction_g0.25,product-lengthscale,03,171,5,3,98
interaction_g0.25,product-lengthscale,04,177,5,3,98
interaction_g0.25,product-lengthscale,05,139,5,4,99
interaction_g0.25,product-lengthscale,06,182,5,3,98
interaction_g0.25,product-lengthscale,07,110,5,3,93
interaction_g0.25,product-lengthscale,08,158,5,4,97
interaction_g0.25,product-lengthscale,09,178,5,3,98
interaction_g0.25,additive-lengthscale,00,139,5,1,87
interaction_g0.25,additive-lengthscale,01,199,5,3,94
interaction_g0.25,additive-lengthscale,02,194,5,3,55
interaction_g0.25,additive-lengthscale,03,184,5,2,90
interaction_g0.25,additive-lengthscale,04,134,5,3,96
interaction_g0.25,additive-lengthscale,05,70,5,4,99
interaction_g0.25,additive-lengthscale,06,153,5,1,93
interaction_g0.25,additive-lengthscale,07,118,5,2,95
interaction_g0.25,additive-lengthscale,08,167,5,3,97
interaction_g0.25,additive-lengthscale,09,134,5,3,54
interaction_g0.25,product-amplitude,00,178,5,2,78
interaction_g0.25,product-amplitude,01,187,5,3,84
interaction_g0.25,product-amplitude,02,192,5,3,93
interaction_g0.25,product-amplitude,03,149,5,3,92
interaction_g0.25,product-amplitude,04,151,5,3,92
interaction_g0.25,product-amplitude,05,197,5,4,89
interaction_g0.25,product-amplitude,06,157,5,2,91
interaction_g0.25,product-amplitude,07,72,5,3,88
interaction_g0.25,product-amplitude,08,196,5,3,91
interaction_g0.25,product-amplitude,09,175,5,3,82
interaction_g0.25,additive-amplitude,00,195,5,2,61
interaction_g0.25,additive-amplitude,01,95,5,3,81
interaction_g0.25,additive-amplitude,02,174,5,3,58
interaction_g0.25,additive-amplitude,03,176,5,0,50
interaction_g0.25,additive-amplitude,04,177,5,3,69
interaction_g0.25,additive-amplitude,05,178,5,4,60
interaction_g0.25,additive-amplitude,06,182,5,1,26
interaction_g0.25,additive-amplitude,07,143,5,3,74
interaction_g0.25,additive-amplitude,08,183,5,4,48
interaction_g0.25,additive-amplitude,09,126,5,3,55
interaction_g0.25,sobol,00,110,5,0,0
interaction_g0.25,sobol,01,117,5,0,0
interaction_g0.25,sobol,02,40,5,0,0
interaction_g0.25,sobol,03,162,5,0,0
interaction_g0.25,sobol,04,199,5,0,0
interaction_g0.25,sobol,05,198,5,0,0
interaction_g0.25,sobol,06,185,5,0,0
interaction_g0.25,sobol,07,167,5,0,0
interaction_g0.25,sobol,08,103,5,0,0
interaction_g0.25,sobol,09,174,5,0,0
interaction_g0.25,dsp_map,00,185,5,3,78
interaction_g0.25,dsp_map,01,181,5,3,44
interaction_g0.25,dsp_map,02,153,5,3,82
interaction_g0.25,dsp_map,03,184,5,2,20
interaction_g0.25,dsp_map,04,109,5,4,57
interaction_g0.25,dsp_map,05,145,5,2,41
interaction_g0.25,dsp_map,06,185,5,4,74
interaction_g0.25,dsp_map,07,193,5,3,33
interaction_g0.25,dsp_map,08,47,5,2,29
interaction_g0.25,dsp_map,09,87,5,1,22
interaction_g0.25,oracle_S,00,180,5,3,3
interaction_g0.25,oracle_S,01,28,5,5,5
interaction_g0.25,oracle_S,02,89,5,3,3
interaction_g0.25,oracle_S,03,91,5,3,3
interaction_g0.25,oracle_S,04,66,5,3,3
interaction_g0.25,oracle_S,05,127,5,4,4
interaction_g0.25,oracle_S,06,165,5,3,3
interaction_g0.25,oracle_S,07,165,5,2,2
interaction_g0.25,oracle_S,08,117,5,4,4
interaction_g0.25,oracle_S,09,131,5,3,3
