method,family,n_coords,native_q10,native_median,native_q90,p_active_q10,p_active_median,p_active_q90,frac_p_gt_0_5,frac_p_gt_0_25,frac_p_gt_0,sobol_median
product-lengthscale,aligned3,30,0.32266557138490043,1.5673150308963435,4.005949856732392,0.9625000000000001,1.0,1.0,0.9333333333333333,0.9666666666666667,1.0,0.33545379455932633
product-lengthscale,aligned10,100,0.0006806628503983299,0.19211098687820555,1.5416315655380222,0.0,0.5625,1.0,0.53,0.64,0.79,0.0352977670868347
product-lengthscale,decoupled,80,0.0012091478442620301,0.2870810925178173,18.578406566536163,0.0,0.8125,1.0,0.5625,0.675,0.7875,0.023871507619270302
product-lengthscale,interaction_g0.25,50,0.19373944718235236,1.3372934858212588,3.200157376736476,0.675,1.0,1.0,0.92,0.94,1.0,0.1341945778771243
additive-lengthscale,aligned3,30,1.8398713140591194,4.543313609201078,29.586220001515983,1.0,1.0,1.0,1.0,1.0,1.0,0.3291577572187093
additive-lengthscale,aligned10,100,0.19421850553240605,2.5310378372084803,13.228208199055397,0.55,1.0,1.0,0.9,0.91,0.96,0.0903779597813954
additive-lengthscale,decoupled,80,0.022080849813485584,2.995626551125703,135.23420162943012,0.17500000000000004,1.0,1.0,0.7875,0.875,0.9375,0.0789415482337267
additive-lengthscale,interaction_g0.25,50,0.2154765219586665,5.420251021316651,231.53630515793768,0.5250000000000001,1.0,1.0,0.9,0.9,0.98,0.16161504324676165
product-amplitude,aligned3,30,0.05096173707286455,0.0854288470254276,0.1588919371661918,1.0,1.0,1.0,1.0,1.0,1.0,0.32795776532054033
product-amplitude,aligned10,100,0.00026923171402029003,0.01141870497071295,0.03760776470681585,0.0,0.1875,0.875,0.25,0.4,0.73,0.0665319778273719
product-amplitude,decoupled,80,0.00025432434844721997,0.012779599127193349,0.0644974831369391,0.0,0.25,1.0,0.3875,0.45,0.75,0.0822252604860534
product-amplitude,interaction_g0.25,50,0.01585447129600876,0.08755344747145725,0.1539697610919475,0.36250000000000004,1.0,1.0,0.84,0.9,1.0,0.16009377919833975
additive-amplitude,aligned3,30,0.09669423758419918,0.28672644040401607,0.6382858320144547,1.0,1.0,1.0,1.0,1.0,1.0,0.33368438624756913
additive-amplitude,aligned10,100,0.00077688173751803,0.0210373106442227,0.060511794057805914,0.0,0.5625,0.9375,0.51,0.68,0.85,0.08583092163579309
additive-amplitude,decoupled,80,0.0023829928476437707,0.0296184783045803,0.09696879734171462,0.0,0.65625,1.0,0.5375,0.675,0.8375,0.08497128789767644
additive-amplitude,interaction_g0.25,50,0.02432339594161257,0.1068157930026941,0.39378471691429123,0.625,1.0,1.0,0.92,0.96,0.96,0.1465776723329671
