method,family,native_off_max_median,native_off_max_max,native_off_median_median,runs_with_false_positive,false_positives_total
additive-amplitude,aligned10,0.0009955031794484,0.1146172617080175,6.232315502774168e-05,1,1
additive-amplitude,aligned3,3.824505712256686e-05,0.0017056043773047,6.981414779129732e-06,0,0
additive-amplitude,decoupled,0.00031068367188884997,0.0135962110309982,4.6647983925681466e-05,0,0
additive-amplitude,interaction_g0.25,0.08772689709731554,0.5905369465372978,2.743648213496519e-05,5,5
additive-lengthscale,aligned10,0.0048552907332732,0.0509585056072446,0.00150723077347005,0,0
additive-lengthscale,aligned3,6.651255221846939e-05,907.184638957104,2.3850852448766205e-05,2,194
additive-lengthscale,decoupled,0.0037944390642368,0.0215874015926886,0.0008962366559111,0,0
additive-lengthscale,interaction_g0.25,5.796268126694477,150098.69525412825,0.00018378605845310002,6,7
product-amplitude,aligned10,0.000616712924427,0.0122987633807791,6.0965819959575013e-05,0,0
product-amplitude,aligned3,2.4453868062198306e-05,0.0002147749656588,4.890800188714911e-06,0,0
product-amplitude,decoupled,0.00018227107553805,0.0017364657723099,4.122706650102817e-05,0,0
product-amplitude,interaction_g0.25,3.36890215096529e-05,8.40636413076098e-05,6.920360880007834e-06,0,0
product-lengthscale,aligned10,0.0016178857980323,0.1717207097460584,0.0003250350753275,1,1
product-lengthscale,aligned3,2.69324747583183e-05,8.606377596813214e-05,1.1003643099236881e-05,0,0
product-lengthscale,decoupled,0.0012807210795341,0.0750891717935626,0.00033651902259169996,0,0
product-lengthscale,interaction_g0.25,0.0001195296170846,0.0002213491952637,5.0848329007452763e-05,0,0
