family,method,seed,coord,native_median,p_active,sobol_hat
aligned3,product-lengthscale,00,9,3.3992744339359544,1.0,0.3023616613110314
aligned3,product-lengthscale,00,50,0.9681685214113644,1.0,0.332544889771766
aligned3,product-lengthscale,00,76,1.2825619234792835,1.0,0.3093409536100757
aligned3,product-lengthscale,01,1,0.0631375835002618,0.0625,0.2433825424266508
aligned3,product-lengthscale,01,39,2.562981702368886,1.0,0.3534443926758878
aligned3,product-lengthscale,01,48,0.6491263134888668,1.0,0.3526283303837749
aligned3,product-lengthscale,02,1,0.6606194017742087,1.0,0.3055164331205486
aligned3,product-lengthscale,02,37,0.8422486221591685,1.0,0.2918343263207975
aligned3,product-lengthscale,02,48,7.415774289255489,1.0,0.3840861455718032
aligned3,product-lengthscale,03,14,3.4789188512887748,1.0,0.3295287216646321
aligned3,product-lengthscale,03,18,2.3255255222604445,1.0,0.320082384191946
aligned3,product-lengthscale,03,59,2.282374799019469,1.0,0.399730729783413
aligned3,product-lengthscale,04,5,3.780846321906591,1.0,0.3400063925209561
aligned3,product-lengthscale,04,73,2.742454560372588,1.0,0.3883472003460805
aligned3,product-lengthscale,04,97,0.3371436896260505,1.0,0.2714520191180958
aligned3,product-lengthscale,05,3,0.5808147810032969,1.0,0.2983719525748061
aligned3,product-lengthscale,05,86,0.1200665568511668,0.375,0.3387505716453354
aligned3,product-lengthscale,05,91,1.5614955989157109,1.0,0.353990369338562
aligned3,product-lengthscale,06,11,1.790905924930606,1.0,0.3339974308194725
aligned3,product-lengthscale,06,21,0.1923625072145492,0.625,0.3369101582991802
aligned3,product-lengthscale,06,27,1.988903554385768,1.0,0.3148171477960986
aligned3,product-lengthscale,07,4,1.4403076715623269,1.0,0.3470705985031959
aligned3,product-lengthscale,07,58,4.01392308725997,1.0,0.35295646752296
aligned3,product-lengthscale,07,76,4.848001411601839,1.0,0.3495866517490741
aligned3,product-lengthscale,08,13,4.005063942229327,1.0,0.323668304176939
aligned3,product-lengthscale,08,38,1.296746542854837,1.0,0.343451145511534
aligned3,product-lengthscale,08,43,1.4379919621747348,1.0,0.3253702205361938
aligned3,product-lengthscale,09,12,1.5731344628769763,1.0,0.3483368594580069
aligned3,product-lengthscale,09,74,0.5736389246957465,1.0,0.2990390720422057
aligned3,product-lengthscale,09,96,2.48883949559995,1.0,0.3452466380989879
aligned3,additive-lengthscale,00,9,3.899431703234975,1.0,0.30405417113277
aligned3,additive-lengthscale,00,50,7.318824570757155,1.0,0.3557756587316886
aligned3,additive-lengthscale,00,76,2.321047724417532,1.0,0.3400875432082129
aligned3,additive-lengthscale,01,1,2.013919908497434,1.0,0.3246608823594004
aligned3,additive-lengthscale,01,39,5.19424754834403,1.0,0.3535851484151602
aligned3,additive-lengthscale,01,48,1.5545174532171584,1.0,0.3216513716735265
aligned3,additive-lengthscale,02,1,16.43789718865468,1.0,0.3349382766820846
aligned3,additive-lengthscale,02,37,40.18938310569614,1.0,0.3592612102749358
aligned3,additive-lengthscale,02,48,171.81496453027893,1.0,0.2118205629487218
aligned3,additive-lengthscale,03,14,4.570540546323115,1.0,0.2966121177577921
aligned3,additive-lengthscale,03,18,4.972687269184499,1.0,0.3415372698860536
aligned3,additive-lengthscale,03,59,3.0864231760454977,1.0,0.3618197666159822
aligned3,additive-lengthscale,04,5,8.365543261933656,1.0,0.3420053210659415
aligned3,additive-lengthscale,04,73,6.016636876898806,1.0,0.3075319459470514
aligned3,additive-lengthscale,04,97,1.573601469625669,1.0,0.3503981054934202
aligned3,additive-lengthscale,05,3,2.072751933875418,1.0,0.3555150161428381
aligned3,additive-lengthscale,05,86,2.9774506740134425,1.0,0.316750984737022
aligned3,additive-lengthscale,05,91,5.708758969855106,1.0,0.3252100312912666
aligned3,additive-lengthscale,06,11,4.516086672079042,1.0,0.3220003455612266
aligned3,additive-lengthscale,06,21,1.860994040918752,1.0,0.3623991890458947
aligned3,additive-lengthscale,06,27,2.631965095594868,1.0,0.3155135535959459
aligned3,additive-lengthscale,07,4,2.9202593415194658,1.0,0.3107935409922168
aligned3,additive-lengthscale,07,58,5.958880240015665,1.0,0.3516999314549562
aligned3,additive-lengthscale,07,76,4.920622158170829,1.0,0.3374541738428989
aligned3,additive-lengthscale,08,13,48.54985183796202,1.0,0.0543400765785912
aligned3,additive-lengthscale,08,38,26.89232837971976,1.0,0.0404345842109895
aligned3,additive-lengthscale,08,43,28.40809076771817,1.0,0.0808968753092335
aligned3,additive-lengthscale,09,12,1.649766772322425,1.0,0.333105483146152
aligned3,additive-lengthscale,09,74,2.159362788537916,1.0,0.3238594161384855
aligned3,additive-lengthscale,09,96,2.488941149467636,1.0,0.3430110060829565
aligned3,product-amplitude,00,9,0.1108705707118091,1.0,0.2770694041198029
aligned3,product-amplitude,00,50,0.1455172919182211,1.0,0.3529776385292364
aligned3,product-amplitude,00,76,0.079230081566771,1.0,0.3583748902460135
aligned3,product-amplitude,01,1,0.0313467128044967,0.9375,0.30409551268028
aligned3,product-amplitude,01,39,0.172564193921115,1.0,0.3645012308205193
aligned3,product-amplitude,01,48,0.0528149788293394,1.0,0.3281360127174648
aligned3,product-amplitude,02,1,0.0342825612645908,1.0,0.3107028444904554
aligned3,product-amplitude,02,37,0.0745823691349689,1.0,0.341389725654712
aligned3,product-amplitude,02,48,0.1895746701468861,1.0,0.3456072693425299
aligned3,product-amplitude,03,14,0.0958968536077794,1.0,0.3204327443050022
aligned3,product-amplitude,03,18,0.0857011048211067,1.0,0.3108751461327226
aligned3,product-amplitude,03,59,0.1582555342665861,1.0,0.3645558766790918
aligned3,product-amplitude,04,5,0.0741965672718009,1.0,0.3238099518732155
aligned3,product-amplitude,04,73,0.1104491396833794,1.0,0.3202797768037793
aligned3,product-amplitude,04,97,0.0330943903845948,0.9375,0.3538056431013404
aligned3,product-amplitude,05,3,0.0845511051147983,1.0,0.3194698163879796
aligned3,product-amplitude,05,86,0.0705590920802212,1.0,0.3511647774974609
aligned3,product-amplitude,05,91,0.0817096232515006,1.0,0.3277795179236158
aligned3,product-amplitude,06,11,0.0896115707146097,1.0,0.3335749750746262
aligned3,product-amplitude,06,21,0.0778454605826654,1.0,0.3293792302904833
aligned3,product-amplitude,06,27,0.1285896592237786,1.0,0.3347083008548959
aligned3,product-amplitude,07,4,0.0851565892297485,1.0,0.3623321102761639
aligned3,product-amplitude,07,58,0.0864746969687375,1.0,0.3202667618480602
aligned3,product-amplitude,07,76,0.1646195632626429,1.0,0.3161368182014214
aligned3,product-amplitude,08,13,0.1271814135827715,1.0,0.3239799698764621
aligned3,product-amplitude,08,38,0.0751267100638728,1.0,0.3484194413083262
aligned3,product-amplitude,08,43,0.0600779545419845,1.0,0.3246914815008553
aligned3,product-amplitude,09,12,0.0757358493143633,1.0,0.3232077773669266
aligned3,product-amplitude,09,74,0.1040650920084593,1.0,0.3227688976058611
aligned3,product-amplitude,09,96,0.1276312652080449,1.0,0.3517222269257872
aligned3,additive-amplitude,00,9,0.3053966967100594,1.0,0.2913966574865325
aligned3,additive-amplitude,00,50,0.603853386460932,1.0,0.383102305369817
aligned3,additive-amplitude,00,76,0.1462754644823605,1.0,0.3253170023070425
aligned3,additive-amplitude,01,1,0.047279624609189,1.0,0.2870219870956804
aligned3,additive-amplitude,01,39,0.6805574024205489,1.0,0.362119690536928
aligned3,additive-amplitude,01,48,0.1803423366983108,1.0,0.3506917227357755
aligned3,additive-amplitude,02,1,0.0966507818455008,1.0,0.308440882314097
aligned3,additive-amplitude,02,37,0.157963222766795,1.0,0.3315222590129156
aligned3,additive-amplitude,02,48,0.9335281308575744,1.0,0.3598990621777924
aligned3,additive-amplitude,03,14,0.3973141566949696,1.0,0.3224873527114889
aligned3,additive-amplitude,03,18,0.6343295753367361,1.0,0.3346166654473448
aligned3,additive-amplitude,03,59,0.6738921421139212,1.0,0.3428369845190643
aligned3,additive-amplitude,04,5,0.2610861962989397,1.0,0.3423854625155588
aligned3,additive-amplitude,04,73,0.6275174011512945,1.0,0.3232858329186678
aligned3,additive-amplitude,04,97,0.0737691983929282,1.0,0.3342414528879349
aligned3,additive-amplitude,05,3,0.2997683246587443,1.0,0.3404211094423088
aligned3,additive-amplitude,05,86,0.1368753296921728,1.0,0.3272837725504633
aligned3,additive-amplitude,05,91,0.1906998813008712,1.0,0.3311735394956696
aligned3,additive-amplitude,06,11,0.3706911024789884,1.0,0.3355444697411002
aligned3,additive-amplitude,06,21,0.3254027172314724,1.0,0.3562075131246884
aligned3,additive-amplitude,06,27,0.4100366514529402,1.0,0.308180761183704
aligned3,additive-amplitude,07,4,0.141779412916531,1.0,0.3331273196072034
aligned3,additive-amplitude,07,58,0.349690205323022,1.0,0.3408926286532373
aligned3,additive-amplitude,07,76,0.3257759867084765,1.0,0.3258686759997414
aligned3,additive-amplitude,08,13,0.3817661793892032,1.0,0.3622468972393818
aligned3,additive-amplitude,08,38,0.1141887183668741,1.0,0.3159044000533179
aligned3,additive-amplitude,08,43,0.0966990659996101,1.0,0.321781976660358
aligned3,additive-amplitude,09,12,0.2736845561492879,1.0,0.3214412811999336
aligned3,additive-amplitude,09,74,0.2460682859261562,1.0,0.3389468827419878
aligned3,additive-amplitude,09,96,0.178307127754996,1.0,0.3395519110747164
aligned10,product-lengthscale,00,9,0.1340096625039182,0.375,0.1356331398190834
aligned10,product-lengthscale,00,39,0.0142981623185952,0.0,0.0351096484281567
aligned10,product-lengthscale,00,41,0.0583233520629021,0.1875,0.1657941754240048
aligned10,product-lengthscale,00,46,0.0219198386163609,0.0,0.0259592857620216
aligned10,product-lengthscale,00,50,0.0231930439373322,0.0625,0.0260968713770573
aligned10,product-lengthscale,00,62,0.1601885762216015,0.5625,0.0488703932595588
aligned10,product-lengthscale,00,66,0.0605708156687752,0.0625,0.1943392340094769
aligned10,product-lengthscale,00,76,0.013500993426792,0.0,0.0546795887322504
aligned10,product-lengthscale,00,87,1.1038709672097538,1.0,0.3006526129994901
aligned10,product-lengthscale,00,91,8.337888866709214e-05,0.0,5.0230152506583895e-06
aligned10,product-lengthscale,01,1,1.058902746546399,1.0,0.3210660070363239
aligned10,product-lengthscale,01,19,0.1529336398553611,0.5,0.0308340355833325
aligned10,product-lengthscale,01,21,0.0895780526283252,0.25,0.0342968591155019
aligned10,product-lengthscale,01,25,0.0208628195873581,0.1875,0.0105111863286959
aligned10,product-lengthscale,01,30,0.0030900089898783,0.0625,0.0001400045493504
aligned10,product-lengthscale,01,33,1.0268087741898209,1.0,0.393491572341641
aligned10,product-lengthscale,01,39,0.0380225982953863,0.25,0.0075517375324781
aligned10,product-lengthscale,01,48,0.7196797979087369,0.9375,0.0775573155606923
aligned10,product-lengthscale,01,54,0.2276931124281557,0.6875,0.0356673480081707
aligned10,product-lengthscale,01,72,0.1817296045196314,0.5625,0.011257907624922
aligned10,product-lengthscale,02,1,0.0567946790145479,0.0625,0.0870847797592152
aligned10,product-lengthscale,02,11,0.0842252182641417,0.25,0.1284600545990024
aligned10,product-lengthscale,02,17,0.0112465757565721,0.0,0.007732247616482
aligned10,product-lengthscale,02,33,0.0642593283645733,0.3125,0.0817118806318922
aligned10,product-lengthscale,02,37,0.0144528987032903,0.0,0.014680118759591
aligned10,product-lengthscale,02,48,4.271514940570267,1.0,0.3533890837804286
aligned10,product-lengthscale,02,71,0.005443215562969,0.0,0.0058120956391413
aligned10,product-lengthscale,02,76,0.1072727767846963,0.375,0.0639752976912421
aligned10,product-lengthscale,02,77,0.5346727580486115,1.0,0.0344201147684196
aligned10,product-lengthscale,02,79,0.1000393398520617,0.3125,0.1357903436111233
aligned10,product-lengthscale,03,9,0.6104545297706133,1.0,0.0090155219688081
aligned10,product-lengthscale,03,14,0.7484744274145448,1.0,0.0031260324074818
aligned10,product-lengthscale,03,18,0.0004903188740171,0.0,5.4525640628125286e-05
aligned10,product-lengthscale,03,27,0.0035258054645331,0.0,-0.0001263840639772
aligned10,product-lengthscale,03,29,0.1304780995712484,0.3125,0.0037855922563638
aligned10,product-lengthscale,03,38,0.000684260698061,0.1875,0.0012141439986911
aligned10,product-lengthscale,03,41,11.92981730981604,1.0,0.8632077349954337
aligned10,product-lengthscale,03,59,0.7248724104297333,1.0,0.0073090770589602
aligned10,product-lengthscale,03,67,0.0003283897517534,0.0,-1.404816530625729e-05
aligned10,product-lengthscale,03,82,0.341517497260408,0.75,0.040093668911586
aligned10,product-lengthscale,04,5,0.0202540756420484,0.0,0.0078543143146855
aligned10,product-lengthscale,04,8,0.1410928464258362,0.5,0.1036525695179991
aligned10,product-lengthscale,04,14,0.3909910393708599,1.0,0.2048181479882702
aligned10,product-lengthscale,04,16,0.4344925584405631,1.0,0.0134346915444559
aligned10,product-lengthscale,04,26,0.106605725556715,0.3125,0.0952234702907466
aligned10,product-lengthscale,04,38,0.8410889181498393,1.0,0.1485688645065663
aligned10,product-lengthscale,04,45,1.1532610477170415,1.0,0.2078043556162987
aligned10,product-lengthscale,04,56,1.1366489873726922,1.0,0.0230032867893169
aligned10,product-lengthscale,04,73,0.0003022686025142,0.0625,0.0013821847742532
aligned10,product-lengthscale,04,97,0.358789036894153,0.6875,0.1598982611220503
aligned10,product-lengthscale,05,3,0.5048689280719741,1.0,0.1679626247821506
aligned10,product-lengthscale,05,8,0.0005202858999082,0.0,-3.0323157914297464e-05
aligned10,product-lengthscale,05,16,0.0022705492133545,0.0,0.0002775175951303
aligned10,product-lengthscale,05,26,0.2457625457621696,0.8125,0.0422157885001735
aligned10,product-lengthscale,05,36,0.3212337777896955,1.0,0.263068039523097
aligned10,product-lengthscale,05,53,0.0026088599029751,0.125,0.005400234321499
aligned10,product-lengthscale,05,85,0.0121439638098741,0.125,0.0258117594933898
aligned10,product-lengthscale,05,86,0.1925297992394535,0.5625,0.2555380934664204
aligned10,product-lengthscale,05,91,0.6957609444274191,1.0,0.134083928926927
aligned10,product-lengthscale,05,94,0.92548801774088,1.0,0.0199050359635958
aligned10,product-lengthscale,06,2,0.4413806575747048,1.0,0.1610937524658272
aligned10,product-lengthscale,06,11,0.1664382641510483,0.5,0.0923189050970783
aligned10,product-lengthscale,06,17,0.3367501732825654,0.5625,0.0781929638367555
aligned10,product-lengthscale,06,21,0.2883461275230991,0.8125,0.077884773758479
aligned10,product-lengthscale,06,27,0.3149630115271992,0.9375,0.0310996968077342
aligned10,product-lengthscale,06,35,2.128391852168388,1.0,0.2968730195436162
aligned10,product-lengthscale,06,55,0.0802965912493241,0.3125,0.0118008147903784
aligned10,product-lengthscale,06,67,1.540124340426532,1.0,0.0289198253826081
aligned10,product-lengthscale,06,79,0.9838753929955832,1.0,0.1768981697088155
aligned10,product-lengthscale,06,80,0.0002775994164145,0.0,-6.500337598762168e-06
aligned10,product-lengthscale,07,3,1.4618887122288668,1.0,0.0123744066462185
aligned10,product-lengthscale,07,4,0.0569466202333585,0.125,0.0041792678901174
aligned10,product-lengthscale,07,13,1.3272319371846997,1.0,0.0349541481971383
aligned10,product-lengthscale,07,30,0.2870991969140611,0.9375,-3.6833451019221046e-05
aligned10,product-lengthscale,07,38,1.555196591541434,1.0,0.0354858857455127
aligned10,product-lengthscale,07,45,1.4802380439075682,1.0,0.0129927939746482
aligned10,product-lengthscale,07,58,1.9854958720848348,0.9375,0.3999307430703885
aligned10,product-lengthscale,07,61,0.3254637695807982,1.0,0.0173604769028594
aligned10,product-lengthscale,07,76,1.8696716283978567,1.0,0.0236326720660918
aligned10,product-lengthscale,07,83,5.311265547983293,1.0,0.2407383405259391
aligned10,product-lengthscale,08,1,0.2979932644511396,1.0,0.0056542150807638
aligned10,product-lengthscale,08,9,7.05466702024841e-05,0.0,0.0001794465357094
aligned10,product-lengthscale,08,10,0.1315067796305055,0.375,0.0820940027685016
aligned10,product-lengthscale,08,12,0.0156047975842655,0.0625,0.054288267221938
aligned10,product-lengthscale,08,13,0.0002196645493372,0.0,8.145339067040722e-05
aligned10,product-lengthscale,08,33,9.390558520011962e-05,0.0,0.0008751196549051
aligned10,product-lengthscale,08,38,0.0295033050549183,0.0,0.0271340013521207
aligned10,product-lengthscale,08,43,0.0295556531336618,0.0,0.1187970216578586
aligned10,product-lengthscale,08,86,0.230842705873995,0.9375,0.5775021558479203
aligned10,product-lengthscale,08,91,0.0119590396444703,0.0,0.0804694320463955
aligned10,product-lengthscale,09,12,0.1916921745169576,0.625,0.0532601564990146
aligned10,product-lengthscale,09,17,1.1159101939008578,1.0,0.0821055116289518
aligned10,product-lengthscale,09,23,1.0350638216565664,1.0,0.1079115220615283
aligned10,product-lengthscale,09,31,1.8533885715609892,0.9375,0.0727147321583393
aligned10,product-lengthscale,09,49,7.258759042152148,1.0,0.2261445107633946
aligned10,product-lengthscale,09,54,0.2557652511838995,0.6875,0.0283737460820151
aligned10,product-lengthscale,09,63,1.901193577743376,1.0,0.1203479222079582
aligned10,product-lengthscale,09,74,0.0006482822214343,0.0,-5.571446680995119e-06
aligned10,product-lengthscale,09,80,1.1802274176702785,1.0,0.2028407166990319
aligned10,product-lengthscale,09,96,0.6979804704910895,1.0,0.0322496472885186
aligned10,additive-lengthscale,00,9,0.4550682722601481,0.875,0.1044263369368452
aligned10,additive-lengthscale,00,39,4.758508939948367,1.0,0.0745269128610499
aligned10,additive-lengthscale,00,41,0.8941445862027073,1.0,0.1274656900517926
aligned10,additive-lengthscale,00,46,0.2469721077823618,0.6875,0.0617489123087913
aligned10,additive-lengthscale,00,50,0.5722854851921404,0.875,0.0930757416550109
aligned10,additive-lengthscale,00,62,2.515748779168341,1.0,0.1377507284310277
aligned10,additive-lengthscale,00,66,0.4239765262307083,0.625,0.0599121139233558
aligned10,additive-lengthscale,00,76,0.7247585504029435,0.9375,0.0763635713322381
aligned10,additive-lengthscale,00,87,11.2387132525417,1.0,0.1759042813399266
aligned10,additive-lengthscale,00,91,1.141587868448955,1.0,0.0884480000524131
aligned10,additive-lengthscale,01,1,9.369293394447068,1.0,0.2517115675279421
aligned10,additive-lengthscale,01,19,3.692823099813922,1.0,0.0957855200565918
aligned10,additive-lengthscale,01,21,0.654888697789805,1.0,0.106348385410456
aligned10,additive-lengthscale,01,25,0.0516182293661491,0.25,0.0102665911812576
aligned10,additive-lengthscale,01,30,32.18343244439043,1.0,0.0767455725306801
aligned10,additive-lengthscale,01,33,1.650355608384482,0.9375,0.107166419437679
aligned10,additive-lengthscale,01,39,96.71559550431516,1.0,0.1383371368076552
aligned10,additive-lengthscale,01,48,2.613349411201267,0.5625,0.0229574457831609
aligned10,additive-lengthscale,01,54,0.8212995797256333,0.9375,0.0641109341984775
aligned10,additive-lengthscale,01,72,9.31425180254271,1.0,0.1241791152539429
aligned10,additive-lengthscale,02,1,1.6555337859038106,1.0,0.144546512331308
aligned10,additive-lengthscale,02,11,2.3038002044093684,1.0,0.0896774505815277
aligned10,additive-lengthscale,02,17,0.2078174406038122,0.625,0.0314319886719174
aligned10,additive-lengthscale,02,33,1.1155623658521816,1.0,0.0924062301748615
aligned10,additive-lengthscale,02,37,1.648483957559025,1.0,0.075799109638032
aligned10,additive-lengthscale,02,48,26.03479972706115,1.0,0.1582917910411523
aligned10,additive-lengthscale,02,71,3.8950406893109504,1.0,0.1027233152891983
aligned10,additive-lengthscale,02,76,0.9933563181207956,1.0,0.1271666365736862
aligned10,additive-lengthscale,02,77,4.973954150666157,1.0,0.0910784689812631
aligned10,additive-lengthscale,02,79,1.815708088427801,1.0,0.0847788278464536
aligned10,additive-lengthscale,03,9,4.070561452207192,1.0,0.0810013780200016
aligned10,additive-lengthscale,03,14,8.50116846170723,1.0,0.1027806209507124
aligned10,additive-lengthscale,03,18,0.0009853915771934,0.0,4.7902350136942575e-05
aligned10,additive-lengthscale,03,27,0.0022180745406383,0.0,0.0002148661188188
aligned10,additive-lengthscale,03,29,12.408740154643311,1.0,0.1219200688380961
aligned10,additive-lengthscale,03,38,1.7477769995904833,0.875,0.1395463730443683
aligned10,additive-lengthscale,03,41,1.4599719523143675,0.9375,0.0464799068263378
aligned10,additive-lengthscale,03,59,5.037282611443721,1.0,0.1107695783293711
aligned10,additive-lengthscale,03,67,3.351602851267802,1.0,0.0548861959149658
aligned10,additive-lengthscale,03,82,3.273204600297025,1.0,0.3351860054871516
aligned10,additive-lengthscale,04,5,13.280031419587369,1.0,0.1131354414862254
aligned10,additive-lengthscale,04,8,0.7293983225297529,1.0,0.082454401022768
aligned10,additive-lengthscale,04,14,13.222450063440732,1.0,0.1148316318498961
aligned10,additive-lengthscale,04,16,4.794973486142373,1.0,0.0980760406607812
aligned10,additive-lengthscale,04,26,1.415657958904335,1.0,0.0652313933764244
aligned10,additive-lengthscale,04,38,1.1821812879140996,0.9375,0.0602316526844284
aligned10,additive-lengthscale,04,45,24.23413787659553,1.0,0.1209434299130245
aligned10,additive-lengthscale,04,56,4.630982323073793,1.0,0.088078439163858
aligned10,additive-lengthscale,04,73,53.40639443032327,1.0,0.127868487186785
aligned10,additive-lengthscale,04,97,1.336370181144388,1.0,0.1254255000458304
aligned10,additive-lengthscale,05,3,1.1769362278644957,1.0,0.0995779139476389
aligned10,additive-lengthscale,05,8,7.69781056472052,1.0,0.1039051766674672
aligned10,additive-lengthscale,05,16,0.0511096995566732,0.25,0.0053753589694642
aligned10,additive-lengthscale,05,26,1.7211185379153404,1.0,0.0850523530469043
aligned10,additive-lengthscale,05,36,3.139029284543981,1.0,0.4730499293796776
aligned10,additive-lengthscale,05,53,0.0348661212721941,0.25,0.005624728482346
aligned10,additive-lengthscale,05,85,0.2333225858070404,0.625,0.0349595894702327
aligned10,additive-lengthscale,05,86,0.0718280898897503,0.4375,0.0133917946523985
aligned10,additive-lengthscale,05,91,9.644579816329411,1.0,0.0522700668029305
aligned10,additive-lengthscale,05,94,8.304125337030674,1.0,0.1016685399561234
aligned10,additive-lengthscale,06,2,4.595772628024744,1.0,0.2079336306416569
aligned10,additive-lengthscale,06,11,4.611385690134236,1.0,0.0768935346766224
aligned10,additive-lengthscale,06,17,2.925841069725979,0.75,0.0540600149214598
aligned10,additive-lengthscale,06,21,1.4274566504322546,1.0,0.1117751352777529
aligned10,additive-lengthscale,06,27,4.6283457135348005,1.0,0.0815511218496686
aligned10,additive-lengthscale,06,35,2.7934083549757167,1.0,0.0760147331748525
aligned10,additive-lengthscale,06,55,1.6744475875638516,1.0,0.0871252564040179
aligned10,additive-lengthscale,06,67,10.622582353784072,1.0,0.0685329790393928
aligned10,additive-lengthscale,06,79,2.805952926137254,1.0,0.077501452987255
aligned10,additive-lengthscale,06,80,35.78297089456068,1.0,0.152027453510728
aligned10,additive-lengthscale,07,3,7.953288603631958,1.0,0.0662308958868447
aligned10,additive-lengthscale,07,4,1.277940161619784,1.0,0.0730097399094251
aligned10,additive-lengthscale,07,13,5.2283754652755885,1.0,0.1144343044947931
aligned10,additive-lengthscale,07,30,2.4709975570586438,1.0,0.12762924334091
aligned10,additive-lengthscale,07,38,5.463029029972629,1.0,0.1898837077734589
aligned10,additive-lengthscale,07,45,4.922934605128782,1.0,0.0941349663199644
aligned10,additive-lengthscale,07,58,3.30227144489649,1.0,0.0911109007959044
aligned10,additive-lengthscale,07,61,2.7521964322215835,1.0,0.0954652915822509
aligned10,additive-lengthscale,07,76,5.837990968563934,1.0,0.0751657834090129
aligned10,additive-lengthscale,07,83,23.615900442751087,1.0,0.0722200790376132
aligned10,additive-lengthscale,08,1,0.0009339502504803,0.0625,0.0017925058446056
aligned10,additive-lengthscale,08,9,0.3899060870879959,0.8125,0.0773084865090088
aligned10,additive-lengthscale,08,10,0.0647945699161348,0.25,0.1056365927888181
aligned10,additive-lengthscale,08,12,0.3423190105372511,0.5625,0.0449580338772799
aligned10,additive-lengthscale,08,13,0.0011173337257443,0.0,0.0008280862184838
aligned10,additive-lengthscale,08,33,0.0005994781463732,0.0,0.0004407410042338
aligned10,additive-lengthscale,08,38,0.2162920330077535,0.5625,0.0340822413069878
aligned10,additive-lengthscale,08,43,0.2701064556881499,0.6875,0.2116262698854509
aligned10,additive-lengthscale,08,86,0.3641250748931776,0.6875,0.3862544116502499
aligned10,additive-lengthscale,08,91,0.5660649291221173,1.0,0.121262899319181
aligned10,additive-lengthscale,09,12,0.3596421664674428,0.75,0.0312800143568677
aligned10,additive-lengthscale,09,17,5.976756268087817,1.0,0.1032419808811687
aligned10,additive-lengthscale,09,23,2.295926151468749,1.0,0.0700992306459207
aligned10,additive-lengthscale,09,31,3.2166861722331834,1.0,0.0785317538122958
aligned10,additive-lengthscale,09,49,25.92363657649057,1.0,0.1903841813902278
aligned10,additive-lengthscale,09,54,4.0837265116026416,1.0,0.1255895057859248
aligned10,additive-lengthscale,09,63,44.79449152570599,1.0,0.1052643419844809
aligned10,additive-lengthscale,09,74,0.3112328638413063,0.6875,0.0292793761287755
aligned10,additive-lengthscale,09,80,6.689058930228656,1.0,0.183776553626903
aligned10,additive-lengthscale,09,96,2.5463268952486198,1.0,0.0803035906145522
aligned10,product-amplitude,00,9,0.0292962568348362,0.625,0.2198051284523243
aligned10,product-amplitude,00,39,0.0001383920375263,0.0,0.0004617368645041
aligned10,product-amplitude,00,41,0.0115861356135071,0.125,0.1173440713671342
aligned10,product-amplitude,00,46,0.0071544562688746,0.0625,0.0610941262019839
aligned10,product-amplitude,00,50,0.003904402124031,0.0,0.033848894841619
aligned10,product-amplitude,00,62,0.0166865685742743,0.3125,0.1278717025490194
aligned10,product-amplitude,00,66,0.025680016400312,0.75,0.2166247919460471
aligned10,product-amplitude,00,76,0.0057937344325031,0.0,0.0240264874829171
aligned10,product-amplitude,00,87,0.0462854171196447,1.0,0.1836422790681338
aligned10,product-amplitude,00,91,9.628173827782666e-05,0.0,0.0004663351472179
aligned10,product-amplitude,01,1,0.052288287231436,1.0,0.4762121558268858
aligned10,product-amplitude,01,19,0.0052437384887829,0.0,0.0317096480618377
aligned10,product-amplitude,01,21,0.0071230496111391,0.1875,0.0882816769416159
aligned10,product-amplitude,01,25,0.0051245104636817,0.0625,0.0229647750117496
aligned10,product-amplitude,01,30,0.0121280167971543,0.25,0.0767166541251858
aligned10,product-amplitude,01,33,0.0097709508986448,0.1875,0.0740145441626546
aligned10,product-amplitude,01,39,0.0492503607969069,1.0,0.1314083063037983
aligned10,product-amplitude,01,48,0.0103178645889442,0.125,0.0277376936880296
aligned10,product-amplitude,01,54,0.0022001657467851,0.0,0.0216895226882066
aligned10,product-amplitude,01,72,0.007009051926497,0.0625,0.0285047720008394
aligned10,product-amplitude,02,1,0.001864852992922,0.0625,0.0201756909745938
aligned10,product-amplitude,02,11,0.0425357036895711,1.0,0.3192307551629145
aligned10,product-amplitude,02,17,0.0006146627191893,0.0,0.001953849351553
aligned10,product-amplitude,02,33,0.00142853581533,0.0,0.0111765629137085
aligned10,product-amplitude,02,37,0.0002713740895107,0.0,0.0008846766269214
aligned10,product-amplitude,02,48,0.0008137471787206,0.0,0.0015321468781691
aligned10,product-amplitude,02,71,0.000213796268119,0.0,0.0002877915593018
aligned10,product-amplitude,02,76,0.0374839882783159,0.8125,0.2766933805072397
aligned10,product-amplitude,02,77,0.0267429697777697,0.625,0.0849628146565821
aligned10,product-amplitude,02,79,0.013518645701479,0.1875,0.1167438998124832
aligned10,product-amplitude,03,9,0.0126955701976429,0.3125,0.0547004315764334
aligned10,product-amplitude,03,14,0.0474155232242447,0.875,0.0827827197030587
aligned10,product-amplitude,03,18,3.619905343707482e-05,0.0,0.000149159484166
aligned10,product-amplitude,03,27,0.0028829416329975,0.0,0.0056381104617316
aligned10,product-amplitude,03,29,0.011691283154624,0.25,0.0154977764044832
aligned10,product-amplitude,03,38,0.0169352156253348,0.4375,0.1443320196361212
aligned10,product-amplitude,03,41,0.0141704104690131,0.25,0.0279315811412785
aligned10,product-amplitude,03,59,0.0261064784721574,0.875,0.0937544760785631
aligned10,product-amplitude,03,67,5.604403971021393e-05,0.0625,0.000228609234103
aligned10,product-amplitude,03,82,0.0519321396064446,0.875,0.5676214239636207
aligned10,product-amplitude,04,5,0.0117919309106689,0.1875,0.0871327808332623
aligned10,product-amplitude,04,8,0.0051418446890003,0.0,0.1008611419465071
aligned10,product-amplitude,04,14,0.024848350263368,0.625,0.1702720129487147
aligned10,product-amplitude,04,16,0.0133698136132275,0.3125,0.0935041266184196
aligned10,product-amplitude,04,26,0.0014489711089794,0.0,0.035218854531183
aligned10,product-amplitude,04,38,0.0030417916624179,0.125,0.0307180119113496
aligned10,product-amplitude,04,45,0.0104969325114563,0.125,0.1554841960376212
aligned10,product-amplitude,04,56,0.0169123832020836,0.3125,0.0810251132356256
aligned10,product-amplitude,04,73,0.024712021299443,0.5625,0.1271172735139391
aligned10,product-amplitude,04,97,0.0128081580027104,0.1875,0.0825792545127944
aligned10,product-amplitude,05,3,0.0110022508752626,0.25,0.0841707971394165
aligned10,product-amplitude,05,8,0.0120293317438352,0.125,0.0653731414163156
aligned10,product-amplitude,05,16,0.0028356794761234,0.0625,0.0240129612205647
aligned10,product-amplitude,05,26,0.0077225501490895,0.25,0.0358991702428739
aligned10,product-amplitude,05,36,0.0423246499190653,0.875,0.4510948201834637
aligned10,product-amplitude,05,53,0.0001756661214318,0.0625,0.0055286380043127
aligned10,product-amplitude,05,85,0.001651396950947,0.0,0.0133918089340903
aligned10,product-amplitude,05,86,0.0065678101496806,0.0,0.0788624065896426
aligned10,product-amplitude,05,91,0.0054511342758555,0.125,0.0379327677589459
aligned10,product-amplitude,05,94,0.022681044396917,0.5625,0.1060799290651271
aligned10,product-amplitude,06,2,0.0275315480333375,0.75,0.2667813289444757
aligned10,product-amplitude,06,11,0.0147238279445287,0.4375,0.093729850415939
aligned10,product-amplitude,06,17,0.0187886784086838,0.375,0.1626057605236751
aligned10,product-amplitude,06,21,0.0086112203682891,0.0,0.1177465750016064
aligned10,product-amplitude,06,27,0.0048022311501716,0.0625,0.0685665897009298
aligned10,product-amplitude,06,35,0.0067354222636043,0.125,0.0534775445536452
aligned10,product-amplitude,06,55,0.0096388599624,0.25,0.0246473068939596
aligned10,product-amplitude,06,67,0.0091084379849565,0.0625,0.0240349711143876
aligned10,product-amplitude,06,79,0.0139076127110322,0.375,0.1036922869313655
aligned10,product-amplitude,06,80,0.0178792850210429,0.4375,0.0796210341860843
aligned10,product-amplitude,07,3,0.0181402667740959,0.375,0.0183382469632179
aligned10,product-amplitude,07,4,0.0001307141813907,0.0,0.000903415313684
aligned10,product-amplitude,07,13,0.0766616523935229,0.8125,0.1966644375762518
aligned10,product-amplitude,07,30,0.0050229559613649,0.0,0.041484703392126
aligned10,product-amplitude,07,38,0.0326393952906328,0.8125,0.345171251769241
aligned10,product-amplitude,07,45,0.0187669374048461,0.375,0.0694521421080961
aligned10,product-amplitude,07,58,0.0085475825594098,0.0,0.0608882656395927
aligned10,product-amplitude,07,61,0.0214592589543945,0.5625,0.1348129371645368
aligned10,product-amplitude,07,76,0.0156120297309855,0.3125,0.0664627594657178
aligned10,product-amplitude,07,83,0.020075936716596,0.5,0.0544071928122989
aligned10,product-amplitude,08,1,0.0142748856484629,0.25,0.028707419809208
aligned10,product-amplitude,08,9,0.0002110412128829,0.0,0.0060061390961225
aligned10,product-amplitude,08,10,0.0153081833422489,0.25,0.1102112091450187
aligned10,product-amplitude,08,12,0.0019189487867377,0.0,0.0127308610421758
aligned10,product-amplitude,08,13,0.0006581916949784,0.0,0.0017452104239939
aligned10,product-amplitude,08,33,0.00145047984903,0.0,0.0104043454640432
aligned10,product-amplitude,08,38,0.0012428253776119,0.0,0.0123812589420003
aligned10,product-amplitude,08,43,0.0257422539041331,0.6875,0.2318759259634489
aligned10,product-amplitude,08,86,0.030500156086097,0.8125,0.4720406658929452
aligned10,product-amplitude,08,91,0.0112512743279188,0.1875,0.0829747355103246
aligned10,product-amplitude,09,12,0.0002499503346066,0.0,0.0019134183739165
aligned10,product-amplitude,09,17,0.0266883292457931,0.6875,0.2760666765040571
aligned10,product-amplitude,09,23,0.013365204520501,0.1875,0.066601196189026
aligned10,product-amplitude,09,31,0.0410797143984317,0.9375,0.1117650755140415
aligned10,product-amplitude,09,49,0.0004953897655688,0.3125,0.0216735569966004
aligned10,product-amplitude,09,54,0.0168858145776345,0.3125,0.0614270181957731
aligned10,product-amplitude,09,63,0.0353225477597641,0.875,0.1435313486279927
aligned10,product-amplitude,09,74,0.0002308908437503,0.0625,0.016129669597917
aligned10,product-amplitude,09,80,0.0387217525633153,0.9375,0.2215777141955626
aligned10,product-amplitude,09,96,0.0098126410008842,0.0625,0.0532334328005272
aligned10,additive-amplitude,00,9,0.0030424201183016,0.0625,0.0274661602785917
aligned10,additive-amplitude,00,39,0.0117492286735399,0.1875,0.0920727892190037
aligned10,additive-amplitude,00,41,0.0001559718668727,0.0,0.0003473736011624
aligned10,additive-amplitude,00,46,0.028705825524444,0.5625,0.1495483489072193
aligned10,additive-amplitude,00,50,0.003982575546109,0.25,0.0338029507312847
aligned10,additive-amplitude,00,62,0.0207185485208011,0.5,0.1873590152415873
aligned10,additive-amplitude,00,66,0.0200799373988457,0.5,0.0937929122368976
aligned10,additive-amplitude,00,76,0.0001884328469199,0.0,0.0012167407315242
aligned10,additive-amplitude,00,87,0.0081407379497554,0.1875,0.041542317633428
aligned10,additive-amplitude,00,91,0.0463667314136749,0.8125,0.1727475547845195
aligned10,additive-amplitude,01,1,0.0134011664891968,0.4375,0.1421806853224828
aligned10,additive-amplitude,01,19,0.021128773319403,0.5625,0.0709927418665868
aligned10,additive-amplitude,01,21,0.0206496775513684,0.5625,0.165678221713676
aligned10,additive-amplitude,01,25,0.0116106428848704,0.25,0.0452310435487985
aligned10,additive-amplitude,01,30,0.0244819944415669,0.625,0.0671999279769764
aligned10,additive-amplitude,01,33,0.0178724944946136,0.4375,0.1351844449893141
aligned10,additive-amplitude,01,39,0.0892658961019874,1.0,0.1802172370190441
aligned10,additive-amplitude,01,48,0.0285418493823688,0.75,0.1062987822143488
aligned10,additive-amplitude,01,54,0.0010393011807365,0.0,0.016797719321498
aligned10,additive-amplitude,01,72,0.0137127750021457,0.25,0.0645545810370113
aligned10,additive-amplitude,02,1,0.0088018925074284,0.1875,0.0531106608169836
aligned10,additive-amplitude,02,11,0.0274330854554333,0.6875,0.0616939724320193
aligned10,additive-amplitude,02,17,0.030865719249862,0.8125,0.1674618006820565
aligned10,additive-amplitude,02,33,0.0007589310616246,0.0,0.0083368300124186
aligned10,additive-amplitude,02,37,0.0241779317931943,0.625,0.1296672079527144
aligned10,additive-amplitude,02,48,0.0390297231200553,0.9375,0.0881036459896492
aligned10,additive-amplitude,02,71,0.0239996086044396,0.5625,0.1115552117541858
aligned10,additive-amplitude,02,76,0.0123052681835571,0.3125,0.0947299052982962
aligned10,additive-amplitude,02,77,0.0206785348902958,0.5,0.101697291914292
aligned10,additive-amplitude,02,79,0.0420641846296072,0.6875,0.1663301423260298
aligned10,additive-amplitude,03,9,0.0271192396893341,0.75,0.0874596078098541
aligned10,additive-amplitude,03,14,0.0528025314924415,0.9375,0.0861851998372178
aligned10,additive-amplitude,03,18,0.0007784479969977,0.0,0.0038236626970118
aligned10,additive-amplitude,03,27,0.01202987561778,0.3125,0.0651645529878652
aligned10,additive-amplitude,03,29,5.926086373275023e-05,0.0,0.0012575280096632
aligned10,additive-amplitude,03,38,2.8649067611657886e-05,0.0,1.959278136176476e-06
aligned10,additive-amplitude,03,41,0.01180407739978,0.375,0.1078317714549928
aligned10,additive-amplitude,03,59,0.0303400640873389,0.8125,0.0758500464009876
aligned10,additive-amplitude,03,67,0.091186446419992,1.0,0.2566294607551637
aligned10,additive-amplitude,03,82,0.000762785402201,0.0,0.0037185446608357
aligned10,additive-amplitude,04,5,0.0383494022076272,0.75,0.1216477208177103
aligned10,additive-amplitude,04,8,0.0074348819595521,0.0625,0.0951358933968415
aligned10,additive-amplitude,04,14,0.0604593220834175,0.9375,0.0751972269008785
aligned10,additive-amplitude,04,16,0.0441690059055689,0.8125,0.1341451395694768
aligned10,additive-amplitude,04,26,0.0003375352591093,0.0,0.001702603988207
aligned10,additive-amplitude,04,38,0.0019026830871863,0.3125,0.0224068355646567
aligned10,additive-amplitude,04,45,0.0149037043833868,0.25,0.0697529137500606
aligned10,additive-amplitude,04,56,0.0281317006177888,0.75,0.0909508193986602
aligned10,additive-amplitude,04,73,0.0823011351053209,1.0,0.2845639199425553
aligned10,additive-amplitude,04,97,0.0069194895700419,0.0,0.0831139401250496
aligned10,additive-amplitude,05,3,0.0300038686309583,0.75,0.130897319164002
aligned10,additive-amplitude,05,8,0.0226735902860367,0.5625,0.047040834728782
aligned10,additive-amplitude,05,16,0.0353883933289347,0.75,0.0549371437127381
aligned10,additive-amplitude,05,26,0.0325961662906699,0.875,0.1540993788521361
aligned10,additive-amplitude,05,36,0.0624464847248867,0.9375,0.2646087338006087
aligned10,additive-amplitude,05,53,0.0116600231799263,0.1875,0.0800642024131416
aligned10,additive-amplitude,05,85,0.0091822511082784,0.0625,0.0504309195966
aligned10,additive-amplitude,05,86,0.0068253708425654,0.125,0.0665748580158694
aligned10,additive-amplitude,05,91,0.0154823640903027,0.375,0.0730808678728116
aligned10,additive-amplitude,05,94,0.0311820777684532,0.6875,0.0712119002657905
aligned10,additive-amplitude,06,2,0.0225785434535117,0.625,0.0954619403355887
aligned10,additive-amplitude,06,11,0.0087940067250661,0.25,0.0595981709540581
aligned10,additive-amplitude,06,17,0.0196736349222128,0.5,0.1308701094509552
aligned10,additive-amplitude,06,21,0.0049009507460227,0.0625,0.0444943887992256
aligned10,additive-amplitude,06,27,3.718271654763623e-05,0.0,1.532862163952359e-05
aligned10,additive-amplitude,06,35,0.1818472060739605,1.0,0.4023215411049351
aligned10,additive-amplitude,06,55,0.0140115338892159,0.3125,0.0445046148411013
aligned10,additive-amplitude,06,67,0.0218155818804342,0.625,0.1063667702336338
aligned10,additive-amplitude,06,79,0.0034931811529738,0.0,0.0144466058455664
aligned10,additive-amplitude,06,80,0.0314928460590371,0.6875,0.0973306461898435
aligned10,additive-amplitude,07,3,0.0153295748132875,0.375,0.0184915252702504
aligned10,additive-amplitude,07,4,0.0114994656943979,0.3125,0.062940948060997
aligned10,additive-amplitude,07,13,0.0772725161563936,0.9375,0.1864339411277776
aligned10,additive-amplitude,07,30,0.0250696524346289,0.625,0.1054969873332971
aligned10,additive-amplitude,07,38,0.0251044542308913,0.5625,0.1057462501749079
aligned10,additive-amplitude,07,45,0.0385817542124706,0.75,0.0713774612792731
aligned10,additive-amplitude,07,58,0.0335367001446078,0.875,0.1947611912728973
aligned10,additive-amplitude,07,61,0.0609840418273016,1.0,0.1174387154473322
aligned10,additive-amplitude,07,76,0.0209458479690424,0.5,0.0499805588172716
aligned10,additive-amplitude,07,83,0.0571474012654713,1.0,0.0837943361904434
aligned10,additive-amplitude,08,1,0.0562422910469925,0.9375,0.0959728022083424
aligned10,additive-amplitude,08,9,0.0390898881336542,0.875,0.0838105589394032
aligned10,additive-amplitude,08,10,0.0172449724822525,0.5,0.1249758101390448
aligned10,additive-amplitude,08,12,0.0919778493778936,0.9375,0.3173944105732816
aligned10,additive-amplitude,08,13,0.0001058660718674,0.0,0.000439597816342
aligned10,additive-amplitude,08,33,0.0002047258277531,0.0,0.00155197141928
aligned10,additive-amplitude,08,38,0.0009540795275803,0.0625,0.0044767111971804
aligned10,additive-amplitude,08,43,0.0126324160054007,0.25,0.0807142226782853
aligned10,additive-amplitude,08,86,0.0149842306458681,0.375,0.1314855268744516
aligned10,additive-amplitude,08,91,0.0293823504663713,0.8125,0.1365476617263745
aligned10,additive-amplitude,09,12,0.0035177004113002,0.0,0.0284735582106521
aligned10,additive-amplitude,09,17,0.0357847148014308,0.8125,0.1194280639992615
aligned10,additive-amplitude,09,23,0.0341221094375653,0.875,0.0789709076897594
aligned10,additive-amplitude,09,31,0.0642509513384533,0.9375,0.1075919440720256
aligned10,additive-amplitude,09,49,0.0791085775494288,1.0,0.1492225319151244
aligned10,additive-amplitude,09,54,0.0497704093379223,0.8125,0.113648487509704
aligned10,additive-amplitude,09,63,0.0337730572208795,0.875,0.1223878334821287
aligned10,additive-amplitude,09,74,0.0044426911653934,0.0625,0.027205639319744
aligned10,additive-amplitude,09,80,0.0378245884819445,0.8125,0.1655640227921777
aligned10,additive-amplitude,09,96,0.0236055963650378,0.6875,0.0854766434343684
decoupled,product-lengthscale,00,9,0.179014050544365,0.625,0.1220336822416181
decoupled,product-lengthscale,00,41,0.0002473555474756,0.0,0.0006260582603273
decoupled,product-lengthscale,00,50,0.1495848410546749,0.4375,0.178378784945169
decoupled,product-lengthscale,00,62,0.0077597106117526,0.0,0.0231136664442514
decoupled,product-lengthscale,00,66,0.1230700500731273,0.3125,0.2973212711522057
decoupled,product-lengthscale,00,76,6.401061276640721,1.0,0.1694676106526587
decoupled,product-lengthscale,00,87,0.0224749068232348,0.125,0.0048742862339704
decoupled,product-lengthscale,00,91,0.100383795990007,0.375,0.0994830866966047
decoupled,product-lengthscale,01,1,1.1086935443115864,1.0,0.1123289438292157
decoupled,product-lengthscale,01,19,0.0389125371215986,0.25,0.008205328090693
decoupled,product-lengthscale,01,21,23.68298058386565,1.0,0.0673365822595959
decoupled,product-lengthscale,01,33,0.0002023063503771,0.0,-7.21989078961063e-06
decoupled,product-lengthscale,01,39,3.2768742831824973,1.0,0.0201832681314316
decoupled,product-lengthscale,01,48,2.008197728701429,1.0,0.1563624756141986
decoupled,product-lengthscale,01,54,18.314628483820677,1.0,0.2101411942456747
decoupled,product-lengthscale,01,72,0.07935474387133,0.3125,-0.0012808389168307
decoupled,product-lengthscale,02,1,18.332410638144054,1.0,0.375977497057453
decoupled,product-lengthscale,02,17,0.0009903608613809,0.0,0.0002005879782941
decoupled,product-lengthscale,02,33,0.0023366364416064,0.0,-3.154749816105431e-05
decoupled,product-lengthscale,02,37,0.0041045798166181,0.25,0.002723894027356
decoupled,product-lengthscale,02,48,2.153492124710923,1.0,0.0560613841502264
decoupled,product-lengthscale,02,76,0.0524116940906172,0.375,-0.0033986061662178
decoupled,product-lengthscale,02,77,0.0038473372572964,0.0625,3.0506296521201302e-05
decoupled,product-lengthscale,02,79,27.721835165509667,1.0,0.3645687042576199
decoupled,product-lengthscale,03,14,26.163974255059948,1.0,0.1385253379358613
decoupled,product-lengthscale,03,18,0.8745394987335011,1.0,0.0502169976428249
decoupled,product-lengthscale,03,27,0.2474493091413321,0.875,0.0040759934062825
decoupled,product-lengthscale,03,29,12.56696932672488,1.0,0.1835496071497059
decoupled,product-lengthscale,03,38,0.0013932184390934,0.0,0.0001526842870696
decoupled,product-lengthscale,03,59,4.145421376097652,1.0,0.1645085132087677
decoupled,product-lengthscale,03,67,0.2598342945869695,0.8125,0.0083093227849339
decoupled,product-lengthscale,03,82,0.0598435508029168,0.25,0.0043051800304323
decoupled,product-lengthscale,04,5,0.3431396257004925,0.6875,0.2003408421388032
decoupled,product-lengthscale,04,8,0.0217498866269524,0.0,0.0171193456892862
decoupled,product-lengthscale,04,14,0.1293243834473898,0.4375,0.3296286840221133
decoupled,product-lengthscale,04,16,0.0035089674111354,0.0,0.0077965486123963
decoupled,product-lengthscale,04,38,0.0487709198210052,0.4375,0.0630784627710613
decoupled,product-lengthscale,04,45,0.0109682500363026,0.0,0.0499820385514396
decoupled,product-lengthscale,04,73,0.010368461828457,0.0,0.0029414435899345
decoupled,product-lengthscale,04,97,1.3088907764805895,0.8125,0.2612755339738428
decoupled,product-lengthscale,05,3,37.96613592206093,1.0,0.204703609552237
decoupled,product-lengthscale,05,8,0.5064652225454873,1.0,0.0044048257645833
decoupled,product-lengthscale,05,16,0.3856049030583677,1.0,-0.0086729598410779
decoupled,product-lengthscale,05,26,6.296183997787191,1.0,0.1066211970559239
decoupled,product-lengthscale,05,36,1.390053968133459,1.0,0.0329341024260129
decoupled,product-lengthscale,05,86,0.6009264310411995,0.9375,0.0476342352100942
decoupled,product-lengthscale,05,91,0.3317683328235121,0.875,0.0190168572308587
decoupled,product-lengthscale,05,94,35.22779358831588,1.0,0.3902507195621234
decoupled,product-lengthscale,06,2,0.0002569890063738,0.0,-4.31194462881488e-06
decoupled,product-lengthscale,06,11,1.0955578032494389,0.9375,0.3822518467517249
decoupled,product-lengthscale,06,21,12.144914674339198,1.0,0.1403760620612561
decoupled,product-lengthscale,06,27,0.6734179690490008,0.9375,0.1559299532921376
decoupled,product-lengthscale,06,55,0.1132838130876827,0.25,0.0246293487942892
decoupled,product-lengthscale,06,67,0.0651925329187805,0.1875,0.0011837927760494
decoupled,product-lengthscale,06,79,0.0003489786410538,0.0,-1.5172329283071528e-05
decoupled,product-lengthscale,06,80,20.792369922064943,1.0,0.1649594205726664
decoupled,product-lengthscale,07,4,0.5878300600058712,0.875,0.1917026463224368
decoupled,product-lengthscale,07,13,12.346262068986409,1.0,0.226615887529808
decoupled,product-lengthscale,07,30,0.0002474136933632,0.0,0.0001602907417091
decoupled,product-lengthscale,07,45,0.0005225786721662,0.125,5.843331951894955e-05
decoupled,product-lengthscale,07,58,0.9299402660671596,0.9375,0.3198890099514717
decoupled,product-lengthscale,07,61,0.0012334575090266,0.0,6.118860263590095e-05
decoupled,product-lengthscale,07,76,20.907864483577043,1.0,0.0249570308667941
decoupled,product-lengthscale,07,83,0.1147943688089779,0.375,0.0126397165464295
decoupled,product-lengthscale,08,10,0.1035641933392363,0.3125,0.0160389017268702
decoupled,product-lengthscale,08,12,5.313774401765243,1.0,0.1046781531365171
decoupled,product-lengthscale,08,13,0.000270235894051,0.0,6.212320653081746e-05
decoupled,product-lengthscale,08,33,0.0235045543695549,0.0,0.0021864686030983
decoupled,product-lengthscale,08,38,0.3752020142184277,0.875,0.297171299443056
decoupled,product-lengthscale,08,43,0.2736311367553645,0.8125,0.23522768422672
decoupled,product-lengthscale,08,86,9.197664110895529,1.0,0.0961107071577543
decoupled,product-lengthscale,08,91,0.0170837593562517,0.0,0.0037422033781991
decoupled,product-lengthscale,09,12,0.5193164750945863,0.6875,0.0134058399121408
decoupled,product-lengthscale,09,17,0.0051650401873596,0.0625,0.0005651154202698
decoupled,product-lengthscale,09,23,0.7761514734572832,1.0,0.0037887064470846
decoupled,product-lengthscale,09,31,0.5336294297887323,1.0,0.0063222098451528
decoupled,product-lengthscale,09,63,0.5519355424850712,1.0,-0.0025038481902589
decoupled,product-lengthscale,09,74,128.4949666911824,1.0,0.8993859500459123
decoupled,product-lengthscale,09,80,0.2800807210175936,1.0,0.0027207241880232
decoupled,product-lengthscale,09,96,0.2940814640180411,0.875,0.0033281649214343
decoupled,additive-lengthscale,00,9,5.116860109566586,1.0,0.1918750643183392
decoupled,additive-lengthscale,00,41,0.0121756797470193,0.1875,0.0019369459423093
decoupled,additive-lengthscale,00,50,1.099769443848512,1.0,0.21226573777037
decoupled,additive-lengthscale,00,62,0.3115499457210972,0.8125,0.0467184787588161
decoupled,additive-lengthscale,00,66,0.861179834122747,1.0,0.0604137570503743
decoupled,additive-lengthscale,00,76,66.2963130154005,1.0,0.2182005818551513
decoupled,additive-lengthscale,00,87,0.09579319648502,0.4375,0.0082364490768711
decoupled,additive-lengthscale,00,91,135.12179492959734,1.0,0.2580151047442421
decoupled,additive-lengthscale,01,1,1.37607415725541,1.0,0.2782349631673895
decoupled,additive-lengthscale,01,19,0.0326808939250668,0.1875,0.0053435667657147
decoupled,additive-lengthscale,01,21,177.7652034282653,1.0,0.1708638886887656
decoupled,additive-lengthscale,01,33,0.0002501411182967,0.0,1.2053493847266537e-05
decoupled,additive-lengthscale,01,39,27.049883118480057,1.0,0.3155085300983106
decoupled,additive-lengthscale,01,48,162.769605487662,1.0,0.1526406454717883
decoupled,additive-lengthscale,01,54,45.76298047566648,0.9375,0.0479496983949886
decoupled,additive-lengthscale,01,72,0.8633045821312283,1.0,0.0291406293258859
decoupled,additive-lengthscale,02,1,43.08612080127573,1.0,0.2836609571251152
decoupled,additive-lengthscale,02,17,0.0113724578157898,0.0,0.0011362612954111
decoupled,additive-lengthscale,02,33,0.0666721633838741,0.3125,0.0094802972984848
decoupled,additive-lengthscale,02,37,2.535749634088924,1.0,0.1992469342187877
decoupled,additive-lengthscale,02,48,136.24586192792486,1.0,0.2593095198187512
decoupled,additive-lengthscale,02,76,20.83929773188765,1.0,0.0416459369049009
decoupled,additive-lengthscale,02,77,17.360327028519535,1.0,0.0462759995940348
decoupled,additive-lengthscale,02,79,223.3148131566873,1.0,0.1537391622407979
decoupled,additive-lengthscale,03,14,103.08136301141867,1.0,0.2908017703874416
decoupled,additive-lengthscale,03,18,4.601715661381425,1.0,0.1879754033756937
decoupled,additive-lengthscale,03,27,0.6981543190874989,1.0,0.017273678301295
decoupled,additive-lengthscale,03,29,115.80058609822224,1.0,0.2743559323435965
decoupled,additive-lengthscale,03,38,0.0017752192406302,0.0,9.582388455873726e-05
decoupled,additive-lengthscale,03,59,5.032033009499658,1.0,0.1988945677887938
decoupled,additive-lengthscale,03,67,0.0231053382828309,0.0625,0.0036739145980111
decoupled,additive-lengthscale,03,82,0.1544374641322819,0.5,0.024659089599672
decoupled,additive-lengthscale,04,5,1.4359743691551672,1.0,0.3088450786583711
decoupled,additive-lengthscale,04,8,0.3607162657187598,0.75,0.0355522705643403
decoupled,additive-lengthscale,04,14,0.9579872556652944,0.875,0.1111745133387688
decoupled,additive-lengthscale,04,16,0.0102028117613836,0.0,0.0016200502586827
decoupled,additive-lengthscale,04,38,0.0870855097596724,0.375,0.0190644608651007
decoupled,additive-lengthscale,04,45,0.2049847453590831,0.6875,0.0408385056950787
decoupled,additive-lengthscale,04,73,180.11997251609228,1.0,0.3835954292802191
decoupled,additive-lengthscale,04,97,0.6211792037047958,0.8125,0.0823053972338743
decoupled,additive-lengthscale,05,3,212.5050229555937,1.0,0.268585182138191
decoupled,additive-lengthscale,05,8,4.090819124429378,1.0,0.0867117267150604
decoupled,additive-lengthscale,05,16,3.206252606348205,1.0,0.0399225062874941
decoupled,additive-lengthscale,05,26,30.21553172784793,1.0,0.0395513328127869
decoupled,additive-lengthscale,05,36,10.465450752988872,1.0,0.0368797206886157
decoupled,additive-lengthscale,05,86,1.02922819053211,1.0,0.173258709078762
decoupled,additive-lengthscale,05,91,1.5386604337097736,1.0,0.1514882721484019
decoupled,additive-lengthscale,05,94,51.42985409615707,1.0,0.2023414944588754
decoupled,additive-lengthscale,06,2,0.3046014105646055,0.8125,0.039299613102137
decoupled,additive-lengthscale,06,11,0.7127468778916494,0.875,0.0969303190704001
decoupled,additive-lengthscale,06,21,108.96932786228808,1.0,0.2950805007700939
decoupled,additive-lengthscale,06,27,2.9503700609995778,1.0,0.2377420042154678
decoupled,additive-lengthscale,06,55,0.1096972350122189,0.4375,0.0167217984038598
decoupled,additive-lengthscale,06,67,0.0128604535893777,0.0,0.0008830499965
decoupled,additive-lengthscale,06,79,22.93162647393759,1.0,0.0420011969690981
decoupled,additive-lengthscale,06,80,137.55300582522136,1.0,0.2706959094491328
decoupled,additive-lengthscale,07,4,4.405563271272165,1.0,0.335619632844613
decoupled,additive-lengthscale,07,13,116.76748916948878,1.0,0.2539113206163738
decoupled,additive-lengthscale,07,30,53.83978361694532,1.0,0.0755776992335791
decoupled,additive-lengthscale,07,45,0.0005892010476541,0.0625,6.598147170945106e-05
decoupled,additive-lengthscale,07,58,0.1002289857793926,0.4375,0.0294879826539625
decoupled,additive-lengthscale,07,61,0.1819841691722349,0.5,0.0207993801076922
decoupled,additive-lengthscale,07,76,121.90456220480549,1.0,0.221985374853822
decoupled,additive-lengthscale,07,83,19.685644941129738,1.0,0.0507828754733296
decoupled,additive-lengthscale,08,10,0.0040263245878695,0.0625,0.0004839114910455
decoupled,additive-lengthscale,08,12,76.1102356916391,1.0,0.0450425394233165
decoupled,additive-lengthscale,08,13,56.114752566536254,1.0,0.2267783600365004
decoupled,additive-lengthscale,08,33,0.4838377793335602,0.875,0.047609021659331
decoupled,additive-lengthscale,08,38,0.9227631233759852,0.9375,0.1203157794349372
decoupled,additive-lengthscale,08,43,3.0408830412518286,1.0,0.2400339068649979
decoupled,additive-lengthscale,08,86,118.20165052838342,1.0,0.2803109854411654
decoupled,additive-lengthscale,08,91,40.67675141698932,0.75,0.036515976550087
decoupled,additive-lengthscale,09,12,2.4205258630953024,1.0,0.2325480568145293
decoupled,additive-lengthscale,09,17,0.470780877401159,1.0,0.0580470661782016
decoupled,additive-lengthscale,09,23,19.760175888714837,1.0,0.0629132376966446
decoupled,additive-lengthscale,09,31,132.06603205794022,1.0,0.2692856930706814
decoupled,additive-lengthscale,09,63,1.4947971454313325,1.0,0.0434476363144312
decoupled,additive-lengthscale,09,74,325.93567416968216,1.0,0.1381907315207398
decoupled,additive-lengthscale,09,80,52.9885893103818,1.0,0.0451456917080626
decoupled,additive-lengthscale,09,96,1.992840819508885,1.0,0.1493349176359277
decoupled,product-amplitude,00,9,0.012315818820987,0.25,0.0846760988280216
decoupled,product-amplitude,00,41,0.000214069115805,0.0,0.0006118524146318
decoupled,product-amplitude,00,50,0.0258681449202899,0.5625,0.2357479268877866
decoupled,product-amplitude,00,62,0.0044413059397623,0.0,0.0415338787620432
decoupled,product-amplitude,00,66,0.0001666793018939,0.0625,0.0125864320986636
decoupled,product-amplitude,00,76,0.0620483235629753,1.0,0.2482750427691607
decoupled,product-amplitude,00,87,0.0002485437672438,0.0625,0.0035489418536548
decoupled,product-amplitude,00,91,0.0756344147241744,1.0,0.3663567564225058
decoupled,product-amplitude,01,1,0.0237585888465615,0.5625,0.2430075792550725
decoupled,product-amplitude,01,19,0.0011577268648644,0.0625,0.0054012479952259
decoupled,product-amplitude,01,21,0.0582342601642386,1.0,0.1014434432881262
decoupled,product-amplitude,01,33,0.0030361009695488,0.0,0.0018621660759517
decoupled,product-amplitude,01,39,0.1417855946001093,1.0,0.515164252507807
decoupled,product-amplitude,01,48,0.0546875793625717,0.9375,0.1131069103911775
decoupled,product-amplitude,01,54,0.0113364466799507,0.125,0.0051611432547483
decoupled,product-amplitude,01,72,0.002617010642517,0.0625,0.0074213295679509
decoupled,product-amplitude,02,1,0.0412079590583019,0.9375,0.2292395939875579
decoupled,product-amplitude,02,17,3.408447189355251e-05,0.0,0.0005654878382798
decoupled,product-amplitude,02,33,0.0013823151525749,0.0,0.0162683567337876
decoupled,product-amplitude,02,37,0.007346030020957,0.1875,0.1409168979244363
decoupled,product-amplitude,02,48,0.0629182244797434,1.0,0.3283728113382902
decoupled,product-amplitude,02,76,1.1102975646103868e-05,0.0,9.37086725177004e-06
decoupled,product-amplitude,02,77,0.008841313856597,0.0,0.0188152679895321
decoupled,product-amplitude,02,79,0.1017020461372434,1.0,0.2591389137682491
decoupled,product-amplitude,03,14,0.0699947094376637,1.0,0.276071631565062
decoupled,product-amplitude,03,18,0.0147984837009073,0.25,0.1560874472637657
decoupled,product-amplitude,03,27,0.0038569227553373,0.0625,0.011413359261937
decoupled,product-amplitude,03,29,0.0806503462501814,1.0,0.4183626552557735
decoupled,product-amplitude,03,38,0.0001065157694719,0.0,0.000105769473567
decoupled,product-amplitude,03,59,0.0002549666352476,0.0,0.0017840419117241
decoupled,product-amplitude,03,67,0.0291817769944026,0.6875,0.0797744221440852
decoupled,product-amplitude,03,82,0.0034277473090302,0.125,0.0149252391408673
decoupled,product-amplitude,04,5,0.0213401538405348,0.5,0.2049120593387831
decoupled,product-amplitude,04,8,0.0325767756138935,0.8125,0.0561445148108143
decoupled,product-amplitude,04,14,0.0384805000479959,0.8125,0.3317622162987148
decoupled,product-amplitude,04,16,0.0132059449905618,0.25,0.0338158404533144
decoupled,product-amplitude,04,38,0.0388080920631212,0.9375,0.0938178416299014
decoupled,product-amplitude,04,45,0.0015871984097156,0.0,0.0156939796184484
decoupled,product-amplitude,04,73,0.0015427947403776,0.0,0.0033396141324803
decoupled,product-amplitude,04,97,0.020002725150291,0.5,0.2386196795353847
decoupled,product-amplitude,05,3,0.052870742435937,1.0,0.2137800334714818
decoupled,product-amplitude,05,8,0.0163633904860168,0.3125,0.0891060513760776
decoupled,product-amplitude,05,16,0.0109278478870787,0.25,0.0548913644974208
decoupled,product-amplitude,05,26,0.0086926926497196,0.125,0.0250266602672676
decoupled,product-amplitude,05,36,0.0110960873184795,0.25,0.0442231068329833
decoupled,product-amplitude,05,86,0.0123532532638249,0.25,0.2402593084793165
decoupled,product-amplitude,05,91,0.0076465513713732,0.125,0.0893787629503874
decoupled,product-amplitude,05,94,0.0610517324084759,1.0,0.2309216038016089
decoupled,product-amplitude,06,2,2.518589763380965e-05,0.0,8.920621275395585e-06
decoupled,product-amplitude,06,11,0.0147039913041763,0.25,0.1609848894156551
decoupled,product-amplitude,06,21,0.0624558470152382,1.0,0.2720043260420473
decoupled,product-amplitude,06,27,0.0213157771870751,0.5625,0.3072586925250471
decoupled,product-amplitude,06,55,0.003633344505266,0.0,0.028464447692324
decoupled,product-amplitude,06,67,0.0048500937585698,0.0,0.0071000972725523
decoupled,product-amplitude,06,79,0.0064358599974952,0.0,0.0100547069958671
decoupled,product-amplitude,06,80,0.0587473081708544,1.0,0.2100906665138527
decoupled,product-amplitude,07,4,0.0238841897125909,0.6875,0.3374569187119855
decoupled,product-amplitude,07,13,0.0342685095148712,0.875,0.1638120497918827
decoupled,product-amplitude,07,30,0.006518586058464,0.125,0.0186757167770498
decoupled,product-amplitude,07,45,0.0083943461826794,0.0,0.0126661675642124
decoupled,product-amplitude,07,58,0.0171807689886626,0.3125,0.2715434928652007
decoupled,product-amplitude,07,61,3.728447888077914e-05,0.0,4.486441570423307e-06
decoupled,product-amplitude,07,76,0.0549356009251319,1.0,0.1813720169424783
decoupled,product-amplitude,07,83,0.0098838199982633,0.0625,0.0097998911318482
decoupled,product-amplitude,08,10,0.0003967579562656,0.0,0.0035198122197797
decoupled,product-amplitude,08,12,0.0149102103672295,0.1875,0.0203581970315012
decoupled,product-amplitude,08,13,0.0744576634895203,1.0,0.1996747967912929
decoupled,product-amplitude,08,33,0.0071180386689901,0.125,0.0307580748407788
decoupled,product-amplitude,08,38,0.0154803527632607,0.375,0.1959591472617619
decoupled,product-amplitude,08,43,0.0392538288093027,0.875,0.2812226639976642
decoupled,product-amplitude,08,86,0.0842293183700432,1.0,0.2523162045779218
decoupled,product-amplitude,08,91,0.0012894528704314,0.0,0.0096036868451352
decoupled,product-amplitude,09,12,0.0276713349268925,0.6875,0.3295060116491809
decoupled,product-amplitude,09,17,0.0032347314285978,0.0,0.0243277886525467
decoupled,product-amplitude,09,23,0.0084458829319934,0.0625,0.0343665140513751
decoupled,product-amplitude,09,31,0.0701792070526556,1.0,0.2893035384095448
decoupled,product-amplitude,09,63,0.0076607238462912,0.125,0.0401213596252293
decoupled,product-amplitude,09,74,0.0638866802146363,1.0,0.1466587046927017
decoupled,product-amplitude,09,80,0.0120344728434875,0.125,0.023779006456871
decoupled,product-amplitude,09,96,0.0230166613071626,0.5625,0.1076195899824853
decoupled,additive-amplitude,00,9,0.0157572816469271,0.4375,0.1007483759097156
decoupled,additive-amplitude,00,41,0.0001363601337011,0.0,0.0005629153053357
decoupled,additive-amplitude,00,50,0.0349529540926506,0.6875,0.2388033715013979
decoupled,additive-amplitude,00,62,0.0064776921517627,0.0,0.0443461595626233
decoupled,additive-amplitude,00,66,0.0220280118115288,0.5,0.1284743055866581
decoupled,additive-amplitude,00,76,0.0927831158171871,1.0,0.2454501203990547
decoupled,additive-amplitude,00,87,0.0001096561926032,0.0,0.0001183689175361
decoupled,additive-amplitude,00,91,0.0938019358106006,1.0,0.2299741443843565
decoupled,additive-amplitude,01,1,0.0395458504588831,0.875,0.2189178871557052
decoupled,additive-amplitude,01,19,0.0141000295428736,0.4375,0.029677031596643
decoupled,additive-amplitude,01,21,0.1754179520101791,1.0,0.1802583244818013
decoupled,additive-amplitude,01,33,2.692941143884152e-05,0.0,1.85142685025549e-05
decoupled,additive-amplitude,01,39,0.2891385256112114,1.0,0.3325375661688651
decoupled,additive-amplitude,01,48,0.0932085579580498,1.0,0.1616333505377049
decoupled,additive-amplitude,01,54,0.0339095861341158,0.9375,0.0428967253511622
decoupled,additive-amplitude,01,72,0.010055891742759,0.1875,0.0317215002474133
decoupled,additive-amplitude,02,1,0.0641074565793172,1.0,0.2683087181235405
decoupled,additive-amplitude,02,17,0.0030644147916427,0.0,0.0202977375852343
decoupled,additive-amplitude,02,33,4.859153198006556e-05,0.0,0.0002138345453472
decoupled,additive-amplitude,02,37,0.0429013067429382,0.6875,0.1750587085686464
decoupled,additive-amplitude,02,48,0.0576794528608965,0.875,0.1274524026740075
decoupled,additive-amplitude,02,76,0.0074419316921751,0.1875,0.0262454835345898
decoupled,additive-amplitude,02,77,0.0113000771007933,0.1875,0.0460985505466648
decoupled,additive-amplitude,02,79,0.1248860322637389,1.0,0.3279107898774815
decoupled,additive-amplitude,03,14,0.0775754436935916,1.0,0.2153729068044114
decoupled,additive-amplitude,03,18,0.0940606806562637,0.9375,0.2786552655592544
decoupled,additive-amplitude,03,27,0.0058904983053609,0.0625,0.0396953585801052
decoupled,additive-amplitude,03,29,0.0440996928161581,0.875,0.1278075922889615
decoupled,additive-amplitude,03,38,0.0025270585660225,0.0,0.0016967651582672
decoupled,additive-amplitude,03,59,0.0874825600483995,1.0,0.2419101962851686
decoupled,additive-amplitude,03,67,0.0415830405386069,0.875,0.0873750585544798
decoupled,additive-amplitude,03,82,0.0004762292043143,0.0,0.0034431231713945
decoupled,additive-amplitude,04,5,0.0637167697616979,0.9375,0.2822790323919472
decoupled,additive-amplitude,04,8,0.0445477655523631,0.9375,0.115353322889739
decoupled,additive-amplitude,04,14,0.0193317664646992,0.5,0.2087494075929207
decoupled,additive-amplitude,04,16,0.0160124773322032,0.375,0.0277700065283297
decoupled,additive-amplitude,04,38,0.0327473350417071,0.75,0.0460373063899434
decoupled,additive-amplitude,04,45,4.306398469688559e-05,0.0,4.368756283166451e-05
decoupled,additive-amplitude,04,73,0.0606343666495209,1.0,0.1389315377676578
decoupled,additive-amplitude,04,97,0.017770639880863,0.4375,0.1750656163244036
decoupled,additive-amplitude,05,3,0.0773023912216273,1.0,0.187805569402929
decoupled,additive-amplitude,05,8,0.0230616918161571,0.625,0.0541468584872239
decoupled,additive-amplitude,05,16,0.0097589407374112,0.3125,0.0241782842884842
decoupled,additive-amplitude,05,26,0.0107458872094675,0.1875,0.0168152671553146
decoupled,additive-amplitude,05,36,0.0388670718525799,0.8125,0.0846164072650477
decoupled,additive-amplitude,05,86,0.0249881467905779,0.625,0.2197500446571408
decoupled,additive-amplitude,05,91,0.0388321381651891,0.75,0.2447280904690372
decoupled,additive-amplitude,05,94,0.0772547189011082,1.0,0.1628547538591513
decoupled,additive-amplitude,06,2,0.0035097294848189,0.0,0.0267891838204974
decoupled,additive-amplitude,06,11,0.0065048730412432,0.1875,0.0533299493507798
decoupled,additive-amplitude,06,21,0.0078976031731292,0.0625,0.0096497296526841
decoupled,additive-amplitude,06,27,0.0532913140389025,0.9375,0.2473843812867355
decoupled,additive-amplitude,06,55,0.0148805264846349,0.4375,0.05791094961083
decoupled,additive-amplitude,06,67,0.0855247776515344,0.875,0.270152697811587
decoupled,additive-amplitude,06,79,0.0070268188536567,0.0625,0.0236851056389374
decoupled,additive-amplitude,06,80,0.1251374442454071,1.0,0.2904593432711944
decoupled,additive-amplitude,07,4,0.0367615295346365,0.8125,0.2993762095306862
decoupled,additive-amplitude,07,13,0.0497912960686564,0.9375,0.2340972594889379
decoupled,additive-amplitude,07,30,0.0106106145411772,0.0,0.0360588606255546
decoupled,additive-amplitude,07,45,0.0033297362476934,0.0,0.0083154891774859
decoupled,additive-amplitude,07,58,0.0010864013822352,0.0625,0.022698923996543
decoupled,additive-amplitude,07,61,0.0139356135488693,0.3125,0.0789738031546101
decoupled,additive-amplitude,07,76,0.080227817860729,1.0,0.2473075863078959
decoupled,additive-amplitude,07,83,0.0845008270774582,1.0,0.0659418041410774
decoupled,additive-amplitude,08,10,0.0049367134660993,0.0,0.0344949309563506
decoupled,additive-amplitude,08,12,0.0465079746849382,0.9375,0.0825278061790119
decoupled,additive-amplitude,08,13,0.1235009211014142,1.0,0.2409131253015674
decoupled,additive-amplitude,08,33,0.0099896697187354,0.1875,0.0582620016313906
decoupled,additive-amplitude,08,38,0.0001193911560111,0.125,0.0086151220518898
decoupled,additive-amplitude,08,43,0.0346173300336131,0.6875,0.2610939194218792
decoupled,additive-amplitude,08,86,0.0351708810969195,0.8125,0.0579643801910717
decoupled,additive-amplitude,08,91,0.1251779364588654,0.9375,0.1889299579766747
decoupled,additive-amplitude,09,12,0.0517349213804959,0.9375,0.2617267838898032
decoupled,additive-amplitude,09,17,0.0058198458507455,0.125,0.034958208011601
decoupled,additive-amplitude,09,23,0.0206932051503618,0.5,0.0500384374148262
decoupled,additive-amplitude,09,31,0.1231418475107705,1.0,0.2829959395392112
decoupled,additive-amplitude,09,63,0.0264896215674535,0.625,0.0772898035410352
decoupled,additive-amplitude,09,74,0.1288328500157958,1.0,0.1847670096692538
decoupled,additive-amplitude,09,80,0.0134172948714688,0.1875,0.0206664533004589
decoupled,additive-amplitude,09,96,0.0112419575154007,0.3125,0.0853261685303052
interaction_g0.25,product-lengthscale,00,9,0.5077120624554146,0.9375,0.1987695370012653
interaction_g0.25,product-lengthscale,00,50,0.1591129405345316,0.5625,0.0652208203727065
interaction_g0.25,product-lengthscale,00,62,1.4863501735881035,1.0,0.2374637690056716
interaction_g0.25,product-lengthscale,00,76,3.067060576475084,1.0,0.2274491050837317
interaction_g0.25,product-lengthscale,00,91,1.0256638593909502,1.0,0.0792453231917469
interaction_g0.25,product-lengthscale,01,1,2.383599173083009,1.0,0.1605397692562225
interaction_g0.25,product-lengthscale,01,19,1.356518681933744,1.0,0.161055370712377
interaction_g0.25,product-lengthscale,01,21,0.6490895860312067,0.9375,0.1117736942522465
interaction_g0.25,product-lengthscale,01,39,2.954473348995877,1.0,0.1734181663176463
interaction_g0.25,product-lengthscale,01,48,2.483248070845704,1.0,0.201829468017119
interaction_g0.25,product-lengthscale,02,1,2.3189731011979364,1.0,0.0903845584658412
interaction_g0.25,product-lengthscale,02,33,1.8304274288586309,1.0,0.2894508693124892
interaction_g0.25,product-lengthscale,02,37,0.197586836809888,0.75,0.1286160750275139
interaction_g0.25,product-lengthscale,02,48,4.398028579088988,1.0,0.0598070402743718
interaction_g0.25,product-lengthscale,02,79,0.6439293516463539,1.0,0.2206232167063359
interaction_g0.25,product-lengthscale,03,14,2.252556196737732,1.0,0.2175456084664906
interaction_g0.25,product-lengthscale,03,18,1.27152446134005,1.0,0.0649058530428843
interaction_g0.25,product-lengthscale,03,27,0.8313825024875965,1.0,0.0575857236652541
interaction_g0.25,product-lengthscale,03,29,0.0876608962596679,0.375,0.1285010871995636
interaction_g0.25,product-lengthscale,03,59,0.9419226079223044,1.0,0.191061041749646
interaction_g0.25,product-lengthscale,04,5,4.721428125885867,1.0,0.2808566801464362
interaction_g0.25,product-lengthscale,04,8,0.5372412674117963,1.0,0.0724093064507154
interaction_g0.25,product-lengthscale,04,14,6.76168034823927,1.0,0.1397730807267347
interaction_g0.25,product-lengthscale,04,73,3.0245604663135417,1.0,0.1934401551128522
interaction_g0.25,product-lengthscale,04,97,0.3021211826811907,0.875,0.120916025891131
interaction_g0.25,product-lengthscale,05,3,5.3199815669788935,1.0,0.215549437910164
interaction_g0.25,product-lengthscale,05,16,1.196544384946464,1.0,0.1663397414444654
interaction_g0.25,product-lengthscale,05,86,0.0754228872205766,0.0625,0.1265498471210469
interaction_g0.25,product-lengthscale,05,91,0.858217270422569,1.0,0.0594806758543075
interaction_g0.25,product-lengthscale,05,94,1.9295109967107045,1.0,0.0286450380919438
interaction_g0.25,product-lengthscale,06,2,0.1018122854926477,0.25,0.0995381630173643
interaction_g0.25,product-lengthscale,06,11,1.3180682897087737,1.0,0.1214353132933183
interaction_g0.25,product-lengthscale,06,21,0.3980647441244411,1.0,0.2741265282067908
interaction_g0.25,product-lengthscale,06,27,0.5477958594971825,1.0,0.1072859762807882
interaction_g0.25,product-lengthscale,06,80,2.603772048065769,1.0,0.2019999363784644
interaction_g0.25,product-lengthscale,07,4,0.4734768258577553,1.0,0.2555295717556127
interaction_g0.25,product-lengthscale,07,13,1.381573120077026,1.0,0.0663016710313873
interaction_g0.25,product-lengthscale,07,58,1.4212883912372978,1.0,0.2783093711036259
interaction_g0.25,product-lengthscale,07,76,2.04400186296826,1.0,0.2015276498841375
interaction_g0.25,product-lengthscale,07,83,2.5565678363061397,1.0,0.1063168814637223
interaction_g0.25,product-lengthscale,08,13,2.3830046233611384,1.0,0.1640910223418266
interaction_g0.25,product-lengthscale,08,33,9.86206692312904,1.0,0.0789758551122171
interaction_g0.25,product-lengthscale,08,38,0.5676574972918274,0.6875,-0.0003296136673215
interaction_g0.25,product-lengthscale,08,43,0.047672661201497,0.125,0.0424791458245794
interaction_g0.25,product-lengthscale,08,86,1.1055171229704663,1.0,0.1442102046863346
interaction_g0.25,product-lengthscale,09,12,1.6893072917699263,1.0,0.0614895380511986
interaction_g0.25,product-lengthscale,09,17,1.4949820444632764,1.0,0.1461926057797879
interaction_g0.25,product-lengthscale,09,31,2.613209676818216,1.0,0.1015149994954081
interaction_g0.25,product-lengthscale,09,74,1.242666139765817,1.0,0.0858143217972601
interaction_g0.25,product-lengthscale,09,96,0.9274851927413496,1.0,0.214288218864437
interaction_g0.25,additive-lengthscale,00,9,7.200983302693104,1.0,0.2751908561350855
interaction_g0.25,additive-lengthscale,00,50,17.50528582888248,1.0,0.0961073155463885
interaction_g0.25,additive-lengthscale,00,62,4.108282149090625,1.0,0.2130310794932018
interaction_g0.25,additive-lengthscale,00,76,4.246423014675646,1.0,0.1517231906847539
interaction_g0.25,additive-lengthscale,00,91,1.3843799761271618,1.0,0.2314382723458251
interaction_g0.25,additive-lengthscale,01,1,1356.3303835895697,1.0,0.3161170991204374
interaction_g0.25,additive-lengthscale,01,19,1.1739587289783078,0.9375,0.0181826740926407
interaction_g0.25,additive-lengthscale,01,21,3.737861546146474,1.0,0.2244224729703932
interaction_g0.25,additive-lengthscale,01,39,10.378105768963648,1.0,0.0648325619860135
interaction_g0.25,additive-lengthscale,01,48,3.0289353888398582,1.0,0.0540325430537421
interaction_g0.25,additive-lengthscale,02,1,34895.66924577333,1.0,0.1280574981372746
interaction_g0.25,additive-lengthscale,02,33,19.87172075124337,1.0,0.5181921743987813
interaction_g0.25,additive-lengthscale,02,37,0.5131664275499596,1.0,0.0428015280768337
interaction_g0.25,additive-lengthscale,02,48,17.432244473399763,1.0,0.173359043931758
interaction_g0.25,additive-lengthscale,02,79,12.367656785648164,1.0,0.137266888699261
interaction_g0.25,additive-lengthscale,03,14,0.0034221231036119,0.0625,0.0027893949338986
interaction_g0.25,additive-lengthscale,03,18,0.0409459956693943,0.125,0.0242874138289363
interaction_g0.25,additive-lengthscale,03,27,0.2298895144512875,0.5625,0.0912838939922552
interaction_g0.25,additive-lengthscale,03,29,0.0034369207504703,0.0625,0.0015706059196842
interaction_g0.25,additive-lengthscale,03,59,4.901368703036216,1.0,0.3266566493157379
interaction_g0.25,additive-lengthscale,04,5,5.981312823529029,1.0,0.1138831286961632
interaction_g0.25,additive-lengthscale,04,8,2.527689378000534,1.0,0.1798751252661466
interaction_g0.25,additive-lengthscale,04,14,165.5073497169711,1.0,0.2381503146837413
interaction_g0.25,additive-lengthscale,04,73,2371.6167273903684,1.0,0.3841816156723247
interaction_g0.25,additive-lengthscale,04,97,0.5819702850975248,0.9375,0.083709962727806
interaction_g0.25,additive-lengthscale,05,3,23.709797141125783,1.0,0.3224160970902608
interaction_g0.25,additive-lengthscale,05,16,6.559176808323288,1.0,0.1976278784203292
interaction_g0.25,additive-lengthscale,05,86,0.3165697845311045,0.875,0.0588203544178139
interaction_g0.25,additive-lengthscale,05,91,1.786914501158046,1.0,0.2357065746607667
interaction_g0.25,additive-lengthscale,05,94,4.1457935101686445,1.0,0.0634761633085631
interaction_g0.25,additive-lengthscale,06,2,3.319780669984981,1.0,0.1335309693753443
interaction_g0.25,additive-lengthscale,06,11,5.837349970874642,1.0,0.2884220613674736
interaction_g0.25,additive-lengthscale,06,21,834148929.9178655,1.0,0.0830252857158795
interaction_g0.25,additive-lengthscale,06,27,1.693860802822608,1.0,0.2875424313012552
interaction_g0.25,additive-lengthscale,06,80,15.098610167891533,1.0,0.2071542913138069
interaction_g0.25,additive-lengthscale,07,4,43.6532797134816,1.0,0.323592271592297
interaction_g0.25,additive-lengthscale,07,13,5.413806991832125,1.0,0.1360723443174671
interaction_g0.25,additive-lengthscale,07,58,228.242353079529,1.0,0.2058002348810516
interaction_g0.25,additive-lengthscale,07,76,4.265156862078035,1.0,0.1097247212783827
interaction_g0.25,additive-lengthscale,07,83,62.66555515222319,1.0,0.1527995039488241
interaction_g0.25,additive-lengthscale,08,13,21.319687680751034,1.0,0.4184585613075542
interaction_g0.25,additive-lengthscale,08,33,1.0336304513085328,1.0,0.0469298803564509
interaction_g0.25,additive-lengthscale,08,38,261.1818738636152,1.0,0.3347097425776839
interaction_g0.25,additive-lengthscale,08,43,0.0857595895250772,0.1875,0.0144188041293471
interaction_g0.25,additive-lengthscale,08,86,5.426695050801177,1.0,0.0261389658289551
interaction_g0.25,additive-lengthscale,09,12,1.61076366209104,1.0,0.3823217549752449
interaction_g0.25,additive-lengthscale,09,17,15.086164003073598,1.0,0.2348404565427881
interaction_g0.25,additive-lengthscale,09,31,5.731164182583923,1.0,0.2113865851944189
interaction_g0.25,additive-lengthscale,09,74,0.0007501258223573,0.0,2.832914999010112e-05
interaction_g0.25,additive-lengthscale,09,96,12.080962081475462,1.0,0.1704305825446992
interaction_g0.25,product-amplitude,00,9,0.0838724433717378,1.0,0.1524644216142092
interaction_g0.25,product-amplitude,00,50,0.0810558842413344,1.0,0.1283106939988355
interaction_g0.25,product-amplitude,00,62,0.0290113235174563,0.875,0.2560468993128018
interaction_g0.25,product-amplitude,00,76,0.1514805473977201,1.0,0.1976439541698833
interaction_g0.25,product-amplitude,00,91,0.0818946159489423,1.0,0.140148533181327
interaction_g0.25,product-amplitude,01,1,0.107698379956574,1.0,0.4763288285480332
interaction_g0.25,product-amplitude,01,19,0.0050400457487022,0.0625,0.0458921551342212
interaction_g0.25,product-amplitude,01,21,0.1122119301988781,1.0,0.1473128885215252
interaction_g0.25,product-amplitude,01,39,0.1485984806666708,1.0,0.0704873809559795
interaction_g0.25,product-amplitude,01,48,0.088346791997815,1.0,0.1638284096926243
interaction_g0.25,product-amplitude,02,1,0.0645305642466301,1.0,0.1492099854337203
interaction_g0.25,product-amplitude,02,33,0.1690324838288304,1.0,0.2724480450754932
interaction_g0.25,product-amplitude,02,37,0.0216349724525364,0.5625,0.2169594788677714
interaction_g0.25,product-amplitude,02,48,0.0785472188739963,1.0,0.0967102995686037
interaction_g0.25,product-amplitude,02,79,0.0241746966577439,0.75,0.2044101270183632
interaction_g0.25,product-amplitude,03,14,0.1379599268537843,1.0,0.2551659436719791
interaction_g0.25,product-amplitude,03,18,0.0778163432771104,1.0,0.069548722044173
interaction_g0.25,product-amplitude,03,27,0.100213867173718,1.0,0.0901866211397498
interaction_g0.25,product-amplitude,03,29,0.0196945393700407,0.5,0.1531423363921389
interaction_g0.25,product-amplitude,03,59,0.2277581141332593,1.0,0.180155314689745
interaction_g0.25,product-amplitude,04,5,0.110009100872678,1.0,0.2902837035329468
interaction_g0.25,product-amplitude,04,8,0.0896408550318638,1.0,0.1172743336648386
interaction_g0.25,product-amplitude,04,14,0.086296878521291,1.0,0.1964721179257937
interaction_g0.25,product-amplitude,04,73,0.1301908758469958,1.0,0.1748599255407862
interaction_g0.25,product-amplitude,04,97,0.0094475725523451,0.125,0.1011563714803547
interaction_g0.25,product-amplitude,05,3,0.1965979858905138,1.0,0.2836200630807074
interaction_g0.25,product-amplitude,05,16,0.1112138628140088,1.0,0.1706392610626854
interaction_g0.25,product-amplitude,05,86,0.0073670091765703,0.0625,0.0872594119510083
interaction_g0.25,product-amplitude,05,91,0.1438575130411321,1.0,0.2158066113044901
interaction_g0.25,product-amplitude,05,94,0.069731973563252,1.0,0.107994461126743
interaction_g0.25,product-amplitude,06,2,0.0242993734623857,0.75,0.1413188931400054
interaction_g0.25,product-amplitude,06,11,0.0867601029450995,1.0,0.1606715486586426
interaction_g0.25,product-amplitude,06,21,0.0961045365109351,1.0,0.2048384219015162
interaction_g0.25,product-amplitude,06,27,0.1876558420722228,1.0,0.1793372781368194
interaction_g0.25,product-amplitude,06,80,0.1522961252322938,1.0,0.1634835547493322
interaction_g0.25,product-amplitude,07,4,0.0624818498476625,1.0,0.2606971852231922
interaction_g0.25,product-amplitude,07,13,0.0186739472093576,0.375,0.093918553239133
interaction_g0.25,product-amplitude,07,58,0.1369065156253897,1.0,0.3083861587894548
interaction_g0.25,product-amplitude,07,76,0.1705488389625319,1.0,0.1278406361416
interaction_g0.25,product-amplitude,07,83,0.079696039310915,1.0,0.096642416573911
interaction_g0.25,product-amplitude,08,13,0.1279195816074342,1.0,0.3170408327575059
interaction_g0.25,product-amplitude,08,33,0.0163010997116693,0.4375,0.1595160097380369
interaction_g0.25,product-amplitude,08,38,0.0900565041777139,1.0,0.3676289915906033
interaction_g0.25,product-amplitude,08,43,0.0081180640439193,0.125,0.065448715364187
interaction_g0.25,product-amplitude,08,86,0.0206618534302655,0.5625,0.0728905696631314
interaction_g0.25,product-amplitude,09,12,0.122055435109177,1.0,0.0879143861489068
interaction_g0.25,product-amplitude,09,17,0.0780632963548116,1.0,0.1222121643580126
interaction_g0.25,product-amplitude,09,31,0.118770745992748,1.0,0.1766765090893396
interaction_g0.25,product-amplitude,09,74,0.1289778575045296,1.0,0.1929323007186709
interaction_g0.25,product-amplitude,09,96,0.0118348155550639,0.25,0.1497182272245719
interaction_g0.25,additive-amplitude,00,9,0.4183427704898739,1.0,0.5202179870838989
interaction_g0.25,additive-amplitude,00,50,0.1529651803550075,1.0,0.1972962182936263
interaction_g0.25,additive-amplitude,00,62,0.0937520484331003,1.0,0.1866428943781219
interaction_g0.25,additive-amplitude,00,76,0.0644480291436557,0.9375,0.0721093314681778
interaction_g0.25,additive-amplitude,00,91,0.002787745821426,0.0,0.0080537984056075
interaction_g0.25,additive-amplitude,01,1,0.3578245837646946,1.0,0.4318336226268217
interaction_g0.25,additive-amplitude,01,19,0.0286560165965064,0.625,0.0358889378753226
interaction_g0.25,additive-amplitude,01,21,0.1229051369893782,1.0,0.2959721744581293
interaction_g0.25,additive-amplitude,01,39,0.1171956290455158,1.0,0.0959175849032207
interaction_g0.25,additive-amplitude,01,48,0.2081089941085543,1.0,0.0425804654966153
interaction_g0.25,additive-amplitude,02,1,0.1427340486255043,1.0,0.1983776428930953
interaction_g0.25,additive-amplitude,02,33,0.1096484721623346,1.0,0.2741835818381122
interaction_g0.25,additive-amplitude,02,37,0.0182134049005116,0.4375,0.0284001209118819
interaction_g0.25,additive-amplitude,02,48,0.1299931607058874,1.0,0.0712640597499116
interaction_g0.25,additive-amplitude,02,79,0.1512043064580254,1.0,0.1324454619559874
interaction_g0.25,additive-amplitude,03,14,0.2045649528089126,1.0,0.2050526470799863
interaction_g0.25,additive-amplitude,03,18,0.0611719861185518,0.9375,0.230254926031511
interaction_g0.25,additive-amplitude,03,27,0.0782463676506895,1.0,0.2636199780096132
interaction_g0.25,additive-amplitude,03,29,0.0045123175281184,0.0,0.0215281142426962
interaction_g0.25,additive-amplitude,03,59,0.3423517916182681,1.0,0.2651796412474286
interaction_g0.25,additive-amplitude,04,5,0.0533029382762684,1.0,0.1041996388757167
interaction_g0.25,additive-amplitude,04,8,0.0239818055573712,0.625,0.0271923484203968
interaction_g0.25,additive-amplitude,04,14,0.346739847838263,1.0,0.4680120989878755
interaction_g0.25,additive-amplitude,04,73,0.1775060715832065,1.0,0.2687786920282201
interaction_g0.25,additive-amplitude,04,97,0.0380490534542032,0.9375,0.1308408484459654
interaction_g0.25,additive-amplitude,05,3,0.4158433612904376,1.0,0.4126603868273171
interaction_g0.25,additive-amplitude,05,16,0.1148592276122228,1.0,0.0788624213663269
interaction_g0.25,additive-amplitude,05,86,0.0172646007169447,0.4375,0.0671337420457554
interaction_g0.25,additive-amplitude,05,91,0.1516823844014714,1.0,0.3688096124530183
interaction_g0.25,additive-amplitude,05,94,0.1201585055700246,1.0,0.0665099219570642
interaction_g0.25,additive-amplitude,06,2,0.087782398945418,1.0,0.2273919572568803
interaction_g0.25,additive-amplitude,06,11,0.0925106309520321,1.0,0.1501723878985681
interaction_g0.25,additive-amplitude,06,21,0.0973726490639335,1.0,0.2637644174389559
interaction_g0.25,additive-amplitude,06,27,0.0679024585812967,0.875,0.0716083043720953
interaction_g0.25,additive-amplitude,06,80,0.0826489936876938,1.0,0.1012738383293841
interaction_g0.25,additive-amplitude,07,4,0.1039831138430536,1.0,0.4287790617300809
interaction_g0.25,additive-amplitude,07,13,0.1229797772480515,1.0,0.1456816183022502
interaction_g0.25,additive-amplitude,07,58,0.1669027444902092,1.0,0.2221257731093074
interaction_g0.25,additive-amplitude,07,76,0.0793630554233792,1.0,0.1514333301274169
interaction_g0.25,additive-amplitude,07,83,0.3009208470714191,1.0,0.0510320530941918
interaction_g0.25,additive-amplitude,08,13,0.4676031420723371,1.0,0.1904011512335717
interaction_g0.25,additive-amplitude,08,33,0.0637893379193726,1.0,0.1164391031950435
interaction_g0.25,additive-amplitude,08,38,0.4795810588500625,1.0,0.5387205937179835
interaction_g0.25,additive-amplitude,08,43,0.0243613504287505,0.6875,0.0800018011057067
interaction_g0.25,additive-amplitude,08,86,0.0604940829007365,1.0,0.0739744597430031
interaction_g0.25,additive-amplitude,09,12,0.3913337564280527,1.0,0.6608829430147576
interaction_g0.25,additive-amplitude,09,17,0.054608122647742,0.875,0.147473726363684
interaction_g0.25,additive-amplitude,09,31,0.6450438911066094,1.0,0.0685317757279378
interaction_g0.25,additive-amplitude,09,74,0.0464434514857692,0.9375,0.0122979639446135
interaction_g0.25,additive-amplitude,09,96,0.0538491888827788,0.9375,0.0552982440431319
