family,method,seed,t,status,y_mean,y_std,sobol_computed
aligned3,product-amplitude,00,199,excluded,2.6104821022736244,1.0020958678184142,1
aligned3,product-amplitude,01,199,excluded,4.0531370377775335,1.456783026764616,1
aligned3,product-amplitude,02,199,excluded,2.466400862760829,0.9310599859810395,1
aligned3,product-amplitude,03,199,excluded,2.169171976230935,0.9404603857626368,1
aligned3,product-amplitude,04,199,excluded,2.852851439153285,1.1350896781949422,1
aligned3,product-amplitude,05,199,excluded,1.9392883394759164,0.7885180320653673,1
aligned3,product-amplitude,06,199,excluded,2.1559031868750838,0.8721903647833803,1
aligned3,product-amplitude,07,199,excluded,2.0801491138853425,0.8543389676208423,1
aligned3,product-amplitude,08,199,excluded,2.6966438998484916,0.9900291109308705,1
aligned3,product-amplitude,09,199,excluded,2.221640507745884,0.8297716493354852,1
aligned3,additive-amplitude,00,199,excluded,2.6198181275132333,0.9945164067890606,1
aligned3,additive-amplitude,01,199,excluded,3.9186970462649584,1.528498033608624,1
aligned3,additive-amplitude,02,199,excluded,2.5064140872242637,0.9045665097079189,1
aligned3,additive-amplitude,03,199,excluded,2.23039999073534,0.8615966053216454,1
aligned3,additive-amplitude,04,199,excluded,2.9439557865620025,1.0951210731013894,1
aligned3,additive-amplitude,05,199,excluded,2.0087429345913597,0.7403150287439789,1
aligned3,additive-amplitude,06,199,excluded,2.225078371700051,0.8357835471956423,1
aligned3,additive-amplitude,07,199,excluded,2.2039348384288218,0.8461673767285544,1
aligned3,additive-amplitude,08,199,excluded,2.733228905511962,0.9742486854617127,1
aligned3,additive-amplitude,09,199,excluded,2.2642544444876553,0.8033225915811751,1
aligned3,product-lengthscale,00,199,ok,2.5042561011912317,1.1102327780687333,1
aligned3,product-lengthscale,01,199,ok,3.8034697934338957,1.4720352436895985,1
aligned3,product-lengthscale,02,199,ok,2.3018905015100595,1.071503033323825,1
aligned3,product-lengthscale,03,199,ok,1.8100596214046447,1.1964590462026394,1
aligned3,product-lengthscale,04,199,ok,2.448095530344515,1.4140829706522673,1
aligned3,product-lengthscale,05,199,ok,1.873244828314041,0.8613031731395172,1
aligned3,product-lengthscale,06,199,excluded,2.049370664877007,0.9543690631643108,1
aligned3,product-lengthscale,07,199,excluded,2.008766127839045,0.9729699808989593,1
aligned3,product-lengthscale,08,199,ok,2.578777290435149,1.0487331403348363,1
aligned3,product-lengthscale,09,199,ok,2.1060264546770715,0.9232688976747171,1
aligned3,additive-lengthscale,00,199,ok,2.6521530004643394,0.9656918681831543,1
aligned3,additive-lengthscale,01,199,excluded,4.053049288614706,1.487368302758891,1
aligned3,additive-lengthscale,02,199,excluded,2.49932906858137,0.9163525689991973,1
aligned3,additive-lengthscale,03,199,ok,2.2268194198951945,0.8796775203582168,1
aligned3,additive-lengthscale,04,199,ok,2.9048540381507606,1.0851976730520945,1
aligned3,additive-lengthscale,05,199,excluded,1.9864837265912498,0.7464695896213114,1
aligned3,additive-lengthscale,06,199,ok,2.2010296292358285,0.8587237752466127,1
aligned3,additive-lengthscale,07,199,ok,2.1559349636048935,0.8858523172371959,1
aligned3,additive-lengthscale,08,199,ok,2.7368073267263795,0.9735607738679096,1
aligned3,additive-lengthscale,09,199,ok,2.2459274291616285,0.8011054468085007,1
aligned10,product-amplitude,00,199,excluded,4.261343668214433,1.559985988337607,1
aligned10,product-amplitude,01,199,excluded,4.353942796517582,1.6511646227096635,1
aligned10,product-amplitude,02,199,excluded,3.8522183277696582,1.3777039278930425,1
aligned10,product-amplitude,03,199,excluded,4.410010576242813,1.5981213439426787,1
aligned10,product-amplitude,04,199,excluded,4.749984877757459,1.898741976420463,1
aligned10,product-amplitude,05,199,excluded,3.7625990235146056,1.4217019445526997,1
aligned10,product-amplitude,06,199,excluded,4.003237025658032,1.4414004277234769,1
aligned10,product-amplitude,07,199,excluded,3.541772102167415,1.5462689871338169,1
aligned10,product-amplitude,08,199,excluded,4.481619028268425,1.6007521161924962,1
aligned10,product-amplitude,09,199,excluded,3.5666768608118495,1.3686475461288812,1
aligned10,additive-amplitude,00,199,excluded,4.432447093344059,1.5495882896669648,1
aligned10,additive-amplitude,01,199,excluded,4.405016690719363,1.7653720243146758,1
aligned10,additive-amplitude,02,199,excluded,3.7810442580053154,1.4192244471763742,1
aligned10,additive-amplitude,03,199,excluded,4.449350309055031,1.6175182556295487,1
aligned10,additive-amplitude,04,199,excluded,4.357508961776575,1.6412219419685234,1
aligned10,additive-amplitude,05,199,excluded,3.7972564740875394,1.4282634940528822,1
aligned10,additive-amplitude,06,199,excluded,4.013412523659471,1.4470144503651692,1
aligned10,additive-amplitude,07,199,excluded,3.8405671461101587,1.439540946131649,1
aligned10,additive-amplitude,08,199,excluded,4.759568810742778,1.6804094883893972,1
aligned10,additive-amplitude,09,199,excluded,3.799286762349634,1.447836201858494,1
aligned10,product-lengthscale,00,199,ok,4.0753049543420135,1.5753109873095839,1
aligned10,product-lengthscale,01,199,excluded,4.235702134059706,1.6516657427937937,1
aligned10,product-lengthscale,02,199,ok,3.575076416490432,1.4155239682139837,1
aligned10,product-lengthscale,03,199,excluded,4.167870102005623,1.6511343966481673,1
aligned10,product-lengthscale,04,199,ok,3.7726500356972643,1.6359356893732202,1
aligned10,product-lengthscale,05,199,excluded,3.2933982633364973,1.3273279461645304,1
aligned10,product-lengthscale,06,199,ok,2.963410155738575,1.3104614472292886,1
aligned10,product-lengthscale,07,199,excluded,3.3792611809191473,1.5876457187603656,1
aligned10,product-lengthscale,08,199,ok,4.563419430323345,1.656573102399369,1
aligned10,product-lengthscale,09,199,ok,3.027201626979073,1.3639785370199604,1
aligned10,additive-lengthscale,00,199,ok,4.36660889115138,1.5820118743136011,1
aligned10,additive-lengthscale,01,199,excluded,4.555364217655064,1.7065452351600492,1
aligned10,additive-lengthscale,02,199,excluded,3.9272531784098677,1.4281280778200427,1
aligned10,additive-lengthscale,03,199,excluded,4.3983964027681255,1.729876005045365,1
aligned10,additive-lengthscale,04,199,ok,4.39753658203364,1.9155327513380824,1
aligned10,additive-lengthscale,05,199,ok,3.691433246246148,1.4424955863478044,1
aligned10,additive-lengthscale,06,199,excluded,3.6010217055149,1.3634987534230154,1
aligned10,additive-lengthscale,07,199,excluded,3.552175617152355,1.5318139157512356,1
aligned10,additive-lengthscale,08,199,excluded,4.382636193720613,1.527383089308227,1
aligned10,additive-lengthscale,09,199,excluded,3.553921263835233,1.4008544113232366,1
decoupled,product-amplitude,00,199,excluded,3.72344881978225,1.34028189681364,1
decoupled,product-amplitude,01,199,excluded,2.784125452926889,1.2174187151849225,1
decoupled,product-amplitude,02,199,excluded,3.7221735436526657,1.6314566007453903,1
decoupled,product-amplitude,03,199,excluded,3.0756853934196178,1.2245983059435561,1
decoupled,product-amplitude,04,199,excluded,3.5478685160269126,1.3253591042324138,1
decoupled,product-amplitude,05,199,excluded,3.0629681204636197,1.5823301144637691,1
decoupled,product-amplitude,06,199,excluded,3.679975782830453,1.4060125020769423,1
decoupled,product-amplitude,07,199,excluded,4.212519404661351,1.6947928545538353,1
decoupled,product-amplitude,08,199,excluded,3.5123782152586878,1.3305719733797947,1
decoupled,product-amplitude,09,199,excluded,3.239803656758283,1.271410418992644,1
decoupled,additive-amplitude,00,199,excluded,3.720505636740246,1.3188089772812894,1
decoupled,additive-amplitude,01,199,excluded,2.9171645172617127,1.1488068125690467,1
decoupled,additive-amplitude,02,199,excluded,3.8970429084520126,1.5951795074249115,1
decoupled,additive-amplitude,03,199,excluded,3.4085695689818802,1.412345544087871,1
decoupled,additive-amplitude,04,199,excluded,3.720165296665812,1.408435893627321,1
decoupled,additive-amplitude,05,199,excluded,3.1170765412111403,1.5016556612193765,1
decoupled,additive-amplitude,06,199,excluded,3.6120529177658667,1.3288091546990533,1
decoupled,additive-amplitude,07,199,excluded,4.361364559746382,1.666292151348466,1
decoupled,additive-amplitude,08,199,excluded,3.4601794383664983,1.318716197483656,1
decoupled,additive-amplitude,09,199,excluded,3.332074456024306,1.2855361814539121,1
decoupled,product-lengthscale,00,199,ok,3.1860153709700882,1.3558579982678074,1
decoupled,product-lengthscale,01,199,ok,2.537417672373653,1.1590839896983158,1
decoupled,product-lengthscale,02,199,excluded,3.2440577810209144,1.4302107293492996,1
decoupled,product-lengthscale,03,199,excluded,2.9293313908366776,1.3106109881297971,1
decoupled,product-lengthscale,04,199,ok,2.970154636375259,1.236114629416808,1
decoupled,product-lengthscale,05,199,excluded,3.1243976573894088,1.434072984829122,1
decoupled,product-lengthscale,06,199,excluded,2.909298281962717,1.2853045286538147,1
decoupled,product-lengthscale,07,199,excluded,2.7005062701721148,1.4913726612329432,1
decoupled,product-lengthscale,08,199,excluded,3.147140165234944,1.4196928678258396,1
decoupled,product-lengthscale,09,199,ok,2.9401855323615984,1.169618990981856,1
decoupled,additive-lengthscale,00,199,ok,3.5951335433247973,1.3133337672855985,1
decoupled,additive-lengthscale,01,199,ok,2.8509720832322154,1.160344640628266,1
decoupled,additive-lengthscale,02,199,excluded,3.383668035956623,1.435961063518566,1
decoupled,additive-lengthscale,03,199,ok,3.375094767417353,1.3801458334876429,1
decoupled,additive-lengthscale,04,199,excluded,3.2186817705263713,1.1977575537218519,1
decoupled,additive-lengthscale,05,199,excluded,3.2386001767936556,1.6415454701934047,1
decoupled,additive-lengthscale,06,199,excluded,3.312596421397994,1.272652300834385,1
decoupled,additive-lengthscale,07,199,excluded,3.8045533369543483,1.6876642944788514,1
decoupled,additive-lengthscale,08,199,excluded,3.3247876403493564,1.2893230350947609,1
decoupled,additive-lengthscale,09,199,ok,2.9613251228084736,1.2829824587494043,1
interaction_g0.25,product-amplitude,00,199,excluded,2.508411759849948,1.0828799512025564,1
interaction_g0.25,product-amplitude,01,199,excluded,4.4891142289781945,1.7268652149506927,1
interaction_g0.25,product-amplitude,02,199,excluded,4.181700578048685,1.6446618989501889,1
interaction_g0.25,product-amplitude,03,199,excluded,2.314233548085498,1.1130538046242124,1
interaction_g0.25,product-amplitude,04,199,excluded,2.9463710748839342,1.256543290303577,1
interaction_g0.25,product-amplitude,05,199,excluded,3.003383908001491,1.3299541621666988,1
interaction_g0.25,product-amplitude,06,199,excluded,2.5824523962595656,1.1495038930901567,1
interaction_g0.25,product-amplitude,07,199,excluded,2.710100345442091,1.1506370033458635,1
interaction_g0.25,product-amplitude,08,199,excluded,4.416769878770155,1.6790586696389296,1
interaction_g0.25,product-amplitude,09,199,excluded,2.9352181483499336,1.452498973469533,1
interaction_g0.25,additive-amplitude,00,199,excluded,2.401685768351178,0.9727644018225278,1
interaction_g0.25,additive-amplitude,01,199,excluded,4.410812123659955,1.7987422637770107,1
interaction_g0.25,additive-amplitude,02,199,excluded,4.052969979020487,1.698633045160455,1
interaction_g0.25,additive-amplitude,03,199,excluded,2.485036975085691,1.1516775905391288,1
interaction_g0.25,additive-amplitude,04,199,excluded,2.988963469894801,1.1960446555436706,1
interaction_g0.25,additive-amplitude,05,199,excluded,2.6909453153121743,1.2675778435572926,1
interaction_g0.25,additive-amplitude,06,199,excluded,2.500846220666536,1.147150604121181,1
interaction_g0.25,additive-amplitude,07,199,excluded,2.7279560976118025,1.118635326595741,1
interaction_g0.25,additive-amplitude,08,199,excluded,4.154532259832983,1.7454173790657326,1
interaction_g0.25,additive-amplitude,09,199,excluded,2.894961799296401,1.4021859023831267,1
interaction_g0.25,product-lengthscale,00,199,ok,2.4595690859010104,1.0406958630248941,1
interaction_g0.25,product-lengthscale,01,199,ok,4.212231293942037,1.7753585203265794,1
interaction_g0.25,product-lengthscale,02,199,ok,4.00132013092086,1.787326537549529,1
interaction_g0.25,product-lengthscale,03,199,ok,2.242226599376897,1.244334685562283,1
interaction_g0.25,product-lengthscale,04,199,ok,2.4108500284070082,1.416462518905544,1
interaction_g0.25,product-lengthscale,05,199,excluded,2.7218784572566297,1.5745337565151345,1
interaction_g0.25,product-lengthscale,06,199,ok,2.460937508106028,1.1468265223926928,1
interaction_g0.25,product-lengthscale,07,199,ok,2.4782872509254528,1.3875214951227015,1
interaction_g0.25,product-lengthscale,08,199,ok,5.458660886625752,2.945336460142839,1
interaction_g0.25,product-lengthscale,09,199,ok,2.590422057014206,1.3225336629269797,1
interaction_g0.25,additive-lengthscale,00,199,ok,2.458100248008167,1.0397187905869898,1
interaction_g0.25,additive-lengthscale,01,199,excluded,4.28852448040375,1.7414743476404422,1
interaction_g0.25,additive-lengthscale,02,199,ok,4.044519684670323,1.6993331732614343,1
interaction_g0.25,additive-lengthscale,03,199,ok,2.0153046877796266,1.0443119065972957,1
interaction_g0.25,additive-lengthscale,04,199,excluded,2.844007920156827,1.1678415117099732,1
interaction_g0.25,additive-lengthscale,05,199,ok,2.8388814470891295,1.2139651520021406,1
interaction_g0.25,additive-lengthscale,06,199,excluded,2.534053302567766,1.0806429455715556,1
interaction_g0.25,additive-lengthscale,07,199,excluded,2.6572522796881906,1.170180386726166,1
interaction_g0.25,additive-lengthscale,08,199,ok,4.1718891423318,1.7655153029496558,1
interaction_g0.25,additive-lengthscale,09,199,ok,2.474027122610318,1.4321031721740038,1
