kind,a,b,k,alpha,sd_log_omega,P_R2_below_0.6,q25,q25_c,q50,q50_c,q75,q75_c,residual,residual_c,note,branch,roots_in_k,truth_q25,truth_q50,truth_q75
target,nan,nan,nan,nan,nan,nan,17,16.62796610056788,37,36.988983733216266,64,64.3979438767847,0,0.0,,,,,,
C_tied,9.378587497618584,0.5,0.09378587497618585,9.378587497618584,2.2466228402681825,0.0022413923198805453,30,29.594851612205215,37,36.988983733216294,46,45.857294470474095,18,18.5406494063106,,rising,0.093786 rising,30.0,37.0,46.0
profile_k0.5,0.5,nan,nan,nan,nan,nan,nan,nan,nan,nan,nan,nan,nan,nan,no b >= 0.5 with k <= 0.5 matches the median,,,nan,nan,nan
profile_k0.5,0.75,nan,nan,nan,nan,nan,nan,nan,nan,nan,nan,nan,nan,nan,no b >= 0.5 with k <= 0.5 matches the median,,,nan,nan,nan
profile_k0.5,1.0,0.5001229646039625,0.36302740314026516,36.302740314026515,2.564696406451733,0.3676157235560549,12,11.651870087478317,37,36.98898373321629,63,63.359281448941914,5,4.9760960130895615,,rising,,12.0,37.0,63.0
profile_k0.5,1.25,0.6083733349289066,0.38634149666402584,38.634149666402585,2.1798506117329315,0.3584535038053778,14,13.594274533707647,37,36.98898373282844,61,61.35056527065349,3,3.047378606131204,,rising,,14.0,37.0,61.0
profile_k0.5,1.5,0.7578489579304963,0.4726586043822866,47.26586043822866,1.8535539633705111,0.36816817041841476,14,13.680613316501063,37,36.98898374306287,61,61.43506663923273,3,2.9628772375519645,,rising,,14.0,37.0,61.0
profile_k0.5,1.75,0.8770949889833232,0.5,50.0,1.6621131513503846,0.3633632502724004,15,14.783865085993805,37,36.98898377603287,60,60.27921122870847,4,4.118732648076225,,rising,,15.0,37.0,60.0
profile_k0.5,2.0,0.9814169708543445,0.5,50.0,1.5282972095035383,0.3535456378956711,16,16.12571220209453,37,36.9889837977472,59,58.81387650339764,5,5.584067373387057,,rising,,16.0,37.0,59.0
profile_k0.5,2.5,1.1881679012152706,0.5,50.0,1.332461343456185,0.33594106763087694,18,18.2153239476786,37,36.98898366622094,57,56.555628151825815,7,7.84231572495888,,rising,,18.0,37.0,57.0
profile_k0.5,3.0,1.3933617705134802,0.5,50.0,1.1945279667750273,0.3203996445119655,20,19.781056406780767,37,36.98898368611604,55,54.88316579423009,9,9.514778082554606,,rising,,20.0,37.0,55.0
profile_k0.5,4.0,1.8013127226956547,0.5,50.0,1.0100049627436447,0.2937026371391706,22,22.001434179969362,37,36.988983704523065,53,52.52636206204456,11,11.871581814740132,,rising,,22.0,37.0,52.0
profile_k0.5,5.0,2.2076127117793467,0.5,50.0,0.8898454954915576,0.27116893244291373,24,23.528741643989694,37,36.988983712304496,51,50.92405090960396,13,13.473892967180731,,rising,,23.0,37.0,51.0
profile_k0.5,7.0,3.0181147145048572,0.5,50.0,0.738719769387213,0.23436970661223408,26,25.533270549840744,37,36.988983719086576,49,48.82650631334595,15,15.571437563438742,,rising,,25.0,37.0,49.0
profile_k0.5,10.0,4.231903509439539,0.5,50.0,0.609558009152685,0.19236024829825607,27,27.31421372537091,37,36.98898370831666,47,46.972634558805204,17,17.42530931797949,,rising,,27.0,37.0,47.0
profile_k0.5,20.0,8.27488076920371,0.5,50.0,0.42392671587443614,0.10853723075476172,30,29.95462628701485,37,36.9889837320621,44,44.23966603471987,20,20.158277842064827,,rising,,30.0,37.0,44.0
profile_k0.5,50.0,20.409951185659025,0.5,50.0,0.2653618738722861,0.025315886495541447,32,32.20121405957379,37,36.988983720768275,42,41.929722319117985,22,22.46822155766671,,rising,,32.0,37.0,42.0
C_untied,1.577790731256835,0.8043916352200708,0.49942145555129697,49.9421455551297,1.776091848939323,0.37050502633767457,14,13.707771969856822,37,36.98898375565354,61,61.463537836818276,3,2.9344060399664187,,rising,0.49942 rising,14.0,37.0,61.0
profile_k1,0.5,nan,nan,nan,nan,nan,nan,nan,nan,nan,nan,nan,nan,nan,no b >= 0.5 with k <= 1 matches the median,,,nan,nan,nan
profile_k1,0.75,nan,nan,nan,nan,nan,nan,nan,nan,nan,nan,nan,nan,nan,no b >= 0.5 with k <= 1 matches the median,,,nan,nan,nan
profile_k1,1.0,0.5000831442699754,0.36295401894955837,36.29540189495584,2.5648269699924224,0.3675926493281283,12,11.653869379738373,37,36.98898373321626,63,63.35697258949297,5,4.974096720829506,,rising,,12.0,37.0,63.0
profile_k1,1.25,0.6083813963597791,0.3863543324720701,38.63543324720701,2.1798329042216604,0.35845747787377225,14,13.593959188130322,37,36.98898373282827,61,61.350922184461204,3,3.04702169232349,,rising,,14.0,37.0,61.0
profile_k1,1.5,0.75790346604669,0.4727599916382152,47.27599916382152,1.8534782363101452,0.36819128495800296,14,13.67860111082033,37,36.9889837430736,61,61.437481580652424,3,2.9604622961322704,,rising,,14.0,37.0,61.0
profile_k1,1.75,0.9072794137014625,0.5583933303915313,55.839333039153125,1.6320508569251018,0.37478220695121495,14,13.768975136901695,37,36.98898377302773,62,61.524339684848854,3,2.87360419193584,,rising,,14.0,37.0,61.0
profile_k1,2.0,1.0562396256353312,0.6436329644850387,64.36329644850387,1.4711360902791664,0.3793254470086315,14,13.85353414520291,37,36.98898378284904,62,61.60951935693796,3,2.7884245198467354,,rising,,14.0,37.0,62.0
profile_k1,2.5,1.3522717655180176,0.8133259028363204,81.33259028363204,1.2510349522815098,0.38451172443190107,14,14.000321138666992,37,36.988983773204936,62,61.762908871318935,3,2.6350350054657596,,rising,,14.0,37.0,62.0
profile_k1,3.0,1.6453784986342854,0.9816765891139281,98.1676589113928,1.1056871666658268,0.38648076639341966,14,14.126010385683443,37,36.988983746005516,62,61.88323214719008,3,2.514711729594616,,rising,,14.0,37.0,62.0
profile_k1,4.0,2.1511017775858523,1.0,100.0,0.9342726785453944,0.3697892493724718,17,16.671532986795675,37,36.98898379789123,59,58.8625535478181,5,5.535390328966592,,rising,,17.0,37.0,59.0
profile_k1,5.0,2.6511619623821163,1.0,100.0,0.823629112857127,0.35439108320034524,19,18.6071321992237,37,36.9889838248927,57,56.615844631229834,7,7.7820992455548605,,rising,,19.0,37.0,56.0
profile_k1,7.0,3.649704168155861,1.0,100.0,0.6844383665902689,0.3283627195268183,21,21.234298898610305,37,36.98898364789021,54,53.645929828200735,10,10.752014048583959,,rising,,21.0,37.0,53.0
profile_k1,10.0,5.1459890587286585,1.0,100.0,0.5653209708156806,0.2968524596656789,24,23.64599574240488,37,36.988983668066716,51,50.98827950326265,13,13.409664373522041,,rising,,24.0,37.0,51.0
profile_k1,20.0,10.130658934945354,1.0,100.0,0.393716819107387,0.22418110260591476,27,27.344799902133357,37,36.9889836873689,47,47.008131381108996,17,17.3898124956757,,rising,,27.0,37.0,47.0
profile_k1,50.0,25.084050162608218,1.0,100.0,0.2467235453297666,0.11473067240291271,31,30.643887083721946,37,36.98898369865059,44,43.53376766171801,20,20.864176215066685,,rising,,31.0,37.0,44.0
profile_k1,100.0,50.01498391734709,1.0,100.0,0.17391200965828751,0.0445769631839191,32,32.255094806048945,37,36.988983704662786,42,41.8651960956531,22,22.532747781131597,,rising,,32.0,37.0,42.0
C_untied_k1,3.0486546035543407,1.67377856733023,0.9981098100451032,99.81098100451032,1.0940559893686532,0.3865644409973395,14,14.136216838605781,37,36.98898374214669,62,61.894816468789855,3,2.503127407994839,,rising,0.99811 rising,14.0,37.0,62.0
trend,1.5,0.7578473350823336,0.4726555864415429,47.26555864415429,1.8535562181474465,0.36816748222918066,14,13.680673218019335,37,36.98898374306255,61,61.4349947511077,3,2.9629491256769924,,rising,,14.0,37.0,61.0
trend,3.0,1.6453661206257306,0.9816263514626433,98.16263514626434,1.1056908368202216,0.3864775693434318,14,14.126463119512913,37,36.98898374603092,62,61.88260524300669,3,2.5153386337780077,,rising,,14.0,37.0,62.0
trend,5.0,2.79369472974456,1.6430203574853328,164.30203574853329,0.8067211035784178,0.3812725542031338,14,14.493246649374166,37,36.98898373321623,62,62.140583104372446,3,2.257360772412248,,rising,,14.0,37.0,62.0
trend,10.0,5.572865804904488,3.318363091277941,331.8363091277941,0.549239153749601,0.34952509729220954,15,14.796848586681016,37,36.98898373321605,63,62.559270139492746,2,1.8386737372919484,,rising,,15.0,37.0,63.0
trend,20.0,10.962606207354273,6.640310465738114,664.0310465738114,0.3831145690512744,0.28844967366486896,15,15.049176068691544,37,36.988983733192846,63,62.81253474707063,2,1.5854091297140656,,falling,,15.0,37.0,63.0
trend,50.0,26.747470518553403,15.920724469624796,1592.0724469624795,0.24144489319738477,0.17121097527162138,16,15.601853470169942,37,36.98898340260605,63,62.52775788521636,1,1.8701859915683343,,falling,,16.0,37.0,63.0
trend,100.0,52.59542064298704,32.53878519651204,3253.8785196512035,0.17101205365066255,0.07739163813169281,16,15.525854024977033,37,36.98898373289852,63,62.9200777242007,1,1.4778661525839922,,falling,,15.0,37.0,63.0
