point,a,b,alpha,k,scale,source,mean,sd,q05,q25,q50,q75,q95,agrees_with_scouting,transport_identity,evaluable
half-Cauchy,nan,nan,nan,nan,amplitude,mixture,41.54038054007712,28.67388726027135,3.0,17.0,37.0,64.0,93.0,,,
half-Cauchy,nan,nan,nan,nan,amplitude,ground_truth,41.549175,28.646616989841924,3.0,17.0,37.0,64.0,93.0,,,
P1,20.93,0.5,20.93,0.20929999999999999,amplitude,ground_truth,65.2137,13.442236264051413,43.0,56.0,65.0,75.0,88.0,,,
P1,20.93,0.5,20.93,0.20929999999999999,rho,ground_truth,65.2137,13.442236264051413,43.0,56.0,65.0,75.0,88.0,,True,
P1,20.93,0.5,20.93,0.20929999999999999,amplitude,mixture,65.21336479314594,13.463882937115228,43.0,56.0,65.0,75.0,88.0,,,
P1,20.93,0.5,20.93,0.20929999999999999,amplitude,I1 Tier A,65.12125,13.61116690087962,43.0,55.0,65.0,75.0,88.0,,,True
P1,20.93,0.5,20.93,0.20929999999999999,rho,I1 Tier A,65.12125,13.61116690087962,43.0,55.0,65.0,75.0,88.0,,True,True
P1,20.93,0.5,20.93,0.20929999999999999,amplitude,I2 Tier A,65.4725,13.742159782540451,43.0,56.0,65.0,76.0,89.0,,,True
P1,20.93,0.5,20.93,0.20929999999999999,rho,I2 Tier A,65.4725,13.742159782540451,43.0,56.0,65.0,76.0,89.0,,True,True
P1,20.93,0.5,20.93,0.20929999999999999,amplitude,I3 Tier A,64.99575,13.313453494435135,44.0,55.0,65.0,74.0,88.0,,,True
P1,20.93,0.5,20.93,0.20929999999999999,rho,I3 Tier A,64.99575,13.313453494435135,44.0,55.0,65.0,74.0,88.0,,True,True
P2,1.0,1.0,1.0,0.01,amplitude,ground_truth,3.85382,2.267502395905146,1.0,2.0,4.0,5.0,8.0,,,
P2,1.0,1.0,1.0,0.01,rho,ground_truth,3.85382,2.267502395905146,1.0,2.0,4.0,5.0,8.0,,True,
P2,1.0,1.0,1.0,0.01,amplitude,mixture,3.8555031365804644,2.2703924449534956,1.0,2.0,4.0,5.0,8.0,,,
P2,1.0,1.0,1.0,0.01,amplitude,I1 Tier A,2.94375,2.2542973188114295,0.0,1.0,2.0,4.0,7.0,,,False
P2,1.0,1.0,1.0,0.01,rho,I1 Tier A,2.94375,2.2542973188114295,0.0,1.0,2.0,4.0,7.0,,True,False
P2,1.0,1.0,1.0,0.01,amplitude,I2 Tier A,3.8965,2.277077956725516,1.0,2.0,4.0,5.0,8.0,,,True
P2,1.0,1.0,1.0,0.01,rho,I2 Tier A,3.8965,2.277077956725516,1.0,2.0,4.0,5.0,8.0,,True,True
P2,1.0,1.0,1.0,0.01,amplitude,I3 Tier A,3.8125,2.2742332299471943,1.0,2.0,4.0,5.0,8.0,,,True
P2,1.0,1.0,1.0,0.01,rho,I3 Tier A,3.8125,2.2742332299471943,1.0,2.0,4.0,5.0,8.0,,True,True
P3,2.0,2.0,20.93,0.20929999999999999,amplitude,ground_truth,16.850045,12.44180222034523,0.0,7.0,15.0,25.0,40.0,,,
P3,2.0,2.0,20.93,0.20929999999999999,rho,ground_truth,16.850045,12.44180222034523,0.0,7.0,15.0,25.0,40.0,,True,
P3,2.0,2.0,20.93,0.20929999999999999,amplitude,mixture,16.81349813128822,12.422459771314543,0.0,7.0,15.0,25.0,40.0,,,
P3,2.0,2.0,20.93,0.20929999999999999,amplitude,I1 Tier A,16.80275,12.462470490644405,0.0,7.0,15.0,25.0,40.0,,,True
P3,2.0,2.0,20.93,0.20929999999999999,rho,I1 Tier A,16.80275,12.462470490644405,0.0,7.0,15.0,25.0,40.0,,True,True
P3,2.0,2.0,20.93,0.20929999999999999,amplitude,I2 Tier A,17.05375,12.59082972586781,0.0,7.0,15.0,25.0,40.0,,,True
P3,2.0,2.0,20.93,0.20929999999999999,rho,I2 Tier A,17.05375,12.59082972586781,0.0,7.0,15.0,25.0,40.0,,True,True
C_tied,9.378587497618584,0.5,9.378587497618584,0.09378587497618585,amplitude,ground_truth,38.441175,12.141024941981142,21.0,30.0,37.0,46.0,61.0,,,
C_tied,9.378587497618584,0.5,9.378587497618584,0.09378587497618585,rho,ground_truth,38.441175,12.141024941981142,21.0,30.0,37.0,46.0,61.0,,True,
C_tied,9.378587497618584,0.5,9.378587497618584,0.09378587497618585,amplitude,mixture,38.44121601106298,12.155486922494527,21.0,30.0,37.0,46.0,61.0,,,
C_tied,9.378587497618584,0.5,9.378587497618584,0.09378587497618585,amplitude,I1 Tier A,39.02225,12.357828851419663,22.0,30.0,38.0,46.0,62.0,,,True
C_tied,9.378587497618584,0.5,9.378587497618584,0.09378587497618585,rho,I1 Tier A,39.02225,12.357828851419663,22.0,30.0,38.0,46.0,62.0,,True,True
C_tied,9.378587497618584,0.5,9.378587497618584,0.09378587497618585,amplitude,I2 Tier A,38.86775,12.645819037226516,21.0,30.0,37.0,47.0,63.0,,,True
C_tied,9.378587497618584,0.5,9.378587497618584,0.09378587497618585,rho,I2 Tier A,38.86775,12.645819037226516,21.0,30.0,37.0,47.0,63.0,,True,True
C_tied,9.378587497618584,0.5,9.378587497618584,0.09378587497618585,amplitude,I3 Tier A,38.2155,11.929863375581466,21.0,30.0,37.0,45.0,60.0,,,True
C_tied,9.378587497618584,0.5,9.378587497618584,0.09378587497618585,rho,I3 Tier A,38.2155,11.929863375581466,21.0,30.0,37.0,45.0,60.0,,True,True
C_untied,1.577790731256835,0.8043916352200708,49.9421455551297,0.49942145555129697,amplitude,ground_truth,38.87376,27.901276420058803,0.0,14.0,37.0,61.0,87.0,,,
C_untied,1.577790731256835,0.8043916352200708,49.9421455551297,0.49942145555129697,rho,ground_truth,38.87376,27.901276420058803,0.0,14.0,37.0,61.0,87.0,,True,
C_untied,1.577790731256835,0.8043916352200708,49.9421455551297,0.49942145555129697,amplitude,mixture,38.95110839526996,27.95944765810706,0.0,14.0,37.0,61.0,87.0,,,
C_untied,1.577790731256835,0.8043916352200708,49.9421455551297,0.49942145555129697,amplitude,I1 Tier A,39.61125,28.033392431354123,0.0,14.0,38.0,63.0,87.0,,,True
C_untied,1.577790731256835,0.8043916352200708,49.9421455551297,0.49942145555129697,rho,I1 Tier A,39.61125,28.033392431354123,0.0,14.0,38.0,63.0,87.0,,True,True
C_untied,1.577790731256835,0.8043916352200708,49.9421455551297,0.49942145555129697,amplitude,I2 Tier A,39.46475,28.62266709629671,0.0,13.0,38.0,63.0,87.0,,,True
C_untied,1.577790731256835,0.8043916352200708,49.9421455551297,0.49942145555129697,rho,I2 Tier A,39.46475,28.62266709629671,0.0,13.0,38.0,63.0,87.0,,True,True
C_untied_k1,3.0486546035543407,1.67377856733023,99.81098100451032,0.9981098100451032,amplitude,ground_truth,39.231195,27.917511364897464,0.0,14.0,37.0,62.0,87.0,,,
C_untied_k1,3.0486546035543407,1.67377856733023,99.81098100451032,0.9981098100451032,rho,ground_truth,39.231195,27.917511364897464,0.0,14.0,37.0,62.0,87.0,,True,
C_untied_k1,3.0486546035543407,1.67377856733023,99.81098100451032,0.9981098100451032,amplitude,mixture,39.27759832259129,27.936900879822193,0.0,14.0,37.0,62.0,87.0,,,
C_untied_k1,3.0486546035543407,1.67377856733023,99.81098100451032,0.9981098100451032,amplitude,I1 Tier A,39.274,27.6191532891054,1.0,14.0,38.0,61.0,87.0,,,True
C_untied_k1,3.0486546035543407,1.67377856733023,99.81098100451032,0.9981098100451032,rho,I1 Tier A,39.274,27.6191532891054,1.0,14.0,38.0,61.0,87.0,,True,True
C_untied_k1,3.0486546035543407,1.67377856733023,99.81098100451032,0.9981098100451032,amplitude,I2 Tier A,39.443,28.170057490796122,0.0,14.0,37.0,62.0,88.0,,,True
C_untied_k1,3.0486546035543407,1.67377856733023,99.81098100451032,0.9981098100451032,rho,I2 Tier A,39.443,28.170057490796122,0.0,14.0,37.0,62.0,88.0,,True,True
tied_k0.0892,8.92,0.5,8.92,0.0892,amplitude,ground_truth,36.99621,11.899073223390882,20.0,28.0,36.0,44.0,59.0,,,
tied_k0.0892,8.92,0.5,8.92,0.0892,rho,ground_truth,36.99621,11.899073223390882,20.0,28.0,36.0,44.0,59.0,,True,
tied_k0.0892,8.92,0.5,8.92,0.0892,amplitude,mixture,36.99622804156552,11.922931102356134,20.0,28.0,36.0,44.0,59.0,,,
profile_k0.5_a1,1.0,0.5001229646039625,36.302740314026515,0.36302740314026516,amplitude,ground_truth,39.11543,29.426717716620686,0.0,12.0,37.0,63.0,89.0,,,
profile_k0.5_a1,1.0,0.5001229646039625,36.302740314026515,0.36302740314026516,rho,ground_truth,39.11543,29.426717716620686,0.0,12.0,37.0,63.0,89.0,,True,
profile_k0.5_a1,1.0,0.5001229646039625,36.302740314026515,0.36302740314026516,amplitude,mixture,39.15946266404809,29.405931317443926,0.0,12.0,37.0,63.0,89.0,,,
profile_k0.5_a1.25,1.25,0.6083733349289066,38.634149666402585,0.38634149666402584,amplitude,ground_truth,38.948755,27.95054570334899,0.0,14.0,37.0,61.0,87.0,,,
profile_k0.5_a1.25,1.25,0.6083733349289066,38.634149666402585,0.38634149666402584,rho,ground_truth,38.948755,27.95054570334899,0.0,14.0,37.0,61.0,87.0,,True,
profile_k0.5_a1.25,1.25,0.6083733349289066,38.634149666402585,0.38634149666402584,amplitude,mixture,38.87854580172861,28.009408398763487,0.0,14.0,37.0,61.0,87.0,,,
profile_k0.5_a1.5,1.5,0.7578489579304963,47.26586043822866,0.4726586043822866,amplitude,ground_truth,38.914375,27.91210326698651,0.0,14.0,37.0,61.0,87.0,,,
profile_k0.5_a1.5,1.5,0.7578489579304963,47.26586043822866,0.4726586043822866,rho,ground_truth,38.914375,27.91210326698651,0.0,14.0,37.0,61.0,87.0,,True,
profile_k0.5_a1.5,1.5,0.7578489579304963,47.26586043822866,0.4726586043822866,amplitude,mixture,38.9323613047782,27.967545995827532,0.0,14.0,37.0,61.0,87.0,,,
profile_k0.5_a1.75,1.75,0.8770949889833232,50.0,0.5,amplitude,ground_truth,38.706975,27.062228902485856,0.0,15.0,37.0,60.0,85.0,,,
profile_k0.5_a1.75,1.75,0.8770949889833232,50.0,0.5,rho,ground_truth,38.706975,27.062228902485856,0.0,15.0,37.0,60.0,85.0,,True,
profile_k0.5_a1.75,1.75,0.8770949889833232,50.0,0.5,amplitude,mixture,38.77390328376451,27.102055873524108,0.0,15.0,37.0,60.0,85.0,,,
profile_k0.5_a2,2.0,0.9814169708543445,50.0,0.5,amplitude,ground_truth,38.521355,25.944714675730644,1.0,16.0,37.0,59.0,83.0,,,
profile_k0.5_a2,2.0,0.9814169708543445,50.0,0.5,rho,ground_truth,38.521355,25.944714675730644,1.0,16.0,37.0,59.0,83.0,,True,
profile_k0.5_a2,2.0,0.9814169708543445,50.0,0.5,amplitude,mixture,38.561215930955285,25.98345787082614,1.0,16.0,37.0,59.0,83.0,,,
profile_k0.5_a2.5,2.5,1.1881679012152706,50.0,0.5,amplitude,ground_truth,38.18952,24.09107851612128,2.0,18.0,37.0,57.0,80.0,,,
profile_k0.5_a2.5,2.5,1.1881679012152706,50.0,0.5,rho,ground_truth,38.18952,24.09107851612128,2.0,18.0,37.0,57.0,80.0,,True,
profile_k0.5_a2.5,2.5,1.1881679012152706,50.0,0.5,amplitude,mixture,38.252802749973874,24.12149495284219,2.0,18.0,37.0,57.0,80.0,,,
profile_k0.5_a3,3.0,1.3933617705134802,50.0,0.5,amplitude,ground_truth,37.976515,22.59972825485654,3.0,20.0,37.0,55.0,77.0,,,
profile_k0.5_a3,3.0,1.3933617705134802,50.0,0.5,rho,ground_truth,37.976515,22.59972825485654,3.0,20.0,37.0,55.0,77.0,,True,
profile_k0.5_a3,3.0,1.3933617705134802,50.0,0.5,amplitude,mixture,38.04291174495225,22.620765856146033,3.0,20.0,37.0,55.0,77.0,,,
profile_k0.5_a4,4.0,1.8013127226956547,50.0,0.5,amplitude,ground_truth,37.75925,20.29430853052879,6.0,22.0,37.0,52.0,73.0,,,
profile_k0.5_a4,4.0,1.8013127226956547,50.0,0.5,rho,ground_truth,37.75925,20.29430853052879,6.0,22.0,37.0,52.0,73.0,,True,
profile_k0.5_a4,4.0,1.8013127226956547,50.0,0.5,amplitude,mixture,37.781378664436076,20.321834347996845,6.0,22.0,37.0,53.0,73.0,,,
profile_k0.5_a5,5.0,2.2076127117793467,50.0,0.5,amplitude,ground_truth,37.606065,18.617855229280348,8.0,23.0,37.0,51.0,69.0,,,
profile_k0.5_a5,5.0,2.2076127117793467,50.0,0.5,rho,ground_truth,37.606065,18.617855229280348,8.0,23.0,37.0,51.0,69.0,,True,
profile_k0.5_a5,5.0,2.2076127117793467,50.0,0.5,amplitude,mixture,37.628879269073295,18.62071597821251,8.0,24.0,37.0,51.0,69.0,,,
profile_k0.5_a7,7.0,3.0181147145048572,50.0,0.5,amplitude,ground_truth,37.38694,16.24383750065494,11.0,25.0,37.0,49.0,65.0,,,
profile_k0.5_a7,7.0,3.0181147145048572,50.0,0.5,rho,ground_truth,37.38694,16.24383750065494,11.0,25.0,37.0,49.0,65.0,,True,
profile_k0.5_a7,7.0,3.0181147145048572,50.0,0.5,amplitude,mixture,37.46380287868257,16.229528780712336,11.0,26.0,37.0,49.0,65.0,,,
profile_k0.5_a10,10.0,4.231903509439539,50.0,0.5,amplitude,ground_truth,37.298585,13.97230682903026,15.0,27.0,37.0,47.0,61.0,,,
profile_k0.5_a10,10.0,4.231903509439539,50.0,0.5,rho,ground_truth,37.298585,13.97230682903026,15.0,27.0,37.0,47.0,61.0,,True,
profile_k0.5_a10,10.0,4.231903509439539,50.0,0.5,amplitude,mixture,37.349880333504125,13.958179816781607,15.0,27.0,37.0,47.0,61.0,,,
profile_k0.5_a20,20.0,8.27488076920371,50.0,0.5,amplitude,ground_truth,37.21903,10.371771484530434,21.0,30.0,37.0,44.0,55.0,,,
profile_k0.5_a20,20.0,8.27488076920371,50.0,0.5,rho,ground_truth,37.21903,10.371771484530434,21.0,30.0,37.0,44.0,55.0,,True,
profile_k0.5_a20,20.0,8.27488076920371,50.0,0.5,amplitude,mixture,37.22927417760619,10.368694846805447,21.0,30.0,37.0,44.0,55.0,,,
profile_k0.5_a50,50.0,20.409951185659025,50.0,0.5,amplitude,ground_truth,37.169645,7.163915980972691,26.0,32.0,37.0,42.0,49.0,,,
profile_k0.5_a50,50.0,20.409951185659025,50.0,0.5,rho,ground_truth,37.169645,7.163915980972691,26.0,32.0,37.0,42.0,49.0,,True,
profile_k0.5_a50,50.0,20.409951185659025,50.0,0.5,amplitude,mixture,37.15365858064383,7.147675173501649,26.0,32.0,37.0,42.0,49.0,,,
profile_k1_a1,1.0,0.5000831442699754,36.29540189495584,0.36295401894955837,amplitude,ground_truth,39.127475,29.438056119929445,0.0,12.0,37.0,63.0,89.0,,,
profile_k1_a1,1.0,0.5000831442699754,36.29540189495584,0.36295401894955837,rho,ground_truth,39.127475,29.438056119929445,0.0,12.0,37.0,63.0,89.0,,True,
profile_k1_a1,1.0,0.5000831442699754,36.29540189495584,0.36295401894955837,amplitude,mixture,39.15908188331851,29.40451213323786,0.0,12.0,37.0,63.0,89.0,,,
profile_k1_a1.25,1.25,0.6083813963597791,38.63543324720701,0.3863543324720701,amplitude,ground_truth,38.958305,27.959025288132814,0.0,14.0,37.0,61.0,87.0,,,
profile_k1_a1.25,1.25,0.6083813963597791,38.63543324720701,0.3863543324720701,rho,ground_truth,38.958305,27.959025288132814,0.0,14.0,37.0,61.0,87.0,,True,
profile_k1_a1.25,1.25,0.6083813963597791,38.63543324720701,0.3863543324720701,amplitude,mixture,38.87860245304975,28.009645779616015,0.0,14.0,37.0,61.0,87.0,,,
profile_k1_a1.5,1.5,0.75790346604669,47.27599916382152,0.4727599916382152,amplitude,ground_truth,38.905985,27.914740771562553,0.0,14.0,37.0,61.0,87.0,,,
profile_k1_a1.5,1.5,0.75790346604669,47.27599916382152,0.4727599916382152,rho,ground_truth,38.905985,27.914740771562553,0.0,14.0,37.0,61.0,87.0,,True,
profile_k1_a1.5,1.5,0.75790346604669,47.27599916382152,0.4727599916382152,amplitude,mixture,38.932779050124566,27.969148979530615,0.0,14.0,37.0,61.0,87.0,,,
profile_k1_a1.75,1.75,0.9072794137014625,55.839333039153125,0.5583933303915313,amplitude,ground_truth,38.938,27.934339577599435,0.0,14.0,37.0,61.0,87.0,,,
profile_k1_a1.75,1.75,0.9072794137014625,55.839333039153125,0.5583933303915313,rho,ground_truth,38.938,27.934339577599435,0.0,14.0,37.0,61.0,87.0,,True,
profile_k1_a1.75,1.75,0.9072794137014625,55.839333039153125,0.5583933303915313,amplitude,mixture,38.99335680896032,27.945319162431783,0.0,14.0,37.0,62.0,87.0,,,
profile_k1_a2,2.0,1.0562396256353312,64.36329644850387,0.6436329644850387,amplitude,ground_truth,39.075155,27.908949125203215,0.0,14.0,37.0,62.0,87.0,,,
profile_k1_a2,2.0,1.0562396256353312,64.36329644850387,0.6436329644850387,rho,ground_truth,39.075155,27.908949125203215,0.0,14.0,37.0,62.0,87.0,,True,
profile_k1_a2,2.0,1.0562396256353312,64.36329644850387,0.6436329644850387,amplitude,mixture,39.054763409570434,27.93406170063591,0.0,14.0,37.0,62.0,87.0,,,
profile_k1_a2.5,2.5,1.3522717655180176,81.33259028363204,0.8133259028363204,amplitude,ground_truth,39.05856,27.8908291418192,0.0,14.0,37.0,62.0,87.0,,,
profile_k1_a2.5,2.5,1.3522717655180176,81.33259028363204,0.8133259028363204,rho,ground_truth,39.05856,27.8908291418192,0.0,14.0,37.0,62.0,87.0,,True,
profile_k1_a2.5,2.5,1.3522717655180176,81.33259028363204,0.8133259028363204,amplitude,mixture,39.16990573212531,27.931521393638388,0.0,14.0,37.0,62.0,87.0,,,
profile_k1_a3,3.0,1.6453784986342854,98.1676589113928,0.9816765891139281,amplitude,ground_truth,39.206755,27.91261548011024,0.0,14.0,37.0,62.0,87.0,,,
profile_k1_a3,3.0,1.6453784986342854,98.1676589113928,0.9816765891139281,rho,ground_truth,39.206755,27.91261548011024,0.0,14.0,37.0,62.0,87.0,,True,
profile_k1_a3,3.0,1.6453784986342854,98.1676589113928,0.9816765891139281,amplitude,mixture,39.268580611469275,27.935500119276494,0.0,14.0,37.0,62.0,87.0,,,
profile_k1_a4,4.0,2.1511017775858523,100.0,1.0,amplitude,ground_truth,38.872105,25.687114415757367,2.0,17.0,37.0,59.0,83.0,,,
profile_k1_a4,4.0,2.1511017775858523,100.0,1.0,rho,ground_truth,38.872105,25.687114415757367,2.0,17.0,37.0,59.0,83.0,,True,
profile_k1_a4,4.0,2.1511017775858523,100.0,1.0,amplitude,mixture,38.79721884933547,25.703861370789134,1.0,17.0,37.0,59.0,83.0,,,
profile_k1_a5,5.0,2.6511619623821163,100.0,1.0,amplitude,ground_truth,38.366895,23.850299521031413,3.0,19.0,37.0,56.0,80.0,,,
profile_k1_a5,5.0,2.6511619623821163,100.0,1.0,rho,ground_truth,38.366895,23.850299521031413,3.0,19.0,37.0,56.0,80.0,,True,
profile_k1_a5,5.0,2.6511619623821163,100.0,1.0,amplitude,mixture,38.463335991653615,23.87001654368585,3.0,19.0,37.0,57.0,80.0,,,
profile_k1_a7,7.0,3.649704168155861,100.0,1.0,amplitude,ground_truth,37.952435,21.18468825651814,5.0,21.0,37.0,53.0,75.0,,,
profile_k1_a7,7.0,3.649704168155861,100.0,1.0,rho,ground_truth,37.952435,21.18468825651814,5.0,21.0,37.0,53.0,75.0,,True,
profile_k1_a7,7.0,3.649704168155861,100.0,1.0,amplitude,mixture,38.06380131739557,21.17707231705282,5.0,21.0,37.0,54.0,75.0,,,
profile_k1_a10,10.0,5.1459890587286585,100.0,1.0,amplitude,ground_truth,37.70066,18.49930287025523,9.0,24.0,37.0,51.0,69.0,,,
profile_k1_a10,10.0,5.1459890587286585,100.0,1.0,rho,ground_truth,37.70066,18.49930287025523,9.0,24.0,37.0,51.0,69.0,,True,
profile_k1_a10,10.0,5.1459890587286585,100.0,1.0,amplitude,mixture,37.75804285641151,18.479933374443753,9.0,24.0,37.0,51.0,69.0,,,
profile_k1_a20,20.0,10.130658934945354,100.0,1.0,amplitude,ground_truth,37.374985,13.90610255061481,15.0,27.0,37.0,47.0,61.0,,,
profile_k1_a20,20.0,10.130658934945354,100.0,1.0,rho,ground_truth,37.374985,13.90610255061481,15.0,27.0,37.0,47.0,61.0,,True,
profile_k1_a20,20.0,10.130658934945354,100.0,1.0,amplitude,mixture,37.409070115694604,13.89921116928616,15.0,27.0,37.0,47.0,61.0,,,
profile_k1_a50,50.0,25.084050162608218,100.0,1.0,amplitude,ground_truth,37.23812,9.416308310580693,22.0,31.0,37.0,44.0,53.0,,,
profile_k1_a50,50.0,25.084050162608218,100.0,1.0,rho,ground_truth,37.23812,9.416308310580693,22.0,31.0,37.0,44.0,53.0,,True,
profile_k1_a50,50.0,25.084050162608218,100.0,1.0,amplitude,mixture,37.210624210733265,9.389515100758981,22.0,31.0,37.0,44.0,53.0,,,
profile_k1_a100,100.0,50.01498391734709,100.0,1.0,amplitude,ground_truth,37.12106,7.071125404097456,26.0,32.0,37.0,42.0,49.0,,,
profile_k1_a100,100.0,50.01498391734709,100.0,1.0,rho,ground_truth,37.12106,7.071125404097456,26.0,32.0,37.0,42.0,49.0,,True,
profile_k1_a100,100.0,50.01498391734709,100.0,1.0,amplitude,mixture,37.1417341622865,7.061525381703048,26.0,32.0,37.0,42.0,49.0,,,
trend_a1.5,1.5,0.7578473350823336,47.26555864415429,0.4726555864415429,amplitude,ground_truth,38.92133,27.91233860722409,0.0,14.0,37.0,61.0,87.0,,,
trend_a1.5,1.5,0.7578473350823336,47.26555864415429,0.4726555864415429,rho,ground_truth,38.92133,27.91233860722409,0.0,14.0,37.0,61.0,87.0,,True,
trend_a1.5,1.5,0.7578473350823336,47.26555864415429,0.4726555864415429,amplitude,mixture,38.93234887028687,27.967498276267207,0.0,14.0,37.0,61.0,87.0,,,
trend_a3,3.0,1.6453661206257306,98.16263514626434,0.9816263514626433,amplitude,ground_truth,39.21497,27.917265710805637,0.0,14.0,37.0,62.0,87.0,,,
trend_a3,3.0,1.6453661206257306,98.16263514626434,0.9816263514626433,rho,ground_truth,39.21497,27.917265710805637,0.0,14.0,37.0,62.0,87.0,,True,
trend_a3,3.0,1.6453661206257306,98.16263514626434,0.9816263514626433,amplitude,mixture,39.26845668061884,27.935085822191006,0.0,14.0,37.0,62.0,87.0,,,
trend_a5,5.0,2.79369472974456,164.30203574853329,1.6430203574853328,amplitude,ground_truth,39.42318,27.917739444454998,1.0,14.0,37.0,62.0,87.0,,,
trend_a5,5.0,2.79369472974456,164.30203574853329,1.6430203574853328,rho,ground_truth,39.42318,27.917739444454998,1.0,14.0,37.0,62.0,87.0,,True,
trend_a5,5.0,2.79369472974456,164.30203574853329,1.6430203574853328,amplitude,mixture,39.53126302122584,27.93694065979517,1.0,14.0,37.0,62.0,88.0,,,
trend_a10,10.0,5.572865804904488,331.8363091277941,3.318363091277941,amplitude,ground_truth,39.85311,28.078166344065743,1.0,15.0,37.0,63.0,89.0,,,
trend_a10,10.0,5.572865804904488,331.8363091277941,3.318363091277941,rho,ground_truth,39.85311,28.078166344065743,1.0,15.0,37.0,63.0,89.0,,True,
trend_a10,10.0,5.572865804904488,331.8363091277941,3.318363091277941,amplitude,mixture,39.864255088690776,28.063474192883977,1.0,15.0,37.0,63.0,88.0,,,
trend_a20,20.0,10.962606207354273,664.0310465738114,6.640310465738114,amplitude,ground_truth,40.129955,28.179596468832923,1.0,15.0,37.0,63.0,89.0,,,
trend_a20,20.0,10.962606207354273,664.0310465738114,6.640310465738114,rho,ground_truth,40.129955,28.179596468832923,1.0,15.0,37.0,63.0,89.0,,True,
trend_a20,20.0,10.962606207354273,664.0310465738114,6.640310465738114,amplitude,mixture,40.10407797624434,28.1372965671372,1.0,15.0,37.0,63.0,89.0,,,
trend_a50,50.0,26.747470518553403,1592.0724469624795,15.920724469624794,amplitude,ground_truth,40.30107,27.927427317264346,2.0,16.0,37.0,63.0,89.0,,,
trend_a50,50.0,26.747470518553403,1592.0724469624795,15.920724469624794,rho,ground_truth,40.30107,27.927427317264346,2.0,16.0,37.0,63.0,89.0,,True,
trend_a50,50.0,26.747470518553403,1592.0724469624795,15.920724469624794,amplitude,mixture,40.22499445966546,27.87928396315577,2.0,16.0,37.0,63.0,89.0,,,
trend_a100,100.0,52.59542064298704,3253.8785196512035,32.53878519651204,amplitude,ground_truth,40.333065,28.115252178182576,2.0,15.0,37.0,63.0,90.0,,,
trend_a100,100.0,52.59542064298704,3253.8785196512035,32.53878519651204,rho,ground_truth,40.333065,28.115252178182576,2.0,15.0,37.0,63.0,90.0,,True,
trend_a100,100.0,52.59542064298704,3253.8785196512035,32.53878519651204,amplitude,mixture,40.388023478394075,28.10516325366693,2.0,16.0,37.0,63.0,90.0,,,
