family,method,seed,t_readout,t_sobol_readout,n_true,ap_native,recall_at_S_native,ap_sobol,recall_at_S_sobol,precision,recall,f1,tp,fp,fn,n_pred_active,status_at_readout,reason_at_readout,native_median_true_min,native_median_false_max,complete
aligned3,product-lengthscale,00,199,199,3,1.0,1.0,1.0,1.0,1.0,1.0,1.0,3,0,0,3,ok,,0.9681685214113644,3.464098204769759e-05,True
aligned3,product-lengthscale,01,199,199,3,1.0,1.0,1.0,1.0,1.0,0.6666666666666666,0.8,2,0,1,2,ok,,0.0631375835002618,4.82613690884671e-06,True
aligned3,product-lengthscale,02,199,199,3,1.0,1.0,1.0,1.0,1.0,1.0,1.0,3,0,0,3,ok,,0.6606194017742087,8.606377596813214e-05,True
aligned3,product-lengthscale,03,199,199,3,1.0,1.0,1.0,1.0,1.0,1.0,1.0,3,0,0,3,ok,,2.282374799019469,3.0702726416277775e-05,True
aligned3,product-lengthscale,04,199,199,3,1.0,1.0,1.0,1.0,1.0,1.0,1.0,3,0,0,3,ok,,0.3371436896260505,1.8758138116273168e-05,True
aligned3,product-lengthscale,05,199,199,3,1.0,1.0,1.0,1.0,1.0,0.6666666666666666,0.8,2,0,1,2,ok,,0.1200665568511668,1.8421687767091886e-05,True
aligned3,product-lengthscale,06,199,199,3,1.0,1.0,1.0,1.0,1.0,1.0,1.0,3,0,0,3,excluded,r_hat_max 1.106 > 1.1,0.1923625072145492,2.6168510909380907e-05,True
aligned3,product-lengthscale,07,199,199,3,1.0,1.0,1.0,1.0,1.0,1.0,1.0,3,0,0,3,excluded,r_hat_max 1.155 > 1.1,1.4403076715623269,6.335016675461731e-05,True
aligned3,product-lengthscale,08,199,199,3,1.0,1.0,1.0,1.0,1.0,1.0,1.0,3,0,0,3,ok,,1.296746542854837,2.614823834044091e-05,True
aligned3,product-lengthscale,09,199,199,3,1.0,1.0,1.0,1.0,1.0,1.0,1.0,3,0,0,3,ok,,0.5736389246957465,2.7696438607255693e-05,True
aligned3,additive-lengthscale,00,199,199,3,1.0,1.0,1.0,1.0,1.0,1.0,1.0,3,0,0,3,ok,,2.321047724417532,6.583757172563744e-05,True
aligned3,additive-lengthscale,01,199,199,3,1.0,1.0,1.0,1.0,1.0,1.0,1.0,3,0,0,3,excluded,r_hat_max 1.104 > 1.1; n_eff_min 11.0 < 16.0,1.5545174532171584,2.903212370197285e-05,True
aligned3,additive-lengthscale,02,199,199,3,0.021709131112116187,0.0,1.0,1.0,0.03,1.0,0.058252427184466014,3,97,0,100,excluded,r_hat_max 1.557 > 1.1; n_eff_min 3.9 < 16.0; divergences 22 ,16.43789718865468,907.184638957104,True
aligned3,additive-lengthscale,03,199,199,3,1.0,1.0,1.0,1.0,1.0,1.0,1.0,3,0,0,3,ok,,3.0864231760454977,3.134555980102515e-05,True
aligned3,additive-lengthscale,04,199,199,3,1.0,1.0,1.0,1.0,1.0,1.0,1.0,3,0,0,3,ok,,1.573601469625669,7.321181554772362e-05,True
aligned3,additive-lengthscale,05,199,199,3,1.0,1.0,1.0,1.0,1.0,1.0,1.0,3,0,0,3,excluded,r_hat_max 1.398 > 1.1; n_eff_min 4.4 < 16.0; divergences 7 >,2.072751933875418,0.0001765211553791,True
aligned3,additive-lengthscale,06,199,199,3,1.0,1.0,1.0,1.0,1.0,1.0,1.0,3,0,0,3,ok,,1.860994040918752,6.718753271130133e-05,True
aligned3,additive-lengthscale,07,199,199,3,1.0,1.0,1.0,1.0,1.0,1.0,1.0,3,0,0,3,ok,,2.9202593415194658,5.976359287717355e-05,True
aligned3,additive-lengthscale,08,199,199,3,0.03541310541310542,0.0,0.9166666666666666,0.6666666666666666,0.03,1.0,0.058252427184466014,3,97,0,100,ok,,26.89232837971976,105.46696517946032,True
aligned3,additive-lengthscale,09,199,199,3,1.0,1.0,1.0,1.0,1.0,1.0,1.0,3,0,0,3,ok,,1.649766772322425,3.881166106947506e-05,True
aligned3,product-amplitude,00,199,199,3,1.0,1.0,1.0,1.0,1.0,1.0,1.0,3,0,0,3,excluded,r_hat_max 1.497 > 1.1; n_eff_min 6.5 < 16.0,0.079230081566771,2.5573405021791375e-05,True
aligned3,product-amplitude,01,199,199,3,1.0,1.0,1.0,1.0,1.0,1.0,1.0,3,0,0,3,excluded,r_hat_max 1.707 > 1.1; n_eff_min 5.3 < 16.0,0.0313467128044967,2.3334331102605244e-05,True
aligned3,product-amplitude,02,199,199,3,1.0,1.0,1.0,1.0,1.0,1.0,1.0,3,0,0,3,excluded,r_hat_max 1.610 > 1.1; n_eff_min 4.7 < 16.0,0.0342825612645908,2.3247779757166e-05,True
aligned3,product-amplitude,03,199,199,3,1.0,1.0,1.0,1.0,1.0,1.0,1.0,3,0,0,3,excluded,r_hat_max 1.274 > 1.1; n_eff_min 7.1 < 16.0,0.0857011048211067,2.235936629218861e-05,True
aligned3,product-amplitude,04,199,199,3,1.0,1.0,1.0,1.0,1.0,1.0,1.0,3,0,0,3,excluded,r_hat_max 1.504 > 1.1; n_eff_min 6.3 < 16.0,0.0330943903845948,1.3287642155824866e-05,True
aligned3,product-amplitude,05,199,199,3,1.0,1.0,1.0,1.0,1.0,1.0,1.0,3,0,0,3,excluded,r_hat_max 1.599 > 1.1; n_eff_min 5.4 < 16.0,0.0705590920802212,0.0002147749656588,True
aligned3,product-amplitude,06,199,199,3,1.0,1.0,1.0,1.0,1.0,1.0,1.0,3,0,0,3,excluded,r_hat_max 1.394 > 1.1; n_eff_min 6.3 < 16.0,0.0778454605826654,7.646060440433147e-05,True
aligned3,product-amplitude,07,199,199,3,1.0,1.0,1.0,1.0,1.0,1.0,1.0,3,0,0,3,excluded,r_hat_max 1.363 > 1.1; n_eff_min 7.1 < 16.0,0.0851565892297485,3.295058489680359e-05,True
aligned3,product-amplitude,08,199,199,3,1.0,1.0,1.0,1.0,1.0,1.0,1.0,3,0,0,3,excluded,r_hat_max 1.441 > 1.1; n_eff_min 10.1 < 16.0,0.0600779545419845,3.533241615321923e-05,True
aligned3,product-amplitude,09,199,199,3,1.0,1.0,1.0,1.0,1.0,1.0,1.0,3,0,0,3,excluded,r_hat_max 1.433 > 1.1; n_eff_min 6.6 < 16.0,0.0757358493143633,1.248887055407431e-05,True
aligned3,additive-amplitude,00,199,199,3,1.0,1.0,1.0,1.0,1.0,1.0,1.0,3,0,0,3,excluded,r_hat_max 1.433 > 1.1; n_eff_min 6.4 < 16.0,0.1462754644823605,4.241534640620115e-05,True
aligned3,additive-amplitude,01,199,199,3,1.0,1.0,1.0,1.0,1.0,1.0,1.0,3,0,0,3,excluded,r_hat_max 1.424 > 1.1; n_eff_min 6.6 < 16.0,0.047279624609189,2.11539827107641e-05,True
aligned3,additive-amplitude,02,199,199,3,1.0,1.0,1.0,1.0,1.0,1.0,1.0,3,0,0,3,excluded,r_hat_max 1.495 > 1.1; n_eff_min 5.4 < 16.0,0.0966507818455008,0.0001266683243581,True
aligned3,additive-amplitude,03,199,199,3,1.0,1.0,1.0,1.0,1.0,1.0,1.0,3,0,0,3,excluded,r_hat_max 1.410 > 1.1; n_eff_min 7.8 < 16.0,0.3973141566949696,2.6230319007804355e-05,True
aligned3,additive-amplitude,04,199,199,3,1.0,1.0,1.0,1.0,1.0,1.0,1.0,3,0,0,3,excluded,r_hat_max 1.407 > 1.1; n_eff_min 7.2 < 16.0,0.0737691983929282,1.811168224610332e-05,True
aligned3,additive-amplitude,05,199,199,3,1.0,1.0,1.0,1.0,1.0,1.0,1.0,3,0,0,3,excluded,r_hat_max 1.589 > 1.1; n_eff_min 5.1 < 16.0,0.1368753296921728,0.0017056043773047,True
aligned3,additive-amplitude,06,199,199,3,1.0,1.0,1.0,1.0,1.0,1.0,1.0,3,0,0,3,excluded,r_hat_max 1.512 > 1.1; n_eff_min 5.8 < 16.0,0.3254027172314724,4.555239918279774e-05,True
aligned3,additive-amplitude,07,199,199,3,1.0,1.0,1.0,1.0,1.0,1.0,1.0,3,0,0,3,excluded,r_hat_max 1.606 > 1.1; n_eff_min 5.6 < 16.0,0.141779412916531,3.407476783893258e-05,True
aligned3,additive-amplitude,08,199,199,3,1.0,1.0,1.0,1.0,1.0,1.0,1.0,3,0,0,3,excluded,r_hat_max 1.375 > 1.1; n_eff_min 7.8 < 16.0,0.0966990659996101,2.159770977604755e-05,True
aligned3,additive-amplitude,09,199,199,3,1.0,1.0,1.0,1.0,1.0,1.0,1.0,3,0,0,3,excluded,r_hat_max 1.468 > 1.1; n_eff_min 5.6 < 16.0,0.178307127754996,4.837681295793059e-05,True
aligned3,dsp_map,00,199,199,3,1.0,1.0,1.0,1.0,0.42857142857142855,1.0,0.6,3,4,0,7,ok,,1.1693162925975202,0.7903711514297983,True
aligned3,dsp_map,01,199,199,3,1.0,1.0,1.0,1.0,0.75,1.0,0.8571428571428571,3,1,0,4,ok,,3.3174276133035145,0.1553026987384085,True
aligned3,dsp_map,02,199,199,3,0.6862745098039215,0.6666666666666666,0.6801801801801801,0.6666666666666666,0.4,0.6666666666666666,0.5,2,3,1,5,ok,,0.000805951664199,1.583265506073099,True
aligned3,dsp_map,03,199,199,3,0.8055555555555555,0.6666666666666666,0.8055555555555555,0.6666666666666666,0.2727272727272727,1.0,0.42857142857142855,3,8,0,11,ok,,2.1235693042576425,5.078593315354471,True
aligned3,dsp_map,04,199,199,3,0.3565485775630703,0.3333333333333333,0.3731431966726084,0.3333333333333333,0.1111111111111111,0.3333333333333333,0.16666666666666666,1,8,2,9,ok,,8.053655476254103e-06,63.82042225443762,True
aligned3,dsp_map,05,199,199,3,1.0,1.0,1.0,1.0,0.3333333333333333,1.0,0.5,3,6,0,9,ok,,2.247672093650766,0.4773369825391261,True
aligned3,dsp_map,06,198,175,3,1.0,1.0,1.0,1.0,0.75,1.0,0.8571428571428571,3,1,0,4,excluded,exception: NotPSDError: Matrix not positive definite after r,2.8286916933041093,0.241116187840333,True
aligned3,dsp_map,07,199,199,3,0.9166666666666666,0.6666666666666666,0.6388888888888888,0.6666666666666666,0.23076923076923078,1.0,0.375,3,10,0,13,ok,,2.393617419644925,2.5548563351300646,True
aligned3,dsp_map,08,198,175,3,1.0,1.0,1.0,1.0,0.6,1.0,0.7499999999999999,3,2,0,5,excluded,exception: NotPSDError: Matrix not positive definite after r,2.7000089162862206,0.3101930329358314,True
aligned3,dsp_map,09,199,199,3,1.0,1.0,1.0,1.0,0.3,1.0,0.4615384615384615,3,7,0,10,ok,,1.415080092864485,0.5292499149143841,True
aligned3,oracle_S,00,199,199,3,1.0,1.0,1.0,1.0,1.0,1.0,1.0,3,0,0,3,ok,,1.1068944365076514,0.0,True
aligned3,oracle_S,01,199,199,3,1.0,1.0,1.0,1.0,1.0,0.6666666666666666,0.8,2,0,1,2,ok,,0.0388786761104518,0.0,True
aligned3,oracle_S,02,199,199,3,1.0,1.0,1.0,1.0,1.0,1.0,1.0,3,0,0,3,ok,,0.6384632866414675,0.0,True
aligned3,oracle_S,03,199,199,3,1.0,1.0,1.0,1.0,1.0,1.0,1.0,3,0,0,3,ok,,1.3743305825165997,0.0,True
aligned3,oracle_S,04,199,199,3,1.0,1.0,1.0,1.0,1.0,1.0,1.0,3,0,0,3,ok,,0.4199787153471865,0.0,True
aligned3,oracle_S,05,199,199,3,1.0,1.0,1.0,1.0,1.0,1.0,1.0,3,0,0,3,ok,,0.5067035340743465,0.0,True
aligned3,oracle_S,06,199,199,3,1.0,1.0,1.0,1.0,1.0,1.0,1.0,3,0,0,3,ok,,0.1987025805607851,0.0,True
aligned3,oracle_S,07,199,199,3,1.0,1.0,1.0,1.0,1.0,1.0,1.0,3,0,0,3,ok,,1.3239521583790064,0.0,True
aligned3,oracle_S,08,199,199,3,1.0,1.0,1.0,1.0,1.0,1.0,1.0,3,0,0,3,ok,,2.1349793914709294,0.0,True
aligned3,oracle_S,09,199,199,3,1.0,1.0,1.0,1.0,1.0,1.0,1.0,3,0,0,3,ok,,1.556418223629485,0.0,True
aligned10,product-lengthscale,00,199,199,10,0.9476190476190476,0.9,0.9222222222222222,0.9,1.0,0.2,0.33333333333333337,2,0,8,2,ok,,8.337888866709214e-05,0.0001340073052828,True
aligned10,product-lengthscale,01,199,199,10,0.9697979797979798,0.9,0.9455555555555556,0.9,1.0,0.5,0.6666666666666666,5,0,5,5,excluded,r_hat_max 1.181 > 1.1; n_eff_min 9.4 < 16.0,0.0030900089898783,0.040117960920656,True
aligned10,product-lengthscale,02,199,199,10,1.0,1.0,0.9809090909090908,0.9,1.0,0.2,0.33333333333333337,2,0,8,2,ok,,0.005443215562969,0.0006904240171966,True
aligned10,product-lengthscale,03,199,199,10,0.7209991953770756,0.7,0.7257074526780409,0.7,0.8333333333333334,0.5,0.625,5,1,5,6,excluded,r_hat_max 1.126 > 1.1; n_eff_min 12.1 < 16.0,0.0003283897517534,0.1717207097460584,True
aligned10,product-lengthscale,04,199,199,10,0.932258064516129,0.9,0.990909090909091,0.9,1.0,0.6,0.7499999999999999,6,0,4,6,ok,,0.0003022686025142,0.0015090569189812,True
aligned10,product-lengthscale,05,199,199,10,0.8270085470085469,0.7,0.802077922077922,0.8,1.0,0.6,0.7499999999999999,6,0,4,6,excluded,r_hat_max 1.107 > 1.1,0.0005202858999082,0.0229944149773001,True
aligned10,product-lengthscale,06,199,199,10,0.9333333333333332,0.9,0.9147058823529411,0.9,1.0,0.7,0.8235294117647058,7,0,3,7,ok,,0.0002775994164145,0.0017267146770834,True
aligned10,product-lengthscale,07,199,199,10,1.0,1.0,0.9128205128205128,0.9,1.0,0.9,0.9473684210526316,9,0,1,9,excluded,r_hat_max 1.123 > 1.1; n_eff_min 10.5 < 16.0,0.0569466202333585,0.0075130251475166,True
aligned10,product-lengthscale,08,199,199,10,0.8640040962621608,0.8,0.883478260869565,0.8,1.0,0.2,0.33333333333333337,2,0,8,2,ok,,7.05466702024841e-05,0.0007758910717465,True
aligned10,product-lengthscale,09,199,199,10,0.93125,0.9,0.9166666666666667,0.9,1.0,0.9,0.9473684210526316,9,0,1,9,ok,,0.0006482822214343,0.0011830385794205,True
aligned10,additive-lengthscale,00,199,199,10,1.0,1.0,1.0,1.0,1.0,1.0,1.0,10,0,0,10,ok,,0.2469721077823618,0.0011838664984656,True
aligned10,additive-lengthscale,01,199,199,10,1.0,1.0,1.0,1.0,1.0,0.9,0.9473684210526316,9,0,1,9,excluded,r_hat_max 1.130 > 1.1; n_eff_min 14.0 < 16.0,0.0516182293661491,0.0046172282783088,True
aligned10,additive-lengthscale,02,199,199,10,1.0,1.0,1.0,1.0,1.0,1.0,1.0,10,0,0,10,excluded,r_hat_max 1.131 > 1.1,0.2078174406038122,0.0050170533917245,True
aligned10,additive-lengthscale,03,199,199,10,0.8986425339366516,0.8,0.9455555555555556,0.9,1.0,0.8,0.888888888888889,8,0,2,8,excluded,r_hat_max 1.211 > 1.1; n_eff_min 7.7 < 16.0,0.0009853915771934,0.005545915735797,True
aligned10,additive-lengthscale,04,199,199,10,1.0,1.0,1.0,1.0,1.0,1.0,1.0,10,0,0,10,ok,,0.7293983225297529,0.0046935280748219,True
aligned10,additive-lengthscale,05,199,199,10,0.990909090909091,0.9,0.9809090909090908,0.9,1.0,0.7,0.8235294117647058,7,0,3,7,ok,,0.0348661212721941,0.0509585056072446,True
aligned10,additive-lengthscale,06,199,199,10,1.0,1.0,1.0,1.0,1.0,1.0,1.0,10,0,0,10,excluded,r_hat_max 1.249 > 1.1; n_eff_min 6.2 < 16.0,1.4274566504322546,0.0091379063123483,True
aligned10,additive-lengthscale,07,199,199,10,1.0,1.0,1.0,1.0,1.0,1.0,1.0,10,0,0,10,excluded,r_hat_max 1.136 > 1.1,1.277940161619784,0.0023272483200999,True
aligned10,additive-lengthscale,08,199,199,10,0.8983974358974358,0.7,0.9067857142857143,0.8,1.0,0.6,0.7499999999999999,6,0,4,6,excluded,r_hat_max 2.140 > 1.1; n_eff_min 3.6 < 16.0,0.0005994781463732,0.0029210560870385,True
aligned10,additive-lengthscale,09,199,199,10,1.0,1.0,1.0,1.0,1.0,1.0,1.0,10,0,0,10,excluded,r_hat_max 1.101 > 1.1,0.3112328638413063,0.0060568482533003,True
aligned10,product-amplitude,00,199,199,10,0.90625,0.8,0.930952380952381,0.8,1.0,0.3,0.4615384615384615,3,0,7,3,excluded,r_hat_max 1.463 > 1.1; n_eff_min 6.2 < 16.0,9.628173827782666e-05,0.0005213346771112,True
aligned10,product-amplitude,01,199,199,10,1.0,1.0,1.0,1.0,1.0,0.2,0.33333333333333337,2,0,8,2,excluded,r_hat_max 1.598 > 1.1; n_eff_min 5.2 < 16.0,0.0022001657467851,0.0009753116858237,True
aligned10,product-amplitude,02,199,199,10,0.7491125541125541,0.6,0.7618360805860807,0.6,1.0,0.3,0.4615384615384615,3,0,7,3,excluded,r_hat_max 1.460 > 1.1; n_eff_min 5.5 < 16.0,0.000213796268119,0.0122987633807791,True
aligned10,product-amplitude,03,199,199,10,0.8865530303030302,0.8,0.9809090909090908,0.9,1.0,0.3,0.4615384615384615,3,0,7,3,excluded,r_hat_max 1.572 > 1.1; n_eff_min 5.4 < 16.0,3.619905343707482e-05,0.0002251153987762,True
aligned10,product-amplitude,04,199,199,10,1.0,1.0,1.0,1.0,1.0,0.2,0.33333333333333337,2,0,8,2,excluded,r_hat_max 1.817 > 1.1; n_eff_min 4.7 < 16.0,0.0014489711089794,0.0006435241250094,True
aligned10,product-amplitude,05,199,199,10,0.911146953405018,0.9,0.9353174603174604,0.8,1.0,0.2,0.33333333333333337,2,0,8,2,excluded,r_hat_max 1.487 > 1.1; n_eff_min 5.9 < 16.0,0.0001756661214318,0.0047141419804217,True
aligned10,product-amplitude,06,199,199,10,1.0,1.0,1.0,1.0,1.0,0.1,0.18181818181818182,1,0,9,1,excluded,r_hat_max 1.535 > 1.1; n_eff_min 7.1 < 16.0,0.0048022311501716,0.0005899017238446,True
aligned10,product-amplitude,07,199,199,10,0.9526315789473685,0.9,0.9833333333333334,0.9,1.0,0.3,0.4615384615384615,3,0,7,3,excluded,r_hat_max 1.584 > 1.1; n_eff_min 6.0 < 16.0,0.0001307141813907,0.0002906631634831,True
aligned10,product-amplitude,08,199,199,10,0.8915404040404041,0.8,0.9669230769230769,0.9,1.0,0.2,0.33333333333333337,2,0,8,2,excluded,r_hat_max 1.455 > 1.1; n_eff_min 6.4 < 16.0,0.0002110412128829,0.0032729175542831,True
aligned10,product-amplitude,09,199,199,10,0.951923076923077,0.8,0.9833333333333334,0.9,1.0,0.4,0.5714285714285715,4,0,6,4,excluded,r_hat_max 1.945 > 1.1; n_eff_min 4.9 < 16.0,0.0002308908437503,0.0003339756984927,True
aligned10,additive-amplitude,00,199,199,10,0.8038524238524237,0.8,0.7961111111111111,0.8,1.0,0.2,0.33333333333333337,2,0,8,2,excluded,r_hat_max 1.463 > 1.1; n_eff_min 7.0 < 16.0,0.0001559718668727,0.010403180933743,True
aligned10,additive-amplitude,01,199,199,10,1.0,1.0,1.0,1.0,1.0,0.5,0.6666666666666666,5,0,5,5,excluded,r_hat_max 1.600 > 1.1; n_eff_min 5.7 < 16.0,0.0010393011807365,0.0002458439185664,True
aligned10,additive-amplitude,02,199,199,10,0.990909090909091,0.9,0.990909090909091,0.9,1.0,0.6,0.7499999999999999,6,0,4,6,excluded,r_hat_max 1.603 > 1.1; n_eff_min 4.7 < 16.0,0.0007589310616246,0.0019813284202989,True
aligned10,additive-amplitude,03,199,199,10,0.6718586093857832,0.8,0.7196031746031746,0.9,0.8,0.4,0.5333333333333333,4,1,6,5,excluded,r_hat_max 1.357 > 1.1; n_eff_min 10.2 < 16.0,2.8649067611657886e-05,0.1146172617080175,True
aligned10,additive-amplitude,04,199,199,10,0.9809090909090908,0.9,0.990909090909091,0.9,1.0,0.5,0.6666666666666666,5,0,5,5,excluded,r_hat_max 2.511 > 1.1; n_eff_min 3.5 < 16.0,0.0003375352591093,0.0035655316066773,True
aligned10,additive-amplitude,05,199,199,10,1.0,1.0,1.0,1.0,1.0,0.6,0.7499999999999999,6,0,4,6,excluded,r_hat_max 1.611 > 1.1; n_eff_min 4.6 < 16.0,0.0068253708425654,0.0006268901970737,True
aligned10,additive-amplitude,06,199,199,10,0.9142857142857143,0.9,0.9212765957446809,0.9,1.0,0.4,0.5714285714285715,4,0,6,4,excluded,r_hat_max 1.708 > 1.1; n_eff_min 4.7 < 16.0,3.718271654763623e-05,0.0002899741972057,True
aligned10,additive-amplitude,07,199,199,10,1.0,1.0,1.0,1.0,1.0,0.7,0.8235294117647058,7,0,3,7,excluded,r_hat_max 1.915 > 1.1; n_eff_min 4.6 < 16.0,0.0114994656943979,0.0005023430880039,True
aligned10,additive-amplitude,08,199,199,10,0.9023504273504273,0.8,0.9387412587412587,0.8,1.0,0.4,0.5714285714285715,4,0,6,4,excluded,r_hat_max 1.422 > 1.1; n_eff_min 6.7 < 16.0,0.0001058660718674,0.0013641161618231,True
aligned10,additive-amplitude,09,199,199,10,1.0,1.0,1.0,1.0,1.0,0.8,0.888888888888889,8,0,2,8,excluded,r_hat_max 1.344 > 1.1; n_eff_min 6.7 < 16.0,0.0035177004113002,0.0002399287911081,True
aligned10,dsp_map,00,199,199,10,0.5910183770477888,0.5,0.36822357629375174,0.4,0.5,0.8,0.6153846153846154,8,8,2,16,ok,fit_gpytorch_mll failed; Adam fallback,0.1388677079226191,2.089547109339906,True
aligned10,dsp_map,01,199,199,10,0.26153356991522136,0.3,0.2834958511960825,0.3,0.21428571428571427,0.3,0.25,3,11,7,14,ok,,3.4425992709315016e-06,3.5491636229501022,True
aligned10,dsp_map,02,199,199,10,0.5463131313131313,0.6,0.4679046859573176,0.6,0.5833333333333334,0.7,0.6363636363636365,7,5,3,12,ok,,0.0601982140899388,2.694176373840879,True
aligned10,dsp_map,03,199,199,10,0.30795424914466085,0.2,0.22502166241016722,0.2,0.18181818181818182,0.2,0.1904761904761905,2,9,8,11,ok,,1.578008209851549e-05,1.3428423775517857,True
aligned10,dsp_map,04,199,199,10,0.636839429227489,0.6,0.6042962851102386,0.5,0.2857142857142857,0.8,0.4210526315789473,8,20,2,28,ok,,0.0090699956538618,3.7497436042825,True
aligned10,dsp_map,05,199,199,10,0.760981240981241,0.7,0.5847826086956521,0.6,0.4,0.8,0.5333333333333333,8,12,2,20,ok,,0.0545327198185385,1.57296526387728,True
aligned10,dsp_map,06,199,199,10,0.27048510283328014,0.2,0.28947038734148495,0.2,0.2222222222222222,0.2,0.2105263157894737,2,7,8,9,ok,,1.8277604950445614e-05,2.370734250265169,True
aligned10,dsp_map,07,199,199,10,0.850925925925926,0.8,0.8378860028860029,0.7,0.7272727272727273,0.8,0.761904761904762,8,3,2,11,ok,,0.0611084832619938,0.4151582967450521,True
aligned10,dsp_map,08,199,199,10,0.9288888888888888,0.9,0.7818816040590234,0.8,0.8181818181818182,0.9,0.8571428571428572,9,2,1,11,ok,,0.0671222696888914,0.5522396564739226,True
aligned10,dsp_map,09,199,199,10,0.7288555605939276,0.6,0.6555039405039406,0.6,0.42857142857142855,0.9,0.5806451612903225,9,12,1,21,ok,,0.0230937263685974,1.2663135725475585,True
aligned10,oracle_S,00,199,199,10,1.0,1.0,1.0,1.0,1.0,0.1,0.18181818181818182,1,0,9,1,ok,,0.0055972287252981,0.0,True
aligned10,oracle_S,01,199,199,10,1.0,1.0,1.0,1.0,1.0,0.6,0.7499999999999999,6,0,4,6,ok,,0.0395598305703711,0.0,True
aligned10,oracle_S,02,199,199,10,1.0,1.0,1.0,1.0,1.0,0.2,0.33333333333333337,2,0,8,2,ok,,0.0073563990242407,0.0,True
aligned10,oracle_S,03,199,199,10,1.0,1.0,0.9099999999999999,0.9,1.0,0.4,0.5714285714285715,4,0,6,4,ok,,0.0026188676658424,0.0,True
aligned10,oracle_S,04,199,199,10,1.0,1.0,1.0,1.0,1.0,1.0,1.0,10,0,0,10,ok,,0.1842613738670927,0.0,True
aligned10,oracle_S,05,199,199,10,1.0,1.0,0.9099999999999999,0.9,1.0,1.0,1.0,10,0,0,10,ok,,0.2738080190740288,0.0,True
aligned10,oracle_S,06,199,199,10,1.0,1.0,0.9099999999999999,0.9,1.0,0.2,0.33333333333333337,2,0,8,2,ok,,0.0009407391497488,0.0,True
aligned10,oracle_S,07,199,199,10,1.0,1.0,1.0,1.0,1.0,1.0,1.0,10,0,0,10,ok,,0.1735731428411979,0.0,True
aligned10,oracle_S,08,199,199,10,1.0,1.0,1.0,1.0,,0.0,,0,0,10,0,ok,,0.0020077490325563,0.0,True
aligned10,oracle_S,09,199,199,10,1.0,1.0,1.0,1.0,1.0,1.0,1.0,10,0,0,10,ok,,0.1556625490066731,0.0,True
decoupled,product-lengthscale,00,199,199,8,1.0,1.0,0.9861111111111112,0.875,1.0,0.25,0.4,2,0,6,2,ok,,0.0002473555474756,0.000155851448264,True
decoupled,product-lengthscale,01,199,199,8,0.8864942528735632,0.875,0.7741129032258065,0.75,1.0,0.625,0.7692307692307693,5,0,3,5,ok,,0.0002023063503771,0.0013123695133846,True
decoupled,product-lengthscale,02,199,199,8,0.5822358648403541,0.5,0.5467960858585857,0.5,1.0,0.375,0.5454545454545454,3,0,5,3,excluded,r_hat_max 1.287 > 1.1; n_eff_min 8.2 < 16.0,0.0009903608613809,0.0750891717935626,True
decoupled,product-lengthscale,03,199,199,8,0.9464285714285714,0.875,0.9583333333333333,0.875,1.0,0.75,0.8571428571428571,6,0,2,6,excluded,r_hat_max 1.168 > 1.1; n_eff_min 16.0 < 16.0,0.0013932184390934,0.0026882029882005,True
decoupled,product-lengthscale,04,199,199,8,1.0,1.0,1.0,1.0,1.0,0.25,0.4,2,0,6,2,ok,,0.0035089674111354,0.0001213317899313,True
decoupled,product-lengthscale,05,199,199,8,1.0,1.0,0.885,0.875,1.0,1.0,1.0,8,0,0,8,excluded,r_hat_max 1.136 > 1.1,0.3317683328235121,0.0064012796438912,True
decoupled,product-lengthscale,06,199,199,8,0.8618035190615836,0.75,0.7790242165242165,0.75,1.0,0.5,0.6666666666666666,4,0,4,4,excluded,r_hat_max 1.158 > 1.1,0.0002569890063738,0.0010376076618406,True
decoupled,product-lengthscale,07,199,199,8,0.7875207641196013,0.75,0.84375,0.75,1.0,0.5,0.6666666666666666,4,0,4,4,excluded,r_hat_max 1.241 > 1.1; n_eff_min 12.9 < 16.0,0.0002474136933632,0.0012490726456836,True
decoupled,product-lengthscale,08,199,199,8,0.9276315789473684,0.875,0.9464285714285714,0.875,1.0,0.5,0.6666666666666666,4,0,4,4,excluded,r_hat_max 1.100 > 1.1,0.000270235894051,0.000658705794201,True
decoupled,product-lengthscale,09,199,199,8,0.9583333333333333,0.875,0.869375,0.875,1.0,0.875,0.9333333333333333,7,0,1,7,ok,,0.0051650401873596,0.0111850974023479,True
decoupled,additive-lengthscale,00,199,199,8,1.0,1.0,1.0,1.0,1.0,0.75,0.8571428571428571,6,0,2,6,ok,,0.0121756797470193,0.0024694087623899,True
decoupled,additive-lengthscale,01,199,199,8,0.8908730158730158,0.875,0.9583333333333333,0.875,1.0,0.75,0.8571428571428571,6,0,2,6,ok,,0.0002501411182967,0.0013973857844157,True
decoupled,additive-lengthscale,02,199,199,8,0.9861111111111112,0.875,0.9861111111111112,0.875,1.0,0.75,0.8571428571428571,6,0,2,6,excluded,r_hat_max 1.183 > 1.1; n_eff_min 14.0 < 16.0,0.0113724578157898,0.0215874015926886,True
decoupled,additive-lengthscale,03,199,199,8,0.9583333333333333,0.875,0.9416666666666667,0.875,1.0,0.625,0.7692307692307693,5,0,3,5,ok,,0.0017752192406302,0.0029273486015182,True
decoupled,additive-lengthscale,04,199,199,8,1.0,1.0,0.9861111111111112,0.875,1.0,0.75,0.8571428571428571,6,0,2,6,excluded,n_eff_min 9.3 < 16.0,0.0102028117613836,0.0059179406834423,True
decoupled,additive-lengthscale,05,199,199,8,1.0,1.0,1.0,1.0,1.0,1.0,1.0,8,0,0,8,excluded,r_hat_max 1.162 > 1.1; n_eff_min 13.6 < 16.0,1.02922819053211,0.0035143630150298,True
decoupled,additive-lengthscale,06,199,199,8,1.0,1.0,1.0,1.0,1.0,0.75,0.8571428571428571,6,0,2,6,excluded,r_hat_max 1.110 > 1.1,0.0128604535893777,0.0018805338113302,True
decoupled,additive-lengthscale,07,199,199,8,0.8885135135135135,0.875,0.9659090909090909,0.875,1.0,0.625,0.7692307692307693,5,0,3,5,excluded,r_hat_max 1.572 > 1.1; n_eff_min 4.4 < 16.0,0.0005892010476541,0.0076893057629498,True
decoupled,additive-lengthscale,08,199,199,8,0.9861111111111112,0.875,0.9861111111111112,0.875,1.0,0.875,0.9333333333333333,7,0,1,7,excluded,r_hat_max 1.328 > 1.1; n_eff_min 6.6 < 16.0,0.0040263245878695,0.0040745151134438,True
decoupled,additive-lengthscale,09,199,199,8,1.0,1.0,1.0,1.0,1.0,1.0,1.0,8,0,0,8,ok,,0.470780877401159,0.0053664692438758,True
decoupled,product-amplitude,00,199,199,8,0.9293650793650794,0.75,0.9861111111111112,0.875,1.0,0.375,0.5454545454545454,3,0,5,3,excluded,r_hat_max 1.633 > 1.1; n_eff_min 4.4 < 16.0,0.0001666793018939,0.0017364657723099,True
decoupled,product-amplitude,01,199,199,8,1.0,1.0,1.0,1.0,1.0,0.5,0.6666666666666666,4,0,4,4,excluded,r_hat_max 1.566 > 1.1; n_eff_min 4.7 < 16.0,0.0011577268648644,0.0003223053447793,True
decoupled,product-amplitude,02,199,199,8,0.796904761904762,0.75,0.8821022727272727,0.875,1.0,0.375,0.5454545454545454,3,0,5,3,excluded,r_hat_max 1.434 > 1.1; n_eff_min 7.9 < 16.0,1.1102975646103868e-05,9.035063657195276e-05,True
decoupled,product-amplitude,03,199,199,8,0.8222313596491229,0.75,0.8334274421230943,0.75,1.0,0.375,0.5454545454545454,3,0,5,3,excluded,r_hat_max 1.506 > 1.1; n_eff_min 6.1 < 16.0,0.0001065157694719,0.0013466484067159,True
decoupled,product-amplitude,04,199,199,8,1.0,1.0,1.0,1.0,1.0,0.375,0.5454545454545454,3,0,5,3,excluded,r_hat_max 1.497 > 1.1; n_eff_min 6.1 < 16.0,0.0015427947403776,0.000174389382212,True
decoupled,product-amplitude,05,199,199,8,1.0,1.0,1.0,1.0,1.0,0.25,0.4,2,0,6,2,excluded,r_hat_max 1.356 > 1.1; n_eff_min 6.9 < 16.0,0.0076465513713732,0.0004372727882356,True
decoupled,product-amplitude,06,199,199,8,0.8890845070422535,0.875,0.8935185185185185,0.875,1.0,0.375,0.5454545454545454,3,0,5,3,excluded,r_hat_max 1.465 > 1.1; n_eff_min 6.2 < 16.0,2.518589763380965e-05,0.0001901527688641,True
decoupled,product-amplitude,07,199,199,8,0.9044117647058824,0.875,0.8892857142857142,0.875,1.0,0.375,0.5454545454545454,3,0,5,3,excluded,r_hat_max 1.567 > 1.1; n_eff_min 5.4 < 16.0,3.728447888077914e-05,0.000127996472394,True
decoupled,product-amplitude,08,199,199,8,1.0,1.0,1.0,1.0,1.0,0.375,0.5454545454545454,3,0,5,3,excluded,r_hat_max 1.525 > 1.1; n_eff_min 5.6 < 16.0,0.0003967579562656,0.0001732491738489,True
decoupled,product-amplitude,09,199,199,8,1.0,1.0,1.0,1.0,1.0,0.5,0.6666666666666666,4,0,4,4,excluded,r_hat_max 1.284 > 1.1; n_eff_min 9.4 < 16.0,0.0032347314285978,0.0001052968838008,True
decoupled,additive-amplitude,00,199,199,8,0.8601190476190477,0.75,0.8875,0.75,1.0,0.375,0.5454545454545454,3,0,5,3,excluded,r_hat_max 1.385 > 1.1; n_eff_min 7.4 < 16.0,0.0001096561926032,0.0008270872959182,True
decoupled,additive-amplitude,01,199,199,8,0.8885135135135135,0.875,0.907258064516129,0.875,1.0,0.625,0.7692307692307693,5,0,3,5,excluded,r_hat_max 1.571 > 1.1; n_eff_min 5.7 < 16.0,2.692941143884152e-05,0.0002105129241321,True
decoupled,additive-amplitude,02,199,199,8,0.8946078431372548,0.875,0.9338235294117647,0.875,1.0,0.5,0.6666666666666666,4,0,4,4,excluded,r_hat_max 1.447 > 1.1; n_eff_min 6.1 < 16.0,4.859153198006556e-05,0.0010580942922992,True
decoupled,additive-amplitude,03,199,199,8,1.0,1.0,1.0,1.0,1.0,0.625,0.7692307692307693,5,0,3,5,excluded,r_hat_max 1.552 > 1.1; n_eff_min 5.0 < 16.0,0.0004762292043143,0.0003467824739554,True
decoupled,additive-amplitude,04,199,199,8,0.8878205128205128,0.875,0.9013157894736842,0.875,1.0,0.5,0.6666666666666666,4,0,4,4,excluded,r_hat_max 1.402 > 1.1; n_eff_min 6.5 < 16.0,4.306398469688559e-05,0.0002226936643561,True
decoupled,additive-amplitude,05,199,199,8,1.0,1.0,1.0,1.0,1.0,0.75,0.8571428571428571,6,0,2,6,excluded,r_hat_max 1.318 > 1.1; n_eff_min 7.9 < 16.0,0.0097589407374112,0.000251970593863,True
decoupled,additive-amplitude,06,199,199,8,1.0,1.0,0.9861111111111112,0.875,1.0,0.375,0.5454545454545454,3,0,5,3,excluded,r_hat_max 1.438 > 1.1; n_eff_min 6.1 < 16.0,0.0035097294848189,0.0033241302014931,True
decoupled,additive-amplitude,07,199,199,8,1.0,1.0,1.0,1.0,1.0,0.5,0.6666666666666666,4,0,4,4,excluded,r_hat_max 1.768 > 1.1; n_eff_min 5.0 < 16.0,0.0010864013822352,0.0002745848698223,True
decoupled,additive-amplitude,08,199,199,8,0.9248511904761905,0.875,0.931795634920635,0.875,1.0,0.625,0.7692307692307693,5,0,3,5,excluded,r_hat_max 1.655 > 1.1; n_eff_min 5.7 < 16.0,0.0001193911560111,0.0135962110309982,True
decoupled,additive-amplitude,09,199,199,8,1.0,1.0,1.0,1.0,1.0,0.5,0.6666666666666666,4,0,4,4,excluded,r_hat_max 1.458 > 1.1; n_eff_min 6.3 < 16.0,0.0058198458507455,0.0002464081778692,True
decoupled,dsp_map,00,199,199,8,0.38809100253004425,0.375,0.2986634266544278,0.375,0.23076923076923078,0.375,0.2857142857142857,3,10,5,13,ok,,0.0511686860018194,7.712368070824811,True
decoupled,dsp_map,01,199,199,8,0.5385335917312661,0.5,0.45330763502960303,0.5,0.46153846153846156,0.75,0.5714285714285714,6,7,2,13,ok,fit_gpytorch_mll failed; Adam fallback,0.0383174446630467,25.925375102949605,True
decoupled,dsp_map,02,199,199,8,0.815359477124183,0.625,0.5438587823466856,0.625,0.2962962962962963,1.0,0.45714285714285713,8,19,0,27,ok,,0.3725522281972447,1.575254514628441,True
decoupled,dsp_map,03,199,199,8,0.5887867647058823,0.5,0.22055882558948664,0.125,0.25,0.875,0.3888888888888889,7,21,1,28,ok,,0.1347523519894003,19.11174253646852,True
decoupled,dsp_map,04,199,199,8,0.7177045177045178,0.625,0.6819246031746031,0.75,0.2692307692307692,0.875,0.411764705882353,7,19,1,26,ok,fit_gpytorch_mll failed; Adam fallback,0.0255162276203627,1.3647765510999967,True
decoupled,dsp_map,05,199,199,8,0.8298076923076922,0.625,0.6939162028447742,0.625,0.3333333333333333,1.0,0.5,8,16,0,24,ok,,0.2722818035563636,0.7764614599153614,True
decoupled,dsp_map,06,199,199,8,0.7142427251662604,0.625,0.4593460648148149,0.5,0.375,0.75,0.5,6,10,2,16,ok,,0.0212392066478508,6.7518558219038685,True
decoupled,dsp_map,07,199,199,8,0.5240079365079365,0.375,0.28844392621482406,0.375,0.2608695652173913,0.75,0.3870967741935483,6,17,2,23,ok,,0.0640682251554959,9.956909933689095,True
decoupled,dsp_map,08,199,199,8,0.5960572209653092,0.5,0.38385498692690295,0.375,0.18518518518518517,0.625,0.2857142857142857,5,22,3,27,ok,,0.018862932690813,4.48870705721677,True
decoupled,dsp_map,09,199,199,8,0.657986111111111,0.5,0.5483022186147186,0.625,0.3333333333333333,0.75,0.46153846153846156,6,12,2,18,ok,,0.1174988282877995,3.068897381556612,True
decoupled,oracle_S,00,199,199,8,1.0,1.0,0.885,0.875,1.0,0.625,0.7692307692307693,5,0,3,5,ok,,0.007341899472717,0.0,True
decoupled,oracle_S,01,199,199,8,1.0,1.0,0.885,0.875,1.0,0.375,0.5454545454545454,3,0,5,3,ok,,0.0026721697591484,0.0,True
decoupled,oracle_S,02,199,199,8,1.0,1.0,1.0,1.0,1.0,0.375,0.5454545454545454,3,0,5,3,ok,,0.0089783236956566,0.0,True
decoupled,oracle_S,03,199,199,8,1.0,1.0,0.885,0.875,1.0,1.0,1.0,8,0,0,8,ok,,0.2176219007228107,0.0,True
decoupled,oracle_S,04,199,199,8,1.0,1.0,1.0,1.0,1.0,0.125,0.2222222222222222,1,0,7,1,ok,,0.0031417753992475,0.0,True
decoupled,oracle_S,05,199,199,8,1.0,1.0,1.0,1.0,1.0,0.5,0.6666666666666666,4,0,4,4,ok,,0.1023773915692813,0.0,True
decoupled,oracle_S,06,199,199,8,1.0,1.0,0.7688383838383839,0.75,1.0,0.375,0.5454545454545454,3,0,5,3,ok,,0.0031895891727607,0.0,True
decoupled,oracle_S,07,199,199,8,1.0,1.0,1.0,1.0,1.0,0.5,0.6666666666666666,4,0,4,4,ok,,0.0054499334227584,0.0,True
decoupled,oracle_S,08,199,199,8,1.0,1.0,1.0,1.0,1.0,0.625,0.7692307692307693,5,0,3,5,ok,,0.11657083945124,0.0,True
decoupled,oracle_S,09,199,199,8,1.0,1.0,0.885,0.875,1.0,1.0,1.0,8,0,0,8,ok,,0.1582489904656818,0.0,True
interaction_g0.25,product-lengthscale,00,199,199,5,1.0,1.0,1.0,1.0,1.0,1.0,1.0,5,0,0,5,ok,,0.1591129405345316,0.0001453321343294,True
interaction_g0.25,product-lengthscale,01,199,199,5,1.0,1.0,1.0,1.0,1.0,1.0,1.0,5,0,0,5,ok,,0.6490895860312067,0.0001642888804815,True
interaction_g0.25,product-lengthscale,02,199,199,5,1.0,1.0,1.0,1.0,1.0,1.0,1.0,5,0,0,5,ok,,0.197586836809888,0.0001134205508197,True
interaction_g0.25,product-lengthscale,03,199,199,5,1.0,1.0,1.0,1.0,1.0,0.8,0.888888888888889,4,0,1,4,ok,,0.0876608962596679,6.824114877048913e-05,True
interaction_g0.25,product-lengthscale,04,199,199,5,1.0,1.0,1.0,1.0,1.0,1.0,1.0,5,0,0,5,ok,,0.3021211826811907,0.0001491294346902,True
interaction_g0.25,product-lengthscale,05,199,199,5,1.0,1.0,1.0,1.0,1.0,0.8,0.888888888888889,4,0,1,4,excluded,r_hat_max 1.123 > 1.1,0.0754228872205766,5.758859561512893e-05,True
interaction_g0.25,product-lengthscale,06,199,199,5,1.0,1.0,1.0,1.0,1.0,0.8,0.888888888888889,4,0,1,4,ok,,0.1018122854926477,8.9445873045411e-05,True
interaction_g0.25,product-lengthscale,07,199,199,5,1.0,1.0,1.0,1.0,1.0,1.0,1.0,5,0,0,5,ok,,0.4734768258577553,0.0002213491952637,True
interaction_g0.25,product-lengthscale,08,199,199,5,1.0,1.0,0.8099999999999999,0.8,1.0,0.8,0.888888888888889,4,0,1,4,ok,,0.047672661201497,5.714701330279184e-05,True
interaction_g0.25,product-lengthscale,09,199,199,5,1.0,1.0,1.0,1.0,1.0,1.0,1.0,5,0,0,5,ok,,0.9274851927413496,0.0001256386833495,True
interaction_g0.25,additive-lengthscale,00,199,199,5,0.71,0.8,1.0,1.0,0.8333333333333334,1.0,0.9090909090909091,5,1,0,6,ok,,1.3843799761271618,150098.69525412825,True
interaction_g0.25,additive-lengthscale,01,199,199,5,0.71,0.8,0.71,0.8,0.8333333333333334,1.0,0.9090909090909091,5,1,0,6,excluded,r_hat_max 1.149 > 1.1,1.1739587289783078,1421.9680929166311,True
interaction_g0.25,additive-lengthscale,02,199,199,5,1.0,1.0,1.0,1.0,1.0,1.0,1.0,5,0,0,5,ok,,0.5131664275499596,0.0005544678018732,True
interaction_g0.25,additive-lengthscale,03,199,199,5,0.5804093567251462,0.6,0.5555555555555556,0.6,0.6666666666666666,0.4,0.5,2,1,3,3,ok,,0.0034221231036119,1.8784468636505065,True
interaction_g0.25,additive-lengthscale,04,199,199,5,1.0,1.0,1.0,1.0,1.0,1.0,1.0,5,0,0,5,excluded,r_hat_max 1.245 > 1.1; n_eff_min 8.0 < 16.0,0.5819702850975248,0.0007574638493675,True
interaction_g0.25,additive-lengthscale,05,199,199,5,0.71,0.8,0.9266666666666665,0.8,0.8333333333333334,1.0,0.9090909090909091,5,1,0,6,ok,,0.3165697845311045,24909.72413204117,True
interaction_g0.25,additive-lengthscale,06,199,199,5,1.0,1.0,1.0,1.0,1.0,1.0,1.0,5,0,0,5,excluded,r_hat_max 1.188 > 1.1; n_eff_min 14.4 < 16.0,1.693860802822608,0.0005277341567412,True
interaction_g0.25,additive-lengthscale,07,199,199,5,0.9266666666666665,0.8,1.0,1.0,0.8333333333333334,1.0,0.9090909090909091,5,1,0,6,excluded,r_hat_max 1.441 > 1.1; n_eff_min 4.7 < 16.0,4.265156862078035,9.714089389738447,True
interaction_g0.25,additive-lengthscale,08,199,199,5,0.6295238095238095,0.6,0.7961904761904762,0.6,0.6666666666666666,0.8,0.7272727272727272,4,2,1,6,ok,,0.0857595895250772,13540.847180153698,True
interaction_g0.25,additive-lengthscale,09,199,199,5,0.8416666666666666,0.8,0.8714285714285713,0.8,1.0,0.8,0.888888888888889,4,0,1,4,ok,,0.0007501258223573,0.0020345182949674,True
interaction_g0.25,product-amplitude,00,199,199,5,1.0,1.0,1.0,1.0,1.0,1.0,1.0,5,0,0,5,excluded,r_hat_max 1.395 > 1.1; n_eff_min 6.2 < 16.0,0.0290113235174563,8.40636413076098e-05,True
interaction_g0.25,product-amplitude,01,199,199,5,1.0,1.0,1.0,1.0,1.0,0.8,0.888888888888889,4,0,1,4,excluded,r_hat_max 1.536 > 1.1; n_eff_min 5.8 < 16.0,0.0050400457487022,1.6151761867615424e-05,True
interaction_g0.25,product-amplitude,02,199,199,5,1.0,1.0,1.0,1.0,1.0,1.0,1.0,5,0,0,5,excluded,r_hat_max 1.255 > 1.1; n_eff_min 7.8 < 16.0,0.0216349724525364,7.490136899061724e-05,True
interaction_g0.25,product-amplitude,03,199,199,5,1.0,1.0,1.0,1.0,1.0,0.8,0.888888888888889,4,0,1,4,excluded,r_hat_max 1.537 > 1.1; n_eff_min 5.3 < 16.0,0.0196945393700407,1.941440664433626e-05,True
interaction_g0.25,product-amplitude,04,199,199,5,1.0,1.0,1.0,1.0,1.0,0.8,0.888888888888889,4,0,1,4,excluded,r_hat_max 1.452 > 1.1; n_eff_min 6.3 < 16.0,0.0094475725523451,4.080675468579484e-05,True
interaction_g0.25,product-amplitude,05,199,199,5,1.0,1.0,1.0,1.0,1.0,0.8,0.888888888888889,4,0,1,4,excluded,r_hat_max 1.350 > 1.1; n_eff_min 7.1 < 16.0,0.0073670091765703,3.606880013174362e-05,True
interaction_g0.25,product-amplitude,06,199,199,5,1.0,1.0,1.0,1.0,1.0,1.0,1.0,5,0,0,5,excluded,r_hat_max 1.582 > 1.1; n_eff_min 5.4 < 16.0,0.0242993734623857,2.44917287565762e-05,True
interaction_g0.25,product-amplitude,07,199,199,5,1.0,1.0,1.0,1.0,1.0,0.8,0.888888888888889,4,0,1,4,excluded,r_hat_max 1.550 > 1.1; n_eff_min 5.8 < 16.0,0.0186739472093576,3.130924288756218e-05,True
interaction_g0.25,product-amplitude,08,199,199,5,1.0,1.0,1.0,1.0,1.0,0.6,0.7499999999999999,3,0,2,3,excluded,r_hat_max 1.219 > 1.1; n_eff_min 8.9 < 16.0,0.0081180640439193,6.722360769029282e-05,True
interaction_g0.25,product-amplitude,09,199,199,5,1.0,1.0,1.0,1.0,1.0,0.8,0.888888888888889,4,0,1,4,excluded,r_hat_max 1.526 > 1.1; n_eff_min 6.6 < 16.0,0.0118348155550639,2.030500163022097e-05,True
interaction_g0.25,additive-amplitude,00,199,199,5,0.9666666666666666,0.8,0.9666666666666666,0.8,1.0,0.8,0.888888888888889,4,0,1,4,excluded,r_hat_max 1.659 > 1.1; n_eff_min 5.6 < 16.0,0.002787745821426,0.0071441188294216,True
interaction_g0.25,additive-amplitude,01,199,199,5,0.8766666666666666,0.8,0.8766666666666666,0.8,0.8333333333333334,1.0,0.9090909090909091,5,1,0,6,excluded,r_hat_max 1.621 > 1.1; n_eff_min 5.2 < 16.0,0.0286560165965064,0.2063475863521813,True
interaction_g0.25,additive-amplitude,02,199,199,5,0.71,0.8,0.71,0.8,0.8,0.8,0.8000000000000002,4,1,1,5,excluded,r_hat_max 1.533 > 1.1; n_eff_min 6.9 < 16.0,0.0182134049005116,0.5905369465372978,True
interaction_g0.25,additive-amplitude,03,199,199,5,0.9666666666666666,0.8,1.0,1.0,1.0,0.8,0.888888888888889,4,0,1,4,excluded,r_hat_max 3.576 > 1.1; n_eff_min 2.9 < 16.0,0.0045123175281184,0.0210882397787477,True
interaction_g0.25,additive-amplitude,04,199,199,5,1.0,1.0,1.0,1.0,1.0,1.0,1.0,5,0,0,5,excluded,r_hat_max 1.604 > 1.1; n_eff_min 5.6 < 16.0,0.0239818055573712,0.0001273134199311,True
interaction_g0.25,additive-amplitude,05,199,199,5,0.8099999999999999,0.8,1.0,1.0,0.8,0.8,0.8000000000000002,4,1,1,5,excluded,r_hat_max 1.425 > 1.1; n_eff_min 5.1 < 16.0,0.0172646007169447,0.3052149401633672,True
interaction_g0.25,additive-amplitude,06,199,199,5,0.71,0.8,0.8766666666666666,0.8,0.8333333333333334,1.0,0.9090909090909091,5,1,0,6,excluded,r_hat_max 1.531 > 1.1; n_eff_min 4.3 < 16.0,0.0679024585812967,0.1543655544158834,True
interaction_g0.25,additive-amplitude,07,199,199,5,1.0,1.0,1.0,1.0,1.0,1.0,1.0,5,0,0,5,excluded,r_hat_max 1.493 > 1.1; n_eff_min 6.5 < 16.0,0.0793630554233792,8.517921058701254e-05,True
interaction_g0.25,additive-amplitude,08,199,199,5,1.0,1.0,1.0,1.0,1.0,1.0,1.0,5,0,0,5,excluded,r_hat_max 3.511 > 1.1; n_eff_min 3.0 < 16.0,0.0243613504287505,4.923133176551311e-05,True
interaction_g0.25,additive-amplitude,09,199,199,5,0.8766666666666666,0.8,0.9666666666666666,0.8,0.8333333333333334,1.0,0.9090909090909091,5,1,0,6,excluded,r_hat_max 1.300 > 1.1; n_eff_min 7.5 < 16.0,0.0464434514857692,0.3270888154790087,True
interaction_g0.25,dsp_map,00,199,199,5,0.8099999999999999,0.8,0.6861904761904761,0.8,0.25,1.0,0.4,5,15,0,20,ok,,1.2295055459641628,4.060255676880755,True
interaction_g0.25,dsp_map,01,199,199,5,1.0,1.0,1.0,1.0,0.5,1.0,0.6666666666666666,5,5,0,10,ok,,1.121261524012416,0.3469569904963961,True
interaction_g0.25,dsp_map,02,199,199,5,0.4833333333333333,0.4,0.39880952380952384,0.4,0.3076923076923077,0.8,0.4444444444444444,4,9,1,13,ok,,0.1187541581248781,2.028248233648441,True
interaction_g0.25,dsp_map,03,199,199,5,0.4288855572213893,0.4,0.4345679012345679,0.4,0.375,0.6,0.4615384615384615,3,5,2,8,ok,,1.7220829474670676e-05,3.405341602673447,True
interaction_g0.25,dsp_map,04,199,199,5,0.5961904761904762,0.6,0.5449999999999999,0.6,0.4166666666666667,1.0,0.5882352941176471,5,7,0,12,ok,,0.479134814675432,14.1260289183515,True
interaction_g0.25,dsp_map,05,199,199,5,0.45,0.6,0.5366666666666667,0.6,0.25,1.0,0.4,5,15,0,20,ok,,0.1716843605047177,4.147429237964729,True
interaction_g0.25,dsp_map,06,199,199,5,1.0,1.0,1.0,1.0,0.625,1.0,0.7692307692307693,5,3,0,8,ok,,0.9429595366469068,0.5007541626682122,True
interaction_g0.25,dsp_map,07,199,199,5,0.15629822056716314,0.2,0.06307445200302343,0.0,0.1111111111111111,0.2,0.14285714285714285,1,8,4,9,ok,,2.0086630850686336e-05,3461.210322524307,True
interaction_g0.25,dsp_map,08,199,199,5,0.1556703096539162,0.2,0.15793808121256245,0.2,0.2,0.2,0.20000000000000004,1,4,4,5,ok,,3.817182496680264e-05,56.45404778423153,True
interaction_g0.25,dsp_map,09,199,199,5,1.0,1.0,0.6171428571428571,0.6,0.3333333333333333,1.0,0.5,5,10,0,15,ok,,1.9638512995113624,0.7026248828244754,True
interaction_g0.25,oracle_S,00,199,199,5,1.0,1.0,1.0,1.0,1.0,1.0,1.0,5,0,0,5,ok,,0.2380394634759148,0.0,True
interaction_g0.25,oracle_S,01,199,199,5,1.0,1.0,1.0,1.0,1.0,0.8,0.888888888888889,4,0,1,4,ok,,0.0148164194779455,0.0,True
interaction_g0.25,oracle_S,02,199,199,5,1.0,1.0,1.0,1.0,1.0,1.0,1.0,5,0,0,5,ok,,0.1537364286694181,0.0,True
interaction_g0.25,oracle_S,03,199,199,5,1.0,1.0,1.0,1.0,1.0,0.8,0.888888888888889,4,0,1,4,ok,,0.0126618236181678,0.0,True
interaction_g0.25,oracle_S,04,199,199,5,1.0,1.0,1.0,1.0,1.0,1.0,1.0,5,0,0,5,ok,,0.2389215923085272,0.0,True
interaction_g0.25,oracle_S,05,199,199,5,1.0,1.0,1.0,1.0,1.0,0.8,0.888888888888889,4,0,1,4,ok,,0.0086541728329973,0.0,True
interaction_g0.25,oracle_S,06,199,199,5,1.0,1.0,1.0,1.0,1.0,0.6,0.7499999999999999,3,0,2,3,ok,,0.015151354214121,0.0,True
interaction_g0.25,oracle_S,07,199,199,5,1.0,1.0,1.0,1.0,1.0,1.0,1.0,5,0,0,5,ok,,0.1669151887586136,0.0,True
interaction_g0.25,oracle_S,08,199,199,5,1.0,1.0,1.0,1.0,1.0,0.8,0.888888888888889,4,0,1,4,ok,,0.0555568274945173,0.0,True
interaction_g0.25,oracle_S,09,199,199,5,1.0,1.0,1.0,1.0,1.0,1.0,1.0,5,0,0,5,ok,,0.4989304544535278,0.0,True
