family,cell,reference,kind,n_seeds,median_diff,mean_diff,n_cell_better,n_ref_better,wilcoxon_stat,p_value,p_holm_within_family_kind
aligned3,product-lengthscale,sobol,cell_vs_ref,10,-0.35843017347629136,-0.45668751303256067,10,0,0.0,0.001953125,0.0234375
aligned3,product-lengthscale,dsp_map,cell_vs_ref,10,-0.00024004190323446387,0.013291607817704127,5,5,27.0,1.0,1.0
aligned3,product-lengthscale,oracle_S,cell_vs_ref,10,-8.362769496785005e-05,-0.0008157849277347261,7,1,6.0,0.109375,0.4375
aligned3,additive-lengthscale,sobol,cell_vs_ref,10,-0.35843462374839585,-0.4800771735401582,10,0,0.0,0.001953125,0.0234375
aligned3,additive-lengthscale,dsp_map,cell_vs_ref,10,-0.00030994988650134283,-0.010098052689893468,6,4,15.0,0.232421875,0.48046875
aligned3,additive-lengthscale,oracle_S,cell_vs_ref,10,-0.00194897658806265,-0.02420544543533232,8,2,9.0,0.064453125,0.38671875
aligned3,product-amplitude,sobol,cell_vs_ref,10,-0.35867321428373145,-0.4788028005431169,10,0,0.0,0.001953125,0.0234375
aligned3,product-amplitude,dsp_map,cell_vs_ref,10,-0.000256663418106936,-0.008823679692852155,8,2,10.0,0.083984375,0.419921875
aligned3,product-amplitude,oracle_S,cell_vs_ref,10,-0.0029345101534760613,-0.022931072438291008,9,1,8.0,0.048828125,0.341796875
aligned3,additive-amplitude,sobol,cell_vs_ref,10,-0.35825350130166567,-0.48027113076649836,10,0,0.0,0.001953125,0.0234375
aligned3,additive-amplitude,dsp_map,cell_vs_ref,10,-0.00010290081350357462,-0.010292009916233663,6,4,13.0,0.16015625,0.48046875
aligned3,additive-amplitude,oracle_S,cell_vs_ref,10,-0.0028084934278895003,-0.024399402661672516,9,1,4.0,0.013671875,0.109375
aligned3,product-lengthscale,additive-lengthscale,cell_vs_cell,10,6.6939595364984e-05,0.023389660507597596,3,7,16.0,0.275390625,1.0
aligned3,product-lengthscale,product-amplitude,cell_vs_cell,10,0.0007107240795242594,0.022115287510556282,3,7,13.0,0.16015625,0.9609375
aligned3,product-lengthscale,additive-amplitude,cell_vs_cell,10,3.3203526022640905e-05,0.023583617733937794,4,6,16.0,0.275390625,1.0
aligned3,additive-lengthscale,product-amplitude,cell_vs_cell,10,-4.7937317864343854e-05,-0.001274372997041313,5,5,26.0,0.921875,1.0
aligned3,additive-lengthscale,additive-amplitude,cell_vs_cell,10,-2.9091100806066805e-06,0.00019395722634019623,5,5,26.0,0.921875,1.0
aligned3,product-amplitude,additive-amplitude,cell_vs_cell,10,-4.582606114644783e-05,0.0014683302233815091,6,4,27.0,1.0,1.0
aligned10,product-lengthscale,sobol,cell_vs_ref,10,-1.8926615094466848,-1.958701809839494,10,0,0.0,0.001953125,0.0234375
aligned10,product-lengthscale,dsp_map,cell_vs_ref,10,-0.05409193976008629,-0.08992997654142831,7,3,18.0,0.375,0.55078125
aligned10,product-lengthscale,oracle_S,cell_vs_ref,10,-0.12172001725468419,-0.09709333795720079,6,4,16.0,0.275390625,0.55078125
aligned10,additive-lengthscale,sobol,cell_vs_ref,10,-2.258553969212273,-2.190273762726281,10,0,0.0,0.001953125,0.0234375
aligned10,additive-lengthscale,dsp_map,cell_vs_ref,10,-0.2604148858762345,-0.3215019294282152,9,1,6.0,0.02734375,0.08203125
aligned10,additive-lengthscale,oracle_S,cell_vs_ref,10,-0.24808733644408898,-0.3286652908439877,9,1,1.0,0.00390625,0.0234375
aligned10,product-amplitude,sobol,cell_vs_ref,10,-2.1733342869075107,-2.208848445244832,10,0,0.0,0.001953125,0.0234375
aligned10,product-amplitude,dsp_map,cell_vs_ref,10,-0.21315398943863875,-0.34007661194676586,8,2,3.0,0.009765625,0.0390625
aligned10,product-amplitude,oracle_S,cell_vs_ref,10,-0.3899265719627,-0.34723997336253837,9,1,1.0,0.00390625,0.0234375
aligned10,additive-amplitude,sobol,cell_vs_ref,10,-2.259545359181371,-2.2623774687087823,10,0,0.0,0.001953125,0.0234375
aligned10,additive-amplitude,dsp_map,cell_vs_ref,10,-0.22862304994210664,-0.39360563541071636,10,0,0.0,0.001953125,0.0234375
aligned10,additive-amplitude,oracle_S,cell_vs_ref,10,-0.3986956580692175,-0.40076899682648887,10,0,0.0,0.001953125,0.0234375
aligned10,product-lengthscale,additive-lengthscale,cell_vs_cell,10,0.16965486902239757,0.23157195288678692,1,9,6.0,0.02734375,0.13671875
aligned10,product-lengthscale,product-amplitude,cell_vs_cell,10,0.15043721404928956,0.25014663540533755,2,8,7.0,0.037109375,0.1484375
aligned10,product-lengthscale,additive-amplitude,cell_vs_cell,10,0.2614266054022427,0.30367565886928805,0,10,0.0,0.001953125,0.01171875
aligned10,additive-lengthscale,product-amplitude,cell_vs_cell,10,-0.0303389839778383,0.018574682518550666,7,3,21.0,0.556640625,0.984375
aligned10,additive-lengthscale,additive-amplitude,cell_vs_cell,10,0.006162541364457048,0.07210370598250117,4,6,20.0,0.4921875,0.984375
aligned10,product-amplitude,additive-amplitude,cell_vs_cell,10,0.01317231700843545,0.0535290234639505,5,5,15.0,0.232421875,0.697265625
decoupled,product-lengthscale,sobol,cell_vs_ref,10,-1.3634532566920874,-1.3259918579675847,10,0,0.0,0.001953125,0.0234375
decoupled,product-lengthscale,dsp_map,cell_vs_ref,10,0.15195370062352384,0.09380382048716651,4,6,18.0,0.375,0.966796875
decoupled,product-lengthscale,oracle_S,cell_vs_ref,10,-0.05191612404838745,-0.06625587433857155,6,4,26.0,0.921875,0.966796875
decoupled,additive-lengthscale,sobol,cell_vs_ref,10,-1.4927411293313955,-1.5592119878763644,10,0,0.0,0.001953125,0.0234375
decoupled,additive-lengthscale,dsp_map,cell_vs_ref,10,-0.09177369314814543,-0.13941630942161326,6,4,17.0,0.322265625,0.966796875
decoupled,additive-lengthscale,oracle_S,cell_vs_ref,10,-0.17869872366310546,-0.2994760042473513,9,1,3.0,0.009765625,0.068359375
decoupled,product-amplitude,sobol,cell_vs_ref,10,-1.4884504309878261,-1.647064812818042,10,0,0.0,0.001953125,0.0234375
decoupled,product-amplitude,dsp_map,cell_vs_ref,10,-0.14368914874649885,-0.2272691343632911,8,2,7.0,0.037109375,0.185546875
decoupled,product-amplitude,oracle_S,cell_vs_ref,10,-0.3437595963883553,-0.3873288291890292,9,1,4.0,0.013671875,0.08203125
decoupled,additive-amplitude,sobol,cell_vs_ref,10,-1.689274632490404,-1.6975063092981753,10,0,0.0,0.001953125,0.0234375
decoupled,additive-amplitude,dsp_map,cell_vs_ref,10,-0.1719799278643635,-0.2777106308434241,7,3,8.0,0.048828125,0.1953125
decoupled,additive-amplitude,oracle_S,cell_vs_ref,10,-0.2773880818434541,-0.4377703256691622,10,0,0.0,0.001953125,0.0234375
decoupled,product-lengthscale,additive-lengthscale,cell_vs_cell,10,0.28250186376764175,0.23322012990877977,0,10,0.0,0.001953125,0.01171875
decoupled,product-lengthscale,product-amplitude,cell_vs_cell,10,0.21342931395324774,0.32107295485045767,1,9,1.0,0.00390625,0.015625
decoupled,product-lengthscale,additive-amplitude,cell_vs_cell,10,0.27766685670217633,0.37151445133059063,0,10,0.0,0.001953125,0.01171875
decoupled,additive-lengthscale,product-amplitude,cell_vs_cell,10,0.013023721146101949,0.08785282494167787,4,6,20.0,0.4921875,0.86328125
decoupled,additive-lengthscale,additive-amplitude,cell_vs_cell,10,0.057553385888446495,0.13829432142181083,1,9,4.0,0.013671875,0.041015625
decoupled,product-amplitude,additive-amplitude,cell_vs_cell,10,0.0065903291847239955,0.050441496480132963,4,6,19.0,0.431640625,0.86328125
interaction_g0.25,product-lengthscale,sobol,cell_vs_ref,10,-1.3011130670254045,-1.3822885536832115,10,0,0.0,0.001953125,0.0234375
interaction_g0.25,product-lengthscale,dsp_map,cell_vs_ref,10,-0.38324347185754926,-0.6468573784820639,10,0,0.0,0.001953125,0.0234375
interaction_g0.25,product-lengthscale,oracle_S,cell_vs_ref,10,-0.00217897886202745,-0.032118881591253194,8,2,8.0,0.048828125,0.29296875
interaction_g0.25,additive-lengthscale,sobol,cell_vs_ref,10,-1.2453851778934129,-1.0622213563178176,10,0,0.0,0.001953125,0.0234375
interaction_g0.25,additive-lengthscale,dsp_map,cell_vs_ref,10,-0.07804009501045293,-0.3267901811166699,9,1,8.0,0.048828125,0.29296875
interaction_g0.25,additive-lengthscale,oracle_S,cell_vs_ref,10,0.0016451375072176998,0.2879483157741408,4,6,21.0,0.556640625,1.0
interaction_g0.25,product-amplitude,sobol,cell_vs_ref,10,-1.2442513082667255,-1.144147181661038,10,0,0.0,0.001953125,0.0234375
interaction_g0.25,product-amplitude,dsp_map,cell_vs_ref,10,-0.09823200106920948,-0.40871600645989037,9,1,7.0,0.037109375,0.259765625
interaction_g0.25,product-amplitude,oracle_S,cell_vs_ref,10,-0.0033633391025272,0.20602249043092033,7,3,17.0,0.322265625,0.966796875
interaction_g0.25,additive-amplitude,sobol,cell_vs_ref,10,-1.237637812379298,-1.0673427660398944,10,0,0.0,0.001953125,0.0234375
interaction_g0.25,additive-amplitude,dsp_map,cell_vs_ref,10,-0.08776106513465745,-0.33191159083874655,8,2,10.0,0.083984375,0.3359375
interaction_g0.25,additive-amplitude,oracle_S,cell_vs_ref,10,0.005714851496303051,0.2828269060520642,4,6,21.0,0.556640625,1.0
interaction_g0.25,product-lengthscale,additive-lengthscale,cell_vs_cell,10,-0.016480073488954097,-0.320067197365394,8,2,9.0,0.064453125,0.1953125
interaction_g0.25,product-lengthscale,product-amplitude,cell_vs_cell,10,-0.0005581805327721,-0.23814137202217353,6,4,17.0,0.322265625,0.64453125
interaction_g0.25,product-lengthscale,additive-amplitude,cell_vs_cell,10,-0.0078938303583305,-0.3149457876433173,8,2,8.0,0.048828125,0.1953125
interaction_g0.25,additive-lengthscale,product-amplitude,cell_vs_cell,10,0.009157740758256188,0.08192582534322049,2,8,3.0,0.009765625,0.05859375
interaction_g0.25,additive-lengthscale,additive-amplitude,cell_vs_cell,10,-0.0006044124371435977,0.0051214097220766835,6,4,27.0,1.0,1.0
interaction_g0.25,product-amplitude,additive-amplitude,cell_vs_cell,10,-0.010483400351141408,-0.0768044156211438,8,2,4.0,0.013671875,0.068359375
