family,seed,effect,value,kind
aligned10,00,S_HC,-0.26306418017823807,main_HC
aligned10,01,S_HC,0.02286470422912054,main_HC
aligned10,02,S_HC,-1.0116976545242435,main_HC
aligned10,03,S_HC,-0.6088041974371456,main_HC
aligned10,04,S_HC,-0.8452090703834738,main_HC
aligned10,05,S_HC,-0.3605493088829189,main_HC
aligned10,06,S_HC,-0.8434738836416749,main_HC
aligned10,07,S_HC,-0.4817471849937375,main_HC
aligned10,08,S_HC,0.22986451189974128,main_HC
aligned10,09,S_HC,-0.37248806543752333,main_HC
aligned3,00,S_HC,0.46474837240828837,main_HC
aligned3,01,S_HC,-3.4938167115530683,main_HC
aligned3,02,S_HC,0.7181995940345194,main_HC
aligned3,03,S_HC,-0.32172412384408666,main_HC
aligned3,04,S_HC,-0.2634794967396108,main_HC
aligned3,05,S_HC,0.5293041639368179,main_HC
aligned3,06,S_HC,0.8110982120275534,main_HC
aligned3,07,S_HC,-0.5085450994060314,main_HC
aligned3,08,S_HC,-0.6706956188142681,main_HC
aligned3,09,S_HC,-1.2389456227347202,main_HC
anti_aligned,00,S_HC,-0.02409749183994464,main_HC
anti_aligned,01,S_HC,-0.5764966770363842,main_HC
anti_aligned,02,S_HC,-0.29407154054494816,main_HC
anti_aligned,03,S_HC,-1.2327763765922382,main_HC
anti_aligned,04,S_HC,-0.48872724935950224,main_HC
anti_aligned,05,S_HC,-0.6800006229058194,main_HC
anti_aligned,06,S_HC,0.22299677016316202,main_HC
anti_aligned,07,S_HC,-0.2934094406069415,main_HC
anti_aligned,08,S_HC,0.011276605291518194,main_HC
anti_aligned,09,S_HC,-0.5432279176834387,main_HC
decoupled,00,S_HC,-0.39289696278240704,main_HC
decoupled,01,S_HC,0.005749378214562645,main_HC
decoupled,02,S_HC,-0.872758325723141,main_HC
decoupled,03,S_HC,-1.072141935998728,main_HC
decoupled,04,S_HC,-0.10447737706816584,main_HC
decoupled,05,S_HC,-0.36073028108774674,main_HC
decoupled,06,S_HC,0.1289227391392687,main_HC
decoupled,07,S_HC,-0.06936783551396583,main_HC
decoupled,08,S_HC,-0.17825603727867023,main_HC
decoupled,09,S_HC,-0.3160259236852465,main_HC
interaction_g0.00,00,S_HC,-0.8281308391994403,main_HC
interaction_g0.00,01,S_HC,0.47050073033746975,main_HC
interaction_g0.00,02,S_HC,-0.29777012553327564,main_HC
interaction_g0.00,03,S_HC,0.20762236486191576,main_HC
interaction_g0.00,04,S_HC,-1.6298736458192462,main_HC
interaction_g0.00,05,S_HC,0.345448764793837,main_HC
interaction_g0.00,06,S_HC,-0.7930904513654334,main_HC
interaction_g0.00,07,S_HC,0.1066215228097267,main_HC
interaction_g0.00,08,S_HC,-0.058442581033331,main_HC
interaction_g0.00,09,S_HC,-0.3706394306586698,main_HC
interaction_g0.25,00,S_HC,1.3307031953697241,main_HC
interaction_g0.25,01,S_HC,0.5694421115701305,main_HC
interaction_g0.25,02,S_HC,-0.37991773355160363,main_HC
interaction_g0.25,03,S_HC,0.9431913008933634,main_HC
interaction_g0.25,04,S_HC,0.8932169571859666,main_HC
interaction_g0.25,05,S_HC,4.9120557406468,main_HC
interaction_g0.25,06,S_HC,0.31230815925641175,main_HC
interaction_g0.25,07,S_HC,0.6373964809326991,main_HC
interaction_g0.25,08,S_HC,1.1406968136367772,main_HC
interaction_g0.25,09,S_HC,0.23911047749669012,main_HC
interaction_g0.50,00,S_HC,1.2567427483395213,main_HC
interaction_g0.50,01,S_HC,2.631452746184192,main_HC
interaction_g0.50,02,S_HC,0.3324653876756443,main_HC
interaction_g0.50,03,S_HC,-1.5920874428218523,main_HC
interaction_g0.50,04,S_HC,0.6215328696248456,main_HC
interaction_g0.50,05,S_HC,2.457511638243726,main_HC
interaction_g0.50,06,S_HC,0.5825389122524302,main_HC
interaction_g0.50,07,S_HC,-0.15255026769590196,main_HC
interaction_g0.50,08,S_HC,1.2626032012932404,main_HC
interaction_g0.50,09,S_HC,2.3409357225657903,main_HC
interaction_g0.75,00,S_HC,1.1275989655632874,main_HC
interaction_g0.75,01,S_HC,1.1218559225190685,main_HC
interaction_g0.75,02,S_HC,-1.508289688689366,main_HC
interaction_g0.75,03,S_HC,0.8878743655775505,main_HC
interaction_g0.75,04,S_HC,1.5140201075159545,main_HC
interaction_g0.75,05,S_HC,1.9349306232988157,main_HC
interaction_g0.75,06,S_HC,0.18256954828596228,main_HC
interaction_g0.75,07,S_HC,0.26144532469379533,main_HC
interaction_g0.75,08,S_HC,2.713358128533617,main_HC
interaction_g0.75,09,S_HC,1.292240090636794,main_HC
aligned10,00,P_HC,0.016590555585810796,main_HC
aligned10,01,P_HC,-1.4739635237361575,main_HC
aligned10,02,P_HC,-0.2734065986781815,main_HC
aligned10,03,P_HC,0.28117933653587457,main_HC
aligned10,04,P_HC,-0.4353731427210906,main_HC
aligned10,05,P_HC,-0.09801398372805548,main_HC
aligned10,06,P_HC,-0.08493013521480441,main_HC
aligned10,07,P_HC,-0.03205983463831574,main_HC
aligned10,08,P_HC,-1.073174958146178,main_HC
aligned10,09,P_HC,-0.8143398806209002,main_HC
aligned3,00,P_HC,-1.8761548399501118,main_HC
aligned3,01,P_HC,-0.9820869550759297,main_HC
aligned3,02,P_HC,-0.612420398626979,main_HC
aligned3,03,P_HC,0.5072306549325916,main_HC
aligned3,04,P_HC,0.9468971043218393,main_HC
aligned3,05,P_HC,-0.0954406718854901,main_HC
aligned3,06,P_HC,-1.5617160574009354,main_HC
aligned3,07,P_HC,0.4957161072537193,main_HC
aligned3,08,P_HC,-1.6416722405399606,main_HC
aligned3,09,P_HC,-0.6713040187270118,main_HC
anti_aligned,00,P_HC,-1.3202451765694567,main_HC
anti_aligned,01,P_HC,-0.3158642384459507,main_HC
anti_aligned,02,P_HC,-0.18091839219757327,main_HC
anti_aligned,03,P_HC,-0.02116348098955334,main_HC
anti_aligned,04,P_HC,-0.1785543882903799,main_HC
anti_aligned,05,P_HC,-0.8912310925206951,main_HC
anti_aligned,06,P_HC,-1.6458505840046203,main_HC
anti_aligned,07,P_HC,-0.20865944172210693,main_HC
anti_aligned,08,P_HC,0.007721752097095802,main_HC
anti_aligned,09,P_HC,0.09171140740419675,main_HC
decoupled,00,P_HC,-0.2983311706839181,main_HC
decoupled,01,P_HC,-0.10142683255625742,main_HC
decoupled,02,P_HC,-0.7892871575540068,main_HC
decoupled,03,P_HC,-0.5956678649796905,main_HC
decoupled,04,P_HC,-0.4991548848381493,main_HC
decoupled,05,P_HC,-0.20605309952674755,main_HC
decoupled,06,P_HC,-0.41920262628896443,main_HC
decoupled,07,P_HC,-0.8172861939171285,main_HC
decoupled,08,P_HC,-0.36290764824642674,main_HC
decoupled,09,P_HC,-0.7917921852406571,main_HC
interaction_g0.00,00,P_HC,-0.11870447023063935,main_HC
interaction_g0.00,01,P_HC,-0.8380828748755704,main_HC
interaction_g0.00,02,P_HC,0.4819824862077744,main_HC
interaction_g0.00,03,P_HC,-0.7298185415252678,main_HC
interaction_g0.00,04,P_HC,0.3417656090211143,main_HC
interaction_g0.00,05,P_HC,-0.6219490576865382,main_HC
interaction_g0.00,06,P_HC,-0.5434863955468751,main_HC
interaction_g0.00,07,P_HC,0.16077609409349947,main_HC
interaction_g0.00,08,P_HC,-0.17871406571620663,main_HC
interaction_g0.00,09,P_HC,-0.46608606891118143,main_HC
interaction_g0.25,00,P_HC,1.2256255421209952,main_HC
interaction_g0.25,01,P_HC,-0.5158601651705732,main_HC
interaction_g0.25,02,P_HC,1.261054093754368,main_HC
interaction_g0.25,03,P_HC,-0.029618528601779603,main_HC
interaction_g0.25,04,P_HC,-0.4775482889934909,main_HC
interaction_g0.25,05,P_HC,-0.3790854909317449,main_HC
interaction_g0.25,06,P_HC,-0.7608154046944099,main_HC
interaction_g0.25,07,P_HC,0.8351161496063517,main_HC
interaction_g0.25,08,P_HC,1.1390903221151247,main_HC
interaction_g0.25,09,P_HC,-0.6007069639611224,main_HC
interaction_g0.50,00,P_HC,1.1051774537212853,main_HC
interaction_g0.50,01,P_HC,-1.8819748886410994,main_HC
interaction_g0.50,02,P_HC,0.6937118106745674,main_HC
interaction_g0.50,03,P_HC,-1.4157136958734111,main_HC
interaction_g0.50,04,P_HC,0.3628485819552449,main_HC
interaction_g0.50,05,P_HC,-2.4481330192560105,main_HC
interaction_g0.50,06,P_HC,-1.3747124513348727,main_HC
interaction_g0.50,07,P_HC,0.15657091465556333,main_HC
interaction_g0.50,08,P_HC,1.2624301602081758,main_HC
interaction_g0.50,09,P_HC,-0.6326961571484783,main_HC
interaction_g0.75,00,P_HC,0.633427247760534,main_HC
interaction_g0.75,01,P_HC,0.07757268934567718,main_HC
interaction_g0.75,02,P_HC,-0.5823258262309944,main_HC
interaction_g0.75,03,P_HC,-3.5523550921624194,main_HC
interaction_g0.75,04,P_HC,-0.9954612189739471,main_HC
interaction_g0.75,05,P_HC,-1.9629774609588857,main_HC
interaction_g0.75,06,P_HC,-0.22939156243390746,main_HC
interaction_g0.75,07,P_HC,-0.8364683979121312,main_HC
interaction_g0.75,08,P_HC,-0.02939228816393974,main_HC
interaction_g0.75,09,P_HC,-0.29503182487862534,main_HC
aligned10,00,S_R2D2,-0.25679961589994793,main_R2D2
aligned10,01,S_R2D2,-0.6126968958870223,main_R2D2
aligned10,02,S_R2D2,-0.8878723979777732,main_R2D2
aligned10,03,S_R2D2,-0.8496562834189889,main_R2D2
aligned10,04,S_R2D2,0.05067175908771022,main_R2D2
aligned10,05,S_R2D2,-0.34461370026836363,main_R2D2
aligned10,06,S_R2D2,-0.5577830618696427,main_R2D2
aligned10,07,S_R2D2,-0.26231008450058857,main_R2D2
aligned10,08,S_R2D2,0.23037255206774532,main_R2D2
aligned10,09,S_R2D2,-0.42419480437499546,main_R2D2
aligned3,00,S_R2D2,2.9200933364874375,main_R2D2
aligned3,01,S_R2D2,-3.7083885074251604,main_R2D2
aligned3,02,S_R2D2,-0.7787701251848673,main_R2D2
aligned3,03,S_R2D2,0.6865523728228209,main_R2D2
aligned3,04,S_R2D2,-0.13535116320080176,main_R2D2
aligned3,05,S_R2D2,-0.5259419318720383,main_R2D2
aligned3,06,S_R2D2,-0.8012131546619234,main_R2D2
aligned3,07,S_R2D2,1.0325928723440514,main_R2D2
aligned3,08,S_R2D2,0.838777805632933,main_R2D2
aligned3,09,S_R2D2,-1.2477752565762308,main_R2D2
anti_aligned,00,S_R2D2,0.21046773234815846,main_R2D2
anti_aligned,01,S_R2D2,0.22262622869799326,main_R2D2
anti_aligned,02,S_R2D2,-0.0059663103854877275,main_R2D2
anti_aligned,03,S_R2D2,-0.08862582801540769,main_R2D2
anti_aligned,04,S_R2D2,-0.5617981841154842,main_R2D2
anti_aligned,05,S_R2D2,-0.1068043371929429,main_R2D2
anti_aligned,06,S_R2D2,-0.45227391489927943,main_R2D2
anti_aligned,07,S_R2D2,0.029702121258092185,main_R2D2
anti_aligned,08,S_R2D2,-0.076612956140341,main_R2D2
anti_aligned,09,S_R2D2,0.37612091700256356,main_R2D2
decoupled,00,S_R2D2,-0.23391729697559074,main_R2D2
decoupled,01,S_R2D2,0.13635664916809212,main_R2D2
decoupled,02,S_R2D2,0.10612952534277748,main_R2D2
decoupled,03,S_R2D2,0.07816917634331358,main_R2D2
decoupled,04,S_R2D2,1.4760715789948464,main_R2D2
decoupled,05,S_R2D2,0.18965310844892072,main_R2D2
decoupled,06,S_R2D2,-0.34079703329020844,main_R2D2
decoupled,07,S_R2D2,-0.4183762574596555,main_R2D2
decoupled,08,S_R2D2,-0.13484801247440692,main_R2D2
decoupled,09,S_R2D2,0.009007562203497688,main_R2D2
interaction_g0.00,00,S_R2D2,-0.03209371186120813,main_R2D2
interaction_g0.00,01,S_R2D2,-0.7349003931476163,main_R2D2
interaction_g0.00,02,S_R2D2,-0.2214222984275912,main_R2D2
interaction_g0.00,03,S_R2D2,0.1947771283611856,main_R2D2
interaction_g0.00,04,S_R2D2,-0.3232496944366168,main_R2D2
interaction_g0.00,05,S_R2D2,0.41943609915917707,main_R2D2
interaction_g0.00,06,S_R2D2,-0.8657392466477599,main_R2D2
interaction_g0.00,07,S_R2D2,0.3284888386669761,main_R2D2
interaction_g0.00,08,S_R2D2,0.0,main_R2D2
interaction_g0.00,09,S_R2D2,0.2205891693153793,main_R2D2
interaction_g0.25,00,S_R2D2,-0.5059897509740675,main_R2D2
interaction_g0.25,01,S_R2D2,-0.025344002743325822,main_R2D2
interaction_g0.25,02,S_R2D2,-0.4227462414006916,main_R2D2
interaction_g0.25,03,S_R2D2,-0.3740140464406648,main_R2D2
interaction_g0.25,04,S_R2D2,-0.5328369310434011,main_R2D2
interaction_g0.25,05,S_R2D2,-3.9061625489522034,main_R2D2
interaction_g0.25,06,S_R2D2,-0.279228337016996,main_R2D2
interaction_g0.25,07,S_R2D2,2.6464700642594146,main_R2D2
interaction_g0.25,08,S_R2D2,-0.07114265221076618,main_R2D2
interaction_g0.25,09,S_R2D2,-0.8785291986812555,main_R2D2
interaction_g0.50,00,S_R2D2,-0.02857970820217673,main_R2D2
interaction_g0.50,01,S_R2D2,-2.47693484414252,main_R2D2
interaction_g0.50,02,S_R2D2,-0.4708018313531911,main_R2D2
interaction_g0.50,03,S_R2D2,-0.8647779981695295,main_R2D2
interaction_g0.50,04,S_R2D2,0.09430791775152586,main_R2D2
interaction_g0.50,05,S_R2D2,-0.6880759959416222,main_R2D2
interaction_g0.50,06,S_R2D2,1.0105118010716805,main_R2D2
interaction_g0.50,07,S_R2D2,0.03653790595179096,main_R2D2
interaction_g0.50,08,S_R2D2,0.11810259988419694,main_R2D2
interaction_g0.50,09,S_R2D2,-1.199627485754558,main_R2D2
interaction_g0.75,00,S_R2D2,-0.3382775066947472,main_R2D2
interaction_g0.75,01,S_R2D2,-0.23827705331828541,main_R2D2
interaction_g0.75,02,S_R2D2,0.5824760422848684,main_R2D2
interaction_g0.75,03,S_R2D2,-3.3076945243057514,main_R2D2
interaction_g0.75,04,S_R2D2,0.5599894486069961,main_R2D2
interaction_g0.75,05,S_R2D2,0.043269251355413034,main_R2D2
interaction_g0.75,06,S_R2D2,0.7906908183145984,main_R2D2
interaction_g0.75,07,S_R2D2,0.706877451778507,main_R2D2
interaction_g0.75,08,S_R2D2,0.12686152446486842,main_R2D2
interaction_g0.75,09,S_R2D2,-1.328660526172163,main_R2D2
aligned10,00,P_R2D2,-0.12075214797098499,main_R2D2
aligned10,01,P_R2D2,0.5354133646333894,main_R2D2
aligned10,02,P_R2D2,-0.3275352869773369,main_R2D2
aligned10,03,P_R2D2,0.005252286812669066,main_R2D2
aligned10,04,P_R2D2,-1.0186146528038438,main_R2D2
aligned10,05,P_R2D2,-0.9832545088504199,main_R2D2
aligned10,06,P_R2D2,-0.6034595399749187,main_R2D2
aligned10,07,P_R2D2,-0.7504332960058686,main_R2D2
aligned10,08,P_R2D2,-0.8298199481934359,main_R2D2
aligned10,09,P_R2D2,-1.1538393750593312,main_R2D2
aligned3,00,P_R2D2,-3.920024116229109,main_R2D2
aligned3,01,P_R2D2,-2.534421727067549,main_R2D2
aligned3,02,P_R2D2,-1.4874803664812062,main_R2D2
aligned3,03,P_R2D2,1.3072014945525559,main_R2D2
aligned3,04,P_R2D2,1.7152737746822324,main_R2D2
aligned3,05,P_R2D2,0.16637659638631164,main_R2D2
aligned3,06,P_R2D2,-0.8031612504131282,main_R2D2
aligned3,07,P_R2D2,-0.21818613615907967,main_R2D2
aligned3,08,P_R2D2,-0.838777805632933,main_R2D2
aligned3,09,P_R2D2,-1.3568602765914626,main_R2D2
anti_aligned,00,P_R2D2,-1.0928100996823065,main_R2D2
anti_aligned,01,P_R2D2,-0.8472941673861177,main_R2D2
anti_aligned,02,P_R2D2,-0.47496439272923385,main_R2D2
anti_aligned,03,P_R2D2,-0.02855832233770711,main_R2D2
anti_aligned,04,P_R2D2,-0.0392575946255844,main_R2D2
anti_aligned,05,P_R2D2,-0.3592919232813562,main_R2D2
anti_aligned,06,P_R2D2,-0.7226968940344054,main_R2D2
anti_aligned,07,P_R2D2,-0.15446784266415187,main_R2D2
anti_aligned,08,P_R2D2,-0.07501570968207646,main_R2D2
anti_aligned,09,P_R2D2,-0.856782511260895,main_R2D2
decoupled,00,P_R2D2,-0.24074550109702655,main_R2D2
decoupled,01,P_R2D2,0.12619850341832678,main_R2D2
decoupled,02,P_R2D2,0.20358633355156713,main_R2D2
decoupled,03,P_R2D2,-0.40304406962556993,main_R2D2
decoupled,04,P_R2D2,-1.700166884905349,main_R2D2
decoupled,05,P_R2D2,-0.31388403821331506,main_R2D2
decoupled,06,P_R2D2,-0.9234227477892243,main_R2D2
decoupled,07,P_R2D2,0.5946599364772204,main_R2D2
decoupled,08,P_R2D2,-0.06165711440802141,main_R2D2
decoupled,09,P_R2D2,-0.982280890474962,main_R2D2
interaction_g0.00,00,P_R2D2,-0.32430511650934135,main_R2D2
interaction_g0.00,01,P_R2D2,-0.9936355471639033,main_R2D2
interaction_g0.00,02,P_R2D2,-1.072573216346373,main_R2D2
interaction_g0.00,03,P_R2D2,0.09453922772874318,main_R2D2
interaction_g0.00,04,P_R2D2,-0.861507933855536,main_R2D2
interaction_g0.00,05,P_R2D2,-0.275125701866025,main_R2D2
interaction_g0.00,06,P_R2D2,-0.4838575279329845,main_R2D2
interaction_g0.00,07,P_R2D2,0.04450979958933343,main_R2D2
interaction_g0.00,08,P_R2D2,0.0,main_R2D2
interaction_g0.00,09,P_R2D2,-0.06650335925397026,main_R2D2
interaction_g0.25,00,P_R2D2,-0.520041804202586,main_R2D2
interaction_g0.25,01,P_R2D2,-0.8542613838286541,main_R2D2
interaction_g0.25,02,P_R2D2,-0.8224596001207956,main_R2D2
interaction_g0.25,03,P_R2D2,-0.008288826528722787,main_R2D2
interaction_g0.25,04,P_R2D2,-0.6716741817854068,main_R2D2
interaction_g0.25,05,P_R2D2,-3.906095988421351,main_R2D2
interaction_g0.25,06,P_R2D2,0.18247664493014404,main_R2D2
interaction_g0.25,07,P_R2D2,2.01714186514537,main_R2D2
interaction_g0.25,08,P_R2D2,-0.07159987695393613,main_R2D2
interaction_g0.25,09,P_R2D2,0.7483163057905985,main_R2D2
interaction_g0.50,00,P_R2D2,0.09442839049381546,main_R2D2
interaction_g0.50,01,P_R2D2,2.4057741302189966,main_R2D2
interaction_g0.50,02,P_R2D2,-0.8847524419628094,main_R2D2
interaction_g0.50,03,P_R2D2,0.6691979123407809,main_R2D2
interaction_g0.50,04,P_R2D2,-0.0894198834459867,main_R2D2
interaction_g0.50,05,P_R2D2,-0.647712077610971,main_R2D2
interaction_g0.50,06,P_R2D2,-1.4728765878992713,main_R2D2
interaction_g0.50,07,P_R2D2,-0.01783208768594713,main_R2D2
interaction_g0.50,08,P_R2D2,0.11704799207534991,main_R2D2
interaction_g0.50,09,P_R2D2,-1.202018245264084,main_R2D2
interaction_g0.75,00,P_R2D2,-0.37861316518580235,main_R2D2
interaction_g0.75,01,P_R2D2,-4.439389593350258,main_R2D2
interaction_g0.75,02,P_R2D2,0.3479322718617359,main_R2D2
interaction_g0.75,03,P_R2D2,-1.2742305901720625,main_R2D2
interaction_g0.75,04,P_R2D2,-0.556873528616658,main_R2D2
interaction_g0.75,05,P_R2D2,0.043269251355413034,main_R2D2
interaction_g0.75,06,P_R2D2,-0.7946286097397237,main_R2D2
interaction_g0.75,07,P_R2D2,0.36172542056568147,main_R2D2
interaction_g0.75,08,P_R2D2,0.11903420005786469,main_R2D2
interaction_g0.75,09,P_R2D2,-1.509666786959147,main_R2D2
aligned10,00,dS,0.006264564278290141,interaction
aligned10,01,dS,-0.6355616001161428,interaction
aligned10,02,dS,0.12382525654647036,interaction
aligned10,03,dS,-0.24085208598184327,interaction
aligned10,04,dS,0.8958808294711841,interaction
aligned10,05,dS,0.015935608614555286,interaction
aligned10,06,dS,0.2856908217720322,interaction
aligned10,07,dS,0.2194371004931489,interaction
aligned10,08,dS,0.0005080401680040425,interaction
aligned10,09,dS,-0.05170673893747213,interaction
aligned3,00,dS,2.455344964079149,interaction
aligned3,01,dS,-0.21457179587209207,interaction
aligned3,02,dS,-1.4969697192193867,interaction
aligned3,03,dS,1.0082764966669076,interaction
aligned3,04,dS,0.12812833353880904,interaction
aligned3,05,dS,-1.0552460958088563,interaction
aligned3,06,dS,-1.6123113666894768,interaction
aligned3,07,dS,1.5411379717500828,interaction
aligned3,08,dS,1.5094734244472012,interaction
aligned3,09,dS,-0.008829633841510587,interaction
anti_aligned,00,dS,0.2345652241881031,interaction
anti_aligned,01,dS,0.7991229057343774,interaction
anti_aligned,02,dS,0.28810523015946043,interaction
anti_aligned,03,dS,1.1441505485768304,interaction
anti_aligned,04,dS,-0.07307093475598198,interaction
anti_aligned,05,dS,0.5731962857128765,interaction
anti_aligned,06,dS,-0.6752706850624415,interaction
anti_aligned,07,dS,0.3231115618650337,interaction
anti_aligned,08,dS,-0.08788956143185919,interaction
anti_aligned,09,dS,0.9193488346860023,interaction
decoupled,00,dS,0.1589796658068163,interaction
decoupled,01,dS,0.13060727095352948,interaction
decoupled,02,dS,0.9788878510659185,interaction
decoupled,03,dS,1.1503111123420418,interaction
decoupled,04,dS,1.5805489560630122,interaction
decoupled,05,dS,0.5503833895366674,interaction
decoupled,06,dS,-0.46971977242947716,interaction
decoupled,07,dS,-0.3490084219456897,interaction
decoupled,08,dS,0.04340802480426331,interaction
decoupled,09,dS,0.3250334858887442,interaction
interaction_g0.00,00,dS,0.7960371273382322,interaction
interaction_g0.00,01,dS,-1.205401123485086,interaction
interaction_g0.00,02,dS,0.07634782710568444,interaction
interaction_g0.00,03,dS,-0.012845236500730162,interaction
interaction_g0.00,04,dS,1.3066239513826294,interaction
interaction_g0.00,05,dS,0.07398733436534005,interaction
interaction_g0.00,06,dS,-0.07264879528232648,interaction
interaction_g0.00,07,dS,0.2218673158572494,interaction
interaction_g0.00,08,dS,0.058442581033331,interaction
interaction_g0.00,09,dS,0.5912285999740491,interaction
interaction_g0.25,00,dS,-1.8366929463437915,interaction
interaction_g0.25,01,dS,-0.5947861143134563,interaction
interaction_g0.25,02,dS,-0.04282850784908798,interaction
interaction_g0.25,03,dS,-1.3172053473340282,interaction
interaction_g0.25,04,dS,-1.4260538882293678,interaction
interaction_g0.25,05,dS,-8.818218289599004,interaction
interaction_g0.25,06,dS,-0.5915364962734078,interaction
interaction_g0.25,07,dS,2.0090735833267157,interaction
interaction_g0.25,08,dS,-1.2118394658475433,interaction
interaction_g0.25,09,dS,-1.1176396761779457,interaction
interaction_g0.50,00,dS,-1.285322456541698,interaction
interaction_g0.50,01,dS,-5.108387590326712,interaction
interaction_g0.50,02,dS,-0.8032672190288355,interaction
interaction_g0.50,03,dS,0.7273094446523228,interaction
interaction_g0.50,04,dS,-0.5272249518733196,interaction
interaction_g0.50,05,dS,-3.145587634185348,interaction
interaction_g0.50,06,dS,0.42797288881925033,interaction
interaction_g0.50,07,dS,0.18908817364769293,interaction
interaction_g0.50,08,dS,-1.1445006014090435,interaction
interaction_g0.50,09,dS,-3.540563208320348,interaction
interaction_g0.75,00,dS,-1.4658764722580346,interaction
interaction_g0.75,01,dS,-1.360132975837354,interaction
interaction_g0.75,02,dS,2.0907657309742342,interaction
interaction_g0.75,03,dS,-4.195568889883302,interaction
interaction_g0.75,04,dS,-0.9540306589089584,interaction
interaction_g0.75,05,dS,-1.8916613719434028,interaction
interaction_g0.75,06,dS,0.6081212700286361,interaction
interaction_g0.75,07,dS,0.4454321270847117,interaction
interaction_g0.75,08,dS,-2.5864966040687487,interaction
interaction_g0.75,09,dS,-2.6209006168089566,interaction
aligned10,00,dP,-0.1373427035567958,interaction
aligned10,01,dP,2.009376888369547,interaction
aligned10,02,dP,-0.0541286882991554,interaction
aligned10,03,dP,-0.2759270497232055,interaction
aligned10,04,dP,-0.5832415100827532,interaction
aligned10,05,dP,-0.8852405251223644,interaction
aligned10,06,dP,-0.5185294047601143,interaction
aligned10,07,dP,-0.7183734613675529,interaction
aligned10,08,dP,0.24335500995274217,interaction
aligned10,09,dP,-0.33949949443843097,interaction
aligned3,00,dP,-2.0438692762789974,interaction
aligned3,01,dP,-1.5523347719916192,interaction
aligned3,02,dP,-0.8750599678542272,interaction
aligned3,03,dP,0.7999708396199643,interaction
aligned3,04,dP,0.7683766703603931,interaction
aligned3,05,dP,0.26181726827180174,interaction
aligned3,06,dP,0.7585548069878072,interaction
aligned3,07,dP,-0.713902243412799,interaction
aligned3,08,dP,0.8028944349070276,interaction
aligned3,09,dP,-0.6855562578644507,interaction
anti_aligned,00,dP,0.22743507688715026,interaction
anti_aligned,01,dP,-0.531429928940167,interaction
anti_aligned,02,dP,-0.2940460005316606,interaction
anti_aligned,03,dP,-0.007394841348153769,interaction
anti_aligned,04,dP,0.1392967936647955,interaction
anti_aligned,05,dP,0.5319391692393389,interaction
anti_aligned,06,dP,0.9231536899702149,interaction
anti_aligned,07,dP,0.054191599057955064,interaction
anti_aligned,08,dP,-0.08273746177917227,interaction
anti_aligned,09,dP,-0.9484939186650918,interaction
decoupled,00,dP,0.05758566958689157,interaction
decoupled,01,dP,0.2276253359745842,interaction
decoupled,02,dP,0.9928734911055739,interaction
decoupled,03,dP,0.19262379535412055,interaction
decoupled,04,dP,-1.2010120000671998,interaction
decoupled,05,dP,-0.10783093868656751,interaction
decoupled,06,dP,-0.5042201215002599,interaction
decoupled,07,dP,1.411946130394349,interaction
decoupled,08,dP,0.30125053383840533,interaction
decoupled,09,dP,-0.19048870523430494,interaction
interaction_g0.00,00,dP,-0.205600646278702,interaction
interaction_g0.00,01,dP,-0.15555267228833292,interaction
interaction_g0.00,02,dP,-1.5545557025541474,interaction
interaction_g0.00,03,dP,0.8243577692540109,interaction
interaction_g0.00,04,dP,-1.2032735428766503,interaction
interaction_g0.00,05,dP,0.3468233558205132,interaction
interaction_g0.00,06,dP,0.05962886761389058,interaction
interaction_g0.00,07,dP,-0.11626629450416603,interaction
interaction_g0.00,08,dP,0.17871406571620663,interaction
interaction_g0.00,09,dP,0.39958270965721115,interaction
interaction_g0.25,00,dP,-1.7456673463235812,interaction
interaction_g0.25,01,dP,-0.3384012186580809,interaction
interaction_g0.25,02,dP,-2.0835136938751635,interaction
interaction_g0.25,03,dP,0.021329702073056817,interaction
interaction_g0.25,04,dP,-0.19412589279191594,interaction
interaction_g0.25,05,dP,-3.527010497489606,interaction
interaction_g0.25,06,dP,0.9432920496245539,interaction
interaction_g0.25,07,dP,1.1820257155390184,interaction
interaction_g0.25,08,dP,-1.2106901990690608,interaction
interaction_g0.25,09,dP,1.3490232697517208,interaction
interaction_g0.50,00,dP,-1.0107490632274698,interaction
interaction_g0.50,01,dP,4.2877490188600955,interaction
interaction_g0.50,02,dP,-1.5784642526373769,interaction
interaction_g0.50,03,dP,2.084911608214192,interaction
interaction_g0.50,04,dP,-0.45226846540123156,interaction
interaction_g0.50,05,dP,1.8004209416450394,interaction
interaction_g0.50,06,dP,-0.0981641365643986,interaction
interaction_g0.50,07,dP,-0.17440300234151046,interaction
interaction_g0.50,08,dP,-1.1453821681328258,interaction
interaction_g0.50,09,dP,-0.5693220881156057,interaction
interaction_g0.75,00,dP,-1.0120404129463365,interaction
interaction_g0.75,01,dP,-4.5169622826959355,interaction
interaction_g0.75,02,dP,0.9302580980927303,interaction
interaction_g0.75,03,dP,2.278124501990357,interaction
interaction_g0.75,04,dP,0.4385876903572892,interaction
interaction_g0.75,05,dP,2.0062467123142986,interaction
interaction_g0.75,06,dP,-0.5652370473058163,interaction
interaction_g0.75,07,dP,1.1981938184778127,interaction
interaction_g0.75,08,dP,0.14842648822180443,interaction
interaction_g0.75,09,dP,-1.2146349620805217,interaction
aligned10,00,Delta_product-lengthscale_r2d2,0.11713466480819767,twin
aligned10,01,Delta_product-lengthscale_r2d2,0.451262412900964,twin
aligned10,02,Delta_product-lengthscale_r2d2,-0.019402000714309864,twin
aligned10,03,Delta_product-lengthscale_r2d2,1.0734367073788376,twin
aligned10,04,Delta_product-lengthscale_r2d2,-0.05024782003776647,twin
aligned10,05,Delta_product-lengthscale_r2d2,0.9184011532172678,twin
aligned10,06,Delta_product-lengthscale_r2d2,-0.1254752109135523,twin
aligned10,07,Delta_product-lengthscale_r2d2,0.9396526054881867,twin
aligned10,08,Delta_product-lengthscale_r2d2,0.00011371000928228625,twin
aligned10,09,Delta_product-lengthscale_r2d2,0.4148560439829338,twin
aligned3,00,Delta_product-lengthscale_r2d2,3.3502518484661126,twin
aligned3,01,Delta_product-lengthscale_r2d2,0.0,twin
aligned3,02,Delta_product-lengthscale_r2d2,1.8865651631343714,twin
aligned3,03,Delta_product-lengthscale_r2d2,-0.3365814860299974,twin
aligned3,04,Delta_product-lengthscale_r2d2,-0.6616119791808668,twin
aligned3,05,Delta_product-lengthscale_r2d2,1.251328450868276,twin
aligned3,06,Delta_product-lengthscale_r2d2,1.3189118595970108,twin
aligned3,07,Delta_product-lengthscale_r2d2,1.1888569393314015,twin
aligned3,08,Delta_product-lengthscale_r2d2,0.0,twin
aligned3,09,Delta_product-lengthscale_r2d2,1.9086835315473996,twin
anti_aligned,00,Delta_product-lengthscale_r2d2,0.0258744877947244,twin
anti_aligned,01,Delta_product-lengthscale_r2d2,-0.2791389247566011,twin
anti_aligned,02,Delta_product-lengthscale_r2d2,4.447407561530836e-05,twin
anti_aligned,03,Delta_product-lengthscale_r2d2,-0.01146154248348763,twin
anti_aligned,04,Delta_product-lengthscale_r2d2,0.4284416810886397,twin
anti_aligned,05,Delta_product-lengthscale_r2d2,0.14374135296437338,twin
anti_aligned,06,Delta_product-lengthscale_r2d2,0.022300354741799172,twin
anti_aligned,07,Delta_product-lengthscale_r2d2,0.00014781534039631783,twin
anti_aligned,08,Delta_product-lengthscale_r2d2,0.27406609170189206,twin
anti_aligned,09,Delta_product-lengthscale_r2d2,0.10937690944777406,twin
decoupled,00,Delta_product-lengthscale_r2d2,0.4551509851749777,twin
decoupled,01,Delta_product-lengthscale_r2d2,-0.13850695814695346,twin
decoupled,02,Delta_product-lengthscale_r2d2,-0.43070340623244974,twin
decoupled,03,Delta_product-lengthscale_r2d2,0.04376158068531105,twin
decoupled,04,Delta_product-lengthscale_r2d2,-0.12222061007615546,twin
decoupled,05,Delta_product-lengthscale_r2d2,0.927883766116773,twin
decoupled,06,Delta_product-lengthscale_r2d2,-0.004323617272467717,twin
decoupled,07,Delta_product-lengthscale_r2d2,-0.10574488123015705,twin
decoupled,08,Delta_product-lengthscale_r2d2,0.8348954926039795,twin
decoupled,09,Delta_product-lengthscale_r2d2,0.9549168664402468,twin
interaction_g0.00,00,Delta_product-lengthscale_r2d2,0.2551349596045329,twin
interaction_g0.00,01,Delta_product-lengthscale_r2d2,2.152164258499952,twin
interaction_g0.00,02,Delta_product-lengthscale_r2d2,1.5158552178223033,twin
interaction_g0.00,03,Delta_product-lengthscale_r2d2,0.012086540059854656,twin
interaction_g0.00,04,Delta_product-lengthscale_r2d2,0.742713550934905,twin
interaction_g0.00,05,Delta_product-lengthscale_r2d2,1.28563266364757,twin
interaction_g0.00,06,Delta_product-lengthscale_r2d2,0.36318418750399595,twin
interaction_g0.00,07,Delta_product-lengthscale_r2d2,0.6439447057529242,twin
interaction_g0.00,08,Delta_product-lengthscale_r2d2,0.0,twin
interaction_g0.00,09,Delta_product-lengthscale_r2d2,1.962021612901026,twin
interaction_g0.25,00,Delta_product-lengthscale_r2d2,3.422738500636431,twin
interaction_g0.25,01,Delta_product-lengthscale_r2d2,2.581590218280261,twin
interaction_g0.25,02,Delta_product-lengthscale_r2d2,2.1913321403550126,twin
interaction_g0.25,03,Delta_product-lengthscale_r2d2,1.7828891898063193,twin
interaction_g0.25,04,Delta_product-lengthscale_r2d2,2.285913520498135,twin
interaction_g0.25,05,Delta_product-lengthscale_r2d2,4.625943736739081,twin
interaction_g0.25,06,Delta_product-lengthscale_r2d2,0.42865699902890697,twin
interaction_g0.25,07,Delta_product-lengthscale_r2d2,-1.5849666027061846,twin
interaction_g0.25,08,Delta_product-lengthscale_r2d2,2.422529659977537,twin
interaction_g0.25,09,Delta_product-lengthscale_r2d2,3.127063812985881,twin
interaction_g0.50,00,Delta_product-lengthscale_r2d2,2.3760202318890764,twin
interaction_g0.50,01,Delta_product-lengthscale_r2d2,0.8206362646661111,twin
interaction_g0.50,02,Delta_product-lengthscale_r2d2,1.5785434487722174,twin
interaction_g0.50,03,Delta_product-lengthscale_r2d2,1.724033827568621,twin
interaction_g0.50,04,Delta_product-lengthscale_r2d2,0.9817802970958796,twin
interaction_g0.50,05,Delta_product-lengthscale_r2d2,-0.003902524479092201,twin
interaction_g0.50,06,Delta_product-lengthscale_r2d2,1.3489137647743115,twin
interaction_g0.50,07,Delta_product-lengthscale_r2d2,-0.002338035293771634,twin
interaction_g0.50,08,Delta_product-lengthscale_r2d2,2.290538463022759,twin
interaction_g0.50,09,Delta_product-lengthscale_r2d2,1.92991001310912,twin
interaction_g0.75,00,Delta_product-lengthscale_r2d2,1.9449314014828065,twin
interaction_g0.75,01,Delta_product-lengthscale_r2d2,-2.3914573733869893,twin
interaction_g0.75,02,Delta_product-lengthscale_r2d2,-0.9145789730665947,twin
interaction_g0.75,03,Delta_product-lengthscale_r2d2,2.060062476206313,twin
interaction_g0.75,04,Delta_product-lengthscale_r2d2,0.556614979595652,twin
interaction_g0.75,05,Delta_product-lengthscale_r2d2,0.5283736865286291,twin
interaction_g0.75,06,Delta_product-lengthscale_r2d2,-0.639340235149819,twin
interaction_g0.75,07,Delta_product-lengthscale_r2d2,-0.37297511765623004,twin
interaction_g0.75,08,Delta_product-lengthscale_r2d2,2.43835022946216,twin
interaction_g0.75,09,Delta_product-lengthscale_r2d2,0.9885759180594127,twin
aligned10,00,Delta_additive-lengthscale_r2d2,0.18236391570121735,twin
aligned10,01,Delta_additive-lengthscale_r2d2,-0.6489051487437719,twin
aligned10,02,Delta_additive-lengthscale_r2d2,-0.27410086968119285,twin
aligned10,03,Delta_additive-lengthscale_r2d2,0.050956464291208814,twin
aligned10,04,Delta_additive-lengthscale_r2d2,2.1133635915680946,twin
aligned10,05,Delta_additive-lengthscale_r2d2,0.8069302146972012,twin
aligned10,06,Delta_additive-lengthscale_r2d2,0.7257860185345433,twin
aligned10,07,Delta_additive-lengthscale_r2d2,0.6178412748302021,twin
aligned10,08,Delta_additive-lengthscale_r2d2,0.1268505322442671,twin
aligned10,09,Delta_additive-lengthscale_r2d2,1.1835514814721426,twin
aligned3,00,Delta_additive-lengthscale_r2d2,4.516842698410601,twin
aligned3,01,Delta_additive-lengthscale_r2d2,-0.9846133712632827,twin
aligned3,02,Delta_additive-lengthscale_r2d2,0.7368047816251613,twin
aligned3,03,Delta_additive-lengthscale_r2d2,1.0619364178429778,twin
aligned3,04,Delta_additive-lengthscale_r2d2,1.5309188823316005,twin
aligned3,05,Delta_additive-lengthscale_r2d2,0.3988855639905631,twin
aligned3,06,Delta_additive-lengthscale_r2d2,0.0019766011165898156,twin
aligned3,07,Delta_additive-lengthscale_r2d2,1.8848599422772514,twin
aligned3,08,Delta_additive-lengthscale_r2d2,2.9913245508167794,twin
aligned3,09,Delta_additive-lengthscale_r2d2,1.0636769024225359,twin
anti_aligned,00,Delta_additive-lengthscale_r2d2,0.00035076829768826423,twin
anti_aligned,01,Delta_additive-lengthscale_r2d2,1.2907092193402476,twin
anti_aligned,02,Delta_additive-lengthscale_r2d2,0.5931105339784435,twin
anti_aligned,03,Delta_additive-lengthscale_r2d2,1.282707093342886,twin
anti_aligned,04,Delta_additive-lengthscale_r2d2,0.27129161687957337,twin
anti_aligned,05,Delta_additive-lengthscale_r2d2,0.3264908990516997,twin
anti_aligned,06,Delta_additive-lengthscale_r2d2,-0.04285548817666246,twin
anti_aligned,07,Delta_additive-lengthscale_r2d2,0.4225280676108869,twin
anti_aligned,08,Delta_additive-lengthscale_r2d2,0.16110945860670178,twin
anti_aligned,09,Delta_additive-lengthscale_r2d2,1.8081084030525398,twin
decoupled,00,Delta_additive-lengthscale_r2d2,0.14380910303055316,twin
decoupled,01,Delta_additive-lengthscale_r2d2,0.17895113781214564,twin
decoupled,02,Delta_additive-lengthscale_r2d2,0.1331476066229032,twin
decoupled,03,Delta_additive-lengthscale_r2d2,0.7814446848216782,twin
decoupled,04,Delta_additive-lengthscale_r2d2,-0.24076199528419046,twin
decoupled,05,Delta_additive-lengthscale_r2d2,0.7871566315193631,twin
decoupled,06,Delta_additive-lengthscale_r2d2,-0.021420621818887153,twin
decoupled,07,Delta_additive-lengthscale_r2d2,-0.9501639742315536,twin
decoupled,08,Delta_additive-lengthscale_r2d2,1.0390885085999453,twin
decoupled,09,Delta_additive-lengthscale_r2d2,1.1374070187786467,twin
interaction_g0.00,00,Delta_additive-lengthscale_r2d2,1.5215872748417387,twin
interaction_g0.00,01,Delta_additive-lengthscale_r2d2,1.6567759418989243,twin
interaction_g0.00,02,Delta_additive-lengthscale_r2d2,1.5055777545232605,twin
interaction_g0.00,03,Delta_additive-lengthscale_r2d2,0.9361392429980459,twin
interaction_g0.00,04,Delta_additive-lengthscale_r2d2,2.0502564855202063,twin
interaction_g0.00,05,Delta_additive-lengthscale_r2d2,0.34721418201983956,twin
interaction_g0.00,06,Delta_additive-lengthscale_r2d2,0.5450789403336267,twin
interaction_g0.00,07,Delta_additive-lengthscale_r2d2,0.7044162514143388,twin
interaction_g0.00,08,Delta_additive-lengthscale_r2d2,0.24494646444348156,twin
interaction_g0.00,09,Delta_additive-lengthscale_r2d2,2.074806067062187,twin
interaction_g0.25,00,Delta_additive-lengthscale_r2d2,0.4718776199541349,twin
interaction_g0.25,01,Delta_additive-lengthscale_r2d2,2.0909780141550787,twin
interaction_g0.25,02,Delta_additive-lengthscale_r2d2,3.9775721380161975,twin
interaction_g0.25,03,Delta_additive-lengthscale_r2d2,0.38277103333268847,twin
interaction_g0.25,04,Delta_additive-lengthscale_r2d2,0.39265998381909006,twin
interaction_g0.25,05,Delta_additive-lengthscale_r2d2,-8.178542156123125e-06,twin
interaction_g0.25,06,Delta_additive-lengthscale_r2d2,0.560755141529061,twin
interaction_g0.25,07,Delta_additive-lengthscale_r2d2,1.9173638562167117,twin
interaction_g0.25,08,Delta_additive-lengthscale_r2d2,-0.0015667873348885197,twin
interaction_g0.25,09,Delta_additive-lengthscale_r2d2,0.38459645148898347,twin
interaction_g0.50,00,Delta_additive-lengthscale_r2d2,0.03639791487513627,twin
interaction_g0.50,01,Delta_additive-lengthscale_r2d2,-3.600862954108671,twin
interaction_g0.50,02,Delta_additive-lengthscale_r2d2,0.7068134114691937,twin
interaction_g0.50,03,Delta_additive-lengthscale_r2d2,0.17637374694844143,twin
interaction_g0.50,04,Delta_additive-lengthscale_r2d2,-0.07405060552244842,twin
interaction_g0.50,05,Delta_additive-lengthscale_r2d2,0.00035291249668750746,twin
interaction_g0.50,06,Delta_additive-lengthscale_r2d2,0.5920526694065771,twin
interaction_g0.50,07,Delta_additive-lengthscale_r2d2,1.3837888181946003,twin
interaction_g0.50,08,Delta_additive-lengthscale_r2d2,-0.00022864832933833235,twin
interaction_g0.50,09,Delta_additive-lengthscale_r2d2,1.5860695299573946,twin
interaction_g0.75,00,Delta_additive-lengthscale_r2d2,0.15830970578158934,twin
interaction_g0.75,01,Delta_additive-lengthscale_r2d2,1.325013712371446,twin
interaction_g0.75,02,Delta_additive-lengthscale_r2d2,0.970694918849893,twin
interaction_g0.75,03,Delta_additive-lengthscale_r2d2,0.0,twin
interaction_g0.75,04,Delta_additive-lengthscale_r2d2,0.3301568367463439,twin
interaction_g0.75,05,Delta_additive-lengthscale_r2d2,0.1672296616797009,twin
interaction_g0.75,06,Delta_additive-lengthscale_r2d2,1.5487330918919382,twin
interaction_g0.75,07,Delta_additive-lengthscale_r2d2,0.06223750520075545,twin
interaction_g0.75,08,Delta_additive-lengthscale_r2d2,0.06665234534477993,twin
interaction_g0.75,09,Delta_additive-lengthscale_r2d2,1.3289219862106751,twin
aligned10,00,Delta_product-amplitude_r2d2,0.03875664786613142,twin
aligned10,01,Delta_product-amplitude_r2d2,1.9960333397419179,twin
aligned10,02,Delta_product-amplitude_r2d2,-0.4520548145268186,twin
aligned10,03,Delta_product-amplitude_r2d2,0.015881500549846606,twin
aligned10,04,Delta_product-amplitude_r2d2,0.6342412520141572,twin
aligned10,05,Delta_product-amplitude_r2d2,-0.09424591903971846,twin
aligned10,06,Delta_product-amplitude_r2d2,-0.07843420799760326,twin
aligned10,07,Delta_product-amplitude_r2d2,-0.31996928703049976,twin
aligned10,08,Delta_product-amplitude_r2d2,0.3696975020290052,twin
aligned10,09,Delta_product-amplitude_r2d2,0.8957587259711837,twin
aligned3,00,Delta_product-amplitude_r2d2,0.017628458052453944,twin
aligned3,01,Delta_product-amplitude_r2d2,-2.32237634738281,twin
aligned3,02,Delta_product-amplitude_r2d2,1.3587145329903207,twin
aligned3,03,Delta_product-amplitude_r2d2,0.8536307607960345,twin
aligned3,04,Delta_product-amplitude_r2d2,2.1711672191531846,twin
aligned3,05,Delta_product-amplitude_r2d2,1.715948928071221,twin
aligned3,06,Delta_product-amplitude_r2d2,2.372842774793874,twin
aligned3,07,Delta_product-amplitude_r2d2,-0.3701802728856305,twin
aligned3,08,Delta_product-amplitude_r2d2,2.2847455612766057,twin
aligned3,09,Delta_product-amplitude_r2d2,0.38695027839959595,twin
anti_aligned,00,Delta_product-amplitude_r2d2,-0.006779379003264641,twin
anti_aligned,01,Delta_product-amplitude_r2d2,-0.03984361533429692,twin
anti_aligned,02,Delta_product-amplitude_r2d2,0.01095930328732253,twin
anti_aligned,03,Delta_product-amplitude_r2d2,0.13116170341790168,twin
anti_aligned,04,Delta_product-amplitude_r2d2,0.4836593453003508,twin
anti_aligned,05,Delta_product-amplitude_r2d2,0.2852337825781621,twin
anti_aligned,06,Delta_product-amplitude_r2d2,1.5555688868559936,twin
anti_aligned,07,Delta_product-amplitude_r2d2,0.15360810480380827,twin
anti_aligned,08,Delta_product-amplitude_r2d2,0.1662615582593887,twin
anti_aligned,09,Delta_product-amplitude_r2d2,-0.05973435029855412,twin
decoupled,00,Delta_product-amplitude_r2d2,0.04241510681062843,twin
decoupled,01,Delta_product-amplitude_r2d2,0.27596920283320037,twin
decoupled,02,Delta_product-amplitude_r2d2,0.1471332466625585,twin
decoupled,03,Delta_product-amplitude_r2d2,-0.17624263216624309,twin
decoupled,04,Delta_product-amplitude_r2d2,-3.0223229514144023,twin
decoupled,05,Delta_product-amplitude_r2d2,0.1289423032961281,twin
decoupled,06,Delta_product-amplitude_r2d2,-0.05592097088966996,twin
decoupled,07,Delta_product-amplitude_r2d2,0.8107905781084849,twin
decoupled,08,Delta_product-amplitude_r2d2,1.2969310176340871,twin
decoupled,09,Delta_product-amplitude_r2d2,0.6218848276555977,twin
interaction_g0.00,00,Delta_product-amplitude_r2d2,0.5199495012248045,twin
interaction_g0.00,01,Delta_product-amplitude_r2d2,2.7066243930956775,twin
interaction_g0.00,02,Delta_product-amplitude_r2d2,-0.1253257751365715,twin
interaction_g0.00,03,Delta_product-amplitude_r2d2,1.773342248752787,twin
interaction_g0.00,04,Delta_product-amplitude_r2d2,-0.45964100873907343,twin
interaction_g0.00,05,Delta_product-amplitude_r2d2,0.6200502034750128,twin
interaction_g0.00,06,Delta_product-amplitude_r2d2,0.6773566032298437,twin
interaction_g0.00,07,Delta_product-amplitude_r2d2,0.3662826410529234,twin
interaction_g0.00,08,Delta_product-amplitude_r2d2,0.3652179491263572,twin
interaction_g0.00,09,Delta_product-amplitude_r2d2,1.8831601767453492,twin
interaction_g0.25,00,Delta_product-amplitude_r2d2,0.5629032199743456,twin
interaction_g0.25,01,Delta_product-amplitude_r2d2,2.347362909810454,twin
interaction_g0.25,02,Delta_product-amplitude_r2d2,1.9368869519901217,twin
interaction_g0.25,03,Delta_product-amplitude_r2d2,1.7213060827397735,twin
interaction_g0.25,04,Delta_product-amplitude_r2d2,1.6245879792565419,twin
interaction_g0.25,05,Delta_product-amplitude_r2d2,5.291199613567241,twin
interaction_g0.25,06,Delta_product-amplitude_r2d2,2.095583687427023,twin
interaction_g0.25,07,Delta_product-amplitude_r2d2,1.0903159884290143,twin
interaction_g0.25,08,Delta_product-amplitude_r2d2,-0.00041752055640614794,twin
interaction_g0.25,09,Delta_product-amplitude_r2d2,2.8512593974186498,twin
interaction_g0.50,00,Delta_product-amplitude_r2d2,0.31097130818936447,twin
interaction_g0.50,01,Delta_product-amplitude_r2d2,5.7952736550781365,twin
interaction_g0.50,02,Delta_product-amplitude_r2d2,-0.06838362213934757,twin
interaction_g0.50,03,Delta_product-amplitude_r2d2,1.5339759105103103,twin
interaction_g0.50,04,Delta_product-amplitude_r2d2,0.0009058809496396841,twin
interaction_g0.50,05,Delta_product-amplitude_r2d2,4.946361488327075,twin
interaction_g0.50,06,Delta_product-amplitude_r2d2,0.06591564402292827,twin
interaction_g0.50,07,Delta_product-amplitude_r2d2,1.020297642205397,twin
interaction_g0.50,08,Delta_product-amplitude_r2d2,-0.0011102150531207,twin
interaction_g0.50,09,Delta_product-amplitude_r2d2,4.557310650162137,twin
interaction_g0.75,00,Delta_product-amplitude_r2d2,0.6121457650932876,twin
interaction_g0.75,01,Delta_product-amplitude_r2d2,-1.8318155944871353,twin
interaction_g0.75,02,Delta_product-amplitude_r2d2,-0.18981271403161126,twin
interaction_g0.75,03,Delta_product-amplitude_r2d2,6.473693391873659,twin
interaction_g0.75,04,Delta_product-amplitude_r2d2,1.7227751860125915,twin
interaction_g0.75,05,Delta_product-amplitude_r2d2,4.0651377459374025,twin
interaction_g0.75,06,Delta_product-amplitude_r2d2,0.3753747745574858,twin
interaction_g0.75,07,Delta_product-amplitude_r2d2,0.8149991965938563,twin
interaction_g0.75,08,Delta_product-amplitude_r2d2,2.801575437635333,twin
interaction_g0.75,09,Delta_product-amplitude_r2d2,2.7351876409391105,twin
aligned10,00,Delta_additive-amplitude_r2d2,-0.01394347447030797,twin
aligned10,01,Delta_additive-amplitude_r2d2,1.8250777011543682,twin
aligned10,02,Delta_additive-amplitude_r2d2,0.0502945675330051,twin
aligned10,03,Delta_additive-amplitude_r2d2,0.5566575716737887,twin
aligned10,04,Delta_additive-amplitude_r2d2,0.2623914993506644,twin
aligned10,05,Delta_additive-amplitude_r2d2,0.04909623670945873,twin
aligned10,06,Delta_additive-amplitude_r2d2,-0.3583137939016343,twin
aligned10,07,Delta_additive-amplitude_r2d2,0.44071624461378267,twin
aligned10,08,Delta_additive-amplitude_r2d2,0.24397676013002845,twin
aligned10,09,Delta_additive-amplitude_r2d2,0.02364981060703064,twin
aligned3,00,Delta_additive-amplitude_r2d2,3.7617275362662643,twin
aligned3,01,Delta_additive-amplitude_r2d2,-1.7669065678637113,twin
aligned3,02,Delta_additive-amplitude_r2d2,-0.48546452393924255,twin
aligned3,03,Delta_additive-amplitude_r2d2,1.4716658502568745,twin
aligned3,04,Delta_additive-amplitude_r2d2,0.2348930247183354,twin
aligned3,05,Delta_additive-amplitude_r2d2,0.4578996233312216,twin
aligned3,06,Delta_additive-amplitude_r2d2,0.4651552998953412,twin
aligned3,07,Delta_additive-amplitude_r2d2,2.0160926676686852,twin
aligned3,08,Delta_additive-amplitude_r2d2,2.3123678593542287,twin
aligned3,09,Delta_additive-amplitude_r2d2,1.2142976398414382,twin
anti_aligned,00,Delta_additive-amplitude_r2d2,0.4878747888699777,twin
anti_aligned,01,Delta_additive-amplitude_r2d2,-0.011445947962390735,twin
anti_aligned,02,Delta_additive-amplitude_r2d2,-0.005896296296584835,twin
anti_aligned,03,Delta_additive-amplitude_r2d2,1.125294164745189,twin
anti_aligned,04,Delta_additive-amplitude_r2d2,0.4946675399974533,twin
anti_aligned,05,Delta_additive-amplitude_r2d2,1.2488768079165888,twin
anti_aligned,06,Delta_additive-amplitude_r2d2,0.2701833596495724,twin
anti_aligned,07,Delta_additive-amplitude_r2d2,0.3774509762633851,twin
anti_aligned,08,Delta_additive-amplitude_r2d2,0.1034390684908606,twin
anti_aligned,09,Delta_additive-amplitude_r2d2,0.08023182546868446,twin
decoupled,00,Delta_additive-amplitude_r2d2,0.6717163205686856,twin
decoupled,01,Delta_additive-amplitude_r2d2,0.2197256487811602,twin
decoupled,02,Delta_additive-amplitude_r2d2,1.5410579359390426,twin
decoupled,03,Delta_additive-amplitude_r2d2,1.3866964883814734,twin
decoupled,04,Delta_additive-amplitude_r2d2,0.25731634591965724,twin
decoupled,05,Delta_additive-amplitude_r2d2,1.3704362169668731,twin
decoupled,06,Delta_additive-amplitude_r2d2,-0.9782635112022048,twin
decoupled,07,Delta_additive-amplitude_r2d2,0.9571928272185022,twin
decoupled,08,Delta_additive-amplitude_r2d2,1.1795540512466482,twin
decoupled,09,Delta_additive-amplitude_r2d2,1.089461647094686,twin
interaction_g0.00,00,Delta_additive-amplitude_r2d2,0.8455714406640631,twin
interaction_g0.00,01,Delta_additive-amplitude_r2d2,0.7912104627265331,twin
interaction_g0.00,02,Delta_additive-amplitude_r2d2,0.037647342373840154,twin
interaction_g0.00,03,Delta_additive-amplitude_r2d2,0.8235990728131355,twin
interaction_g0.00,04,Delta_additive-amplitude_r2d2,0.8460639594408841,twin
interaction_g0.00,05,Delta_additive-amplitude_r2d2,1.7064433538334232,twin
interaction_g0.00,06,Delta_additive-amplitude_r2d2,0.3501642598355601,twin
interaction_g0.00,07,Delta_additive-amplitude_r2d2,0.7495457271060075,twin
interaction_g0.00,08,Delta_additive-amplitude_r2d2,0.23715664674953763,twin
interaction_g0.00,09,Delta_additive-amplitude_r2d2,2.9528329225322865,twin
interaction_g0.25,00,Delta_additive-amplitude_r2d2,-0.15962179203094196,twin
interaction_g0.25,01,Delta_additive-amplitude_r2d2,1.6484028853087238,twin
interaction_g0.25,02,Delta_additive-amplitude_r2d2,0.06498993863076086,twin
interaction_g0.25,03,Delta_additive-amplitude_r2d2,0.4870135445453479,twin
interaction_g0.25,04,Delta_additive-amplitude_r2d2,0.6657337394768517,twin
interaction_g0.25,05,Delta_additive-amplitude_r2d2,-7.719285050349529,twin
interaction_g0.25,06,Delta_additive-amplitude_r2d2,0.7804125523800531,twin
interaction_g0.25,07,Delta_additive-amplitude_r2d2,1.6061326961595488,twin
interaction_g0.25,08,Delta_additive-amplitude_r2d2,-4.93906748832984e-09,twin
interaction_g0.25,09,Delta_additive-amplitude_r2d2,3.3584474065596566,twin
interaction_g0.50,00,Delta_additive-amplitude_r2d2,0.07994871211990837,twin
interaction_g0.50,01,Delta_additive-amplitude_r2d2,-2.3068005048712537e-06,twin
interaction_g0.50,02,Delta_additive-amplitude_r2d2,-0.8031880228939947,twin
interaction_g0.50,03,Delta_additive-amplitude_r2d2,4.536254880435136,twin
interaction_g0.50,04,Delta_additive-amplitude_r2d2,0.002286879821328261,twin
interaction_g0.50,05,Delta_additive-amplitude_r2d2,-1.3490692170194012,twin
interaction_g0.50,06,Delta_additive-amplitude_r2d2,1.6787225170291633,twin
interaction_g0.50,07,Delta_additive-amplitude_r2d2,0.012347136012410775,twin
interaction_g0.50,08,Delta_additive-amplitude_r2d2,0.0006556934808898962,twin
interaction_g0.50,09,Delta_additive-amplitude_r2d2,-2.1799752833268338,twin
interaction_g0.75,00,Delta_additive-amplitude_r2d2,-0.5329854837215646,twin
interaction_g0.75,01,Delta_additive-amplitude_r2d2,-8.26855263192028,twin
interaction_g0.75,02,Delta_additive-amplitude_r2d2,2.10644485600037,twin
interaction_g0.75,03,Delta_additive-amplitude_r2d2,0.14261808831336786,twin
interaction_g0.75,04,Delta_additive-amplitude_r2d2,0.04117201104398238,twin
interaction_g0.75,05,Delta_additive-amplitude_r2d2,0.6429590268995253,twin
interaction_g0.75,06,Delta_additive-amplitude_r2d2,-0.5964560124269991,twin
interaction_g0.75,07,Delta_additive-amplitude_r2d2,1.2706508279062942,twin
interaction_g0.75,08,Delta_additive-amplitude_r2d2,0.000280113615215849,twin
interaction_g0.75,09,Delta_additive-amplitude_r2d2,-2.8469596608300654,twin
