family,effect,kind,n,median,mean,n_positive,n_negative,wilcoxon_stat,p_value,lo90,hi90,lo95,hi95,pr2_reading,p_holm_within_family_kind
aligned3,S_HC,main_HC,10,-0.29260181029184873,-0.39738563306846064,4,6,23.0,0.6953125,-1.0854938218025159,0.17578878991531469,-1.2385641125622007,0.26555725474117214,,0.6953125
aligned3,P_HC,main_HC,10,-0.6418622086769954,-0.5490951315698268,3,7,11.0,0.10546875,-1.0426713845545321,-0.0626748987862172,-1.135335513984272,0.027431384395112748,,0.2109375
aligned3,S_R2D2,main_R2D2,10,-0.33064654753642003,-0.1719423751633779,4,6,25.0,0.845703125,-1.0466517036351202,0.6796558556422205,-1.2173251897629858,0.8223554364130117,,0.845703125
aligned3,P_R2D2,main_R2D2,10,-0.8209695280230307,-0.7970059812953368,3,7,14.0,0.193359375,-1.6520875408552822,0.029587700763824797,-1.8217400320227388,0.17003138110467994,,0.38671875
aligned3,dS,interaction,10,0.059649349848649225,0.22544325790508274,5,5,24.0,0.76953125,-0.44774254565044597,0.9182562290256499,-0.5639051617083662,1.0464089243188883,inconclusive,1.0
aligned3,dP,interaction,10,-0.2118694947963245,-0.24791084972550997,5,5,23.0,0.6953125,-0.7823396369403443,0.27360455147095014,-0.8885892311934978,0.35250643019982697,inconclusive,1.0
aligned3,Delta_product-lengthscale_r2d2,twin,10,1.2200926950998388,0.9906404327733709,6,2,3.0,0.0390625,0.37791175578498537,1.6169538937993735,0.27345285176710526,1.7376456555699378,,0.1171875
aligned3,Delta_additive-lengthscale_r2d2,twin,10,1.0628066601327568,1.3202612969570777,9,1,4.0,0.013671875,0.5915221877703893,2.1219858718776936,0.4493187862819511,2.2893811157776502,,0.0546875
aligned3,Delta_product-amplitude_r2d2,twin,10,1.1061726468931776,0.846907189326485,8,2,11.0,0.10546875,0.0663756735659922,1.5453749855344485,-0.09280119919106458,1.6462432645219631,,0.2109375
aligned3,Delta_additive-amplitude_r2d2,twin,10,0.8397264698683897,0.9681728409529435,8,2,11.0,0.10546875,0.20756194707635664,1.735052255553737,0.0630383381241793,1.8951090629642253,,0.2109375
aligned10,S_HC,main_HC,10,-0.4271176252156304,-0.45343043293500945,2,8,3.0,0.009765625,-0.6446164265295804,-0.25518102509103185,-0.6786760353959613,-0.2187344546963596,,0.01953125
aligned10,P_HC,main_HC,10,-0.1857102912031185,-0.3987492165361998,2,8,7.0,0.037109375,-0.6843080202318494,-0.13491421900597939,-0.7429725398050674,-0.09435344955882852,,0.037109375
aligned10,S_R2D2,main_R2D2,10,-0.3844042523216795,-0.3914882533041867,2,8,3.0,0.009765625,-0.564070310920143,-0.21058607965882237,-0.5964579333680776,-0.17816645952007207,,0.01953125
aligned10,P_R2D2,main_R2D2,10,-0.6769464179903937,-0.524704310439008,2,8,5.0,0.01953125,-0.7764114554026461,-0.24510389981467878,-0.8178595718403823,-0.19042262037578703,,0.01953125
aligned10,dS,interaction,10,0.011100086446422713,0.06194217963082269,7,3,20.0,0.4921875,-0.12446093412523523,0.2605538616689209,-0.16195081871948913,0.29985217716784185,equivalent,0.4921875
aligned10,dP,interaction,10,-0.3077132720808182,-0.12595509390280832,2,8,13.0,0.16015625,-0.4757095840349303,0.3237990104646015,-0.5115896823840289,0.42814387802160475,inconclusive,0.3203125
aligned10,Delta_product-lengthscale_r2d2,twin,10,0.26599535439556576,0.37197322661200405,7,3,10.0,0.083984375,0.15065582250284068,0.6067732385922996,0.11232308229518846,0.6553376358101163,,0.251953125
aligned10,Delta_additive-lengthscale_r2d2,twin,10,0.40010259526570974,0.4884637474913912,8,2,10.0,0.083984375,0.1155826896009875,0.8848859850492541,0.047836305656191944,0.9667067246796399,,0.251953125
aligned10,Delta_product-amplitude_r2d2,twin,10,0.027319074207989014,0.3005664739577602,6,4,19.0,0.431640625,-0.029418892177263248,0.6870862285548756,-0.0743513712023069,0.7780707727769031,,0.431640625
aligned10,Delta_additive-amplitude_r2d2,twin,10,0.14713566383151677,0.3079603123400184,8,2,8.0,0.048828125,0.050204159968406145,0.6322356019050505,0.016563881174163606,0.7012507118147165,,0.1953125
anti_aligned,S_HC,main_HC,10,-0.3913993949522252,-0.3898533941114536,2,8,4.0,0.013671875,-0.5980512067903193,-0.18913424939627085,-0.6384602767182981,-0.1518993944417038,,0.02734375
anti_aligned,P_HC,main_HC,10,-0.1947889169598401,-0.4663053635239044,2,8,4.0,0.013671875,-0.7862202137644936,-0.18745544549475818,-0.8507414183923154,-0.14418143294528518,,0.02734375
anti_aligned,S_R2D2,main_R2D2,10,-0.04128963326291436,-0.045316453144213564,4,6,23.0,0.6953125,-0.1939396863431686,0.09479235381118926,-0.2221742078853532,0.12133725654428107,,0.6953125
anti_aligned,P_R2D2,main_R2D2,10,-0.417128158005295,-0.46511394576838344,0,10,0.0,0.001953125,-0.6646461717180795,-0.27530012319813807,-0.7020421825558021,-0.24054652983312377,,0.00390625
anti_aligned,dS,interaction,10,0.3056083960122471,0.34453694096724014,7,3,10.0,0.083984375,0.06924363415419763,0.60379797165845,0.01928560887117743,0.6522116740147644,inconclusive,0.16796875
anti_aligned,dP,interaction,10,0.023398378854900648,0.0011914177555209181,5,5,27.0,1.0,-0.25652468827468516,0.26320575856261846,-0.3107031140509839,0.3156825825187035,equivalent,1.0
anti_aligned,Delta_product-lengthscale_r2d2,twin,10,0.024087421268261786,0.07133926999151256,8,2,12.0,0.130859375,-0.021851669178122923,0.16480692650373932,-0.0400577843625114,0.18367374010757667,,0.130859375
anti_aligned,Delta_additive-lengthscale_r2d2,twin,10,0.3745094833312933,0.6113550571984004,9,1,2.0,0.005859375,0.3126008165760571,0.9373088971489546,0.2601053728370801,0.9974340899924935,,0.0234375
anti_aligned,Delta_product-amplitude_r2d2,twin,10,0.14238490411085497,0.26800953398668115,7,3,8.0,0.048828125,0.06855091162790794,0.5408501711343668,0.04931240946538547,0.5880203460808031,,0.09765625
anti_aligned,Delta_additive-amplitude_r2d2,twin,10,0.32381716795647875,0.41706762871427366,8,2,3.0,0.009765625,0.21097191336285714,0.6477149830117368,0.17922841483628002,0.7026154485883888,,0.029296875
decoupled,S_HC,main_HC,10,-0.24714098048195837,-0.323198256178424,2,8,5.0,0.01953125,-0.5225762853420353,-0.14544029577161763,-0.5650735804461067,-0.11644599388455687,,0.01953125
decoupled,P_HC,main_HC,10,-0.45917875556355686,-0.4881109663831946,0,10,0.0,0.001953125,-0.6135545560873732,-0.3599929009424414,-0.638143605052909,-0.33590843371351026,,0.00390625
decoupled,S_R2D2,main_R2D2,10,0.04358836927340563,0.08674490003015864,6,4,27.0,1.0,-0.13729900174079798,0.3717430714923134,-0.16598831840161787,0.4380030031174807,,1.0
decoupled,P_R2D2,main_R2D2,10,-0.2773147696551708,-0.37007564730663545,3,7,12.0,0.130859375,-0.7106629711875901,-0.05245290666607735,-0.7799422611348859,0.003516627967710122,,0.26171875
decoupled,dS,interaction,10,0.24200657584778024,0.40994315620858257,8,2,11.0,0.10546875,0.09261112591875724,0.7388699968207519,0.037708461762061773,0.8132794973395626,inconclusive,0.2109375
decoupled,dP,interaction,10,0.12510473247050607,0.11803531907655926,6,4,21.0,0.556640625,-0.23635502923791848,0.47230174865517033,-0.3012514109302574,0.542284612902077,inconclusive,0.556640625
decoupled,Delta_product-lengthscale_r2d2,twin,10,0.019718981706421668,0.24151092180631045,5,5,19.0,0.431640625,-0.003691263113802611,0.49701116622342534,-0.04264922003477443,0.5425020310918226,,0.64453125
decoupled,Delta_additive-lengthscale_r2d2,twin,10,0.16138012042134942,0.2988658099850604,7,3,14.0,0.193359375,-0.025588849173702622,0.6038452400718887,-0.08624124841299438,0.6557067823263648,,0.580078125
decoupled,Delta_product-amplitude_r2d2,twin,10,0.1380377749793433,0.006957972853036986,7,3,17.0,0.322265625,-0.6169361337022624,0.4984161785476632,-0.7652785596524329,0.5578810823740913,,0.64453125
decoupled,Delta_additive-amplitude_r2d2,twin,10,1.023327237156594,0.7694893970914525,9,1,5.0,0.01953125,0.3590960632269454,1.114138165697663,0.27857764471060464,1.1661042635292345,,0.078125
interaction_g0.00,S_HC,main_HC,10,-0.17810635328330332,-0.2847753690806447,4,6,17.0,0.322265625,-0.6147676524623894,0.02013193393352741,-0.687869386703029,0.06923028267869795,,0.322265625
interaction_g0.00,P_HC,main_HC,10,-0.322400067313694,-0.25123172851698905,3,7,12.0,0.130859375,-0.47438919893594955,-0.01849573665449696,-0.5166212273842334,0.025280257227763316,,0.26171875
interaction_g0.00,S_R2D2,main_R2D2,10,-0.016046855930604065,-0.10141141090180743,4,5,18.0,0.65234375,-0.3274547363694553,0.10487135990515115,-0.37035255085605545,0.14173085662712667,,0.65234375
interaction_g0.00,P_R2D2,main_R2D2,10,-0.29971540918768313,-0.3938459375610057,2,7,4.0,0.02734375,-0.6114008843206863,-0.1821053008472841,-0.6573128414424759,-0.1516463032049559,,0.0546875
interaction_g0.00,dS,interaction,10,0.07516758073551225,0.18336395817883727,7,3,13.0,0.16015625,-0.148491530907803,0.49552635703095055,-0.21663292000186987,0.557175245981031,inconclusive,0.3203125
interaction_g0.00,dP,interaction,10,-0.028318713445137728,-0.14261420904401662,5,5,26.0,0.921875,-0.5160949538122497,0.19675392712857553,-0.595713615354151,0.24546838732250714,inconclusive,0.921875
interaction_g0.00,Delta_product-lengthscale_r2d2,twin,10,0.6933291283439146,0.8932737696727063,9,0,0.0,0.00390625,0.516054035385245,1.28748550145982,0.45550996436038244,1.3663880903380192,,0.0078125
interaction_g0.00,Delta_additive-lengthscale_r2d2,twin,10,1.2208584987606532,1.158679860505565,10,0,0.0,0.001953125,0.819227501450242,1.5003003896947718,0.7505968395495427,1.5629826553927875,,0.0078125
interaction_g0.00,Delta_product-amplitude_r2d2,twin,10,0.5699998523499087,0.832701693282711,8,2,5.0,0.01953125,0.359190416608876,1.340603302592203,0.2838583880095221,1.435840711652697,,0.01953125
interaction_g0.00,Delta_additive-amplitude_r2d2,twin,10,0.8074047677698343,0.9340235188075271,10,0,0.0,0.001953125,0.5567793407362017,1.379846530666201,0.5013605115366503,1.4932164447563145,,0.0078125
interaction_g0.25,S_HC,main_HC,10,0.7653067190593328,1.059820350343696,9,1,3.0,0.009765625,0.46819036760592087,1.8731682245006345,0.39955947718431234,2.0372500367465305,,0.01953125
interaction_g0.25,P_HC,main_HC,10,-0.20435200976676224,0.16972512652437188,4,6,21.0,0.556640625,-0.23350128143719798,0.5897796005003789,-0.3098155791337044,0.667582064209001,,0.556640625
interaction_g0.25,S_R2D2,main_R2D2,10,-0.3983801439206782,-0.4349523645203958,1,9,9.0,0.064453125,-1.178248420050044,0.28545549614631327,-1.439745695119578,0.4920795023115155,,0.12890625
interaction_g0.25,P_R2D2,main_R2D2,10,-0.2958208405782611,-0.39064868459753394,3,7,18.0,0.375,-1.176905216515989,0.31901524468959436,-1.3678468051905912,0.42760560341731135,,0.375
interaction_g0.25,dS,interaction,10,-1.1647395710127446,-1.4947727148640917,1,9,9.0,0.064453125,-3.036716472395124,-0.30141309435680597,-3.3802276436803353,-0.1410895414768734,prior family changes the effect,0.12890625
interaction_g0.25,dP,interaction,10,-0.26626355572499844,-0.5603738111219059,4,6,17.0,0.322265625,-1.3686794957760813,0.2025414625921054,-1.5223735017149158,0.34326425386350157,inconclusive,0.322265625
interaction_g0.25,Delta_product-lengthscale_r2d2,twin,10,2.3542215902378363,2.128369117560138,9,1,2.0,0.005859375,1.2438546574067584,2.9253141071155113,1.0754641100062683,3.058362256017145,,0.017578125
interaction_g0.25,Delta_additive-lengthscale_r2d2,twin,10,0.4322688018866125,1.01769992726349,8,2,3.0,0.009765625,0.4412261148482675,1.6740580699188288,0.3705018817006365,1.8123921903609739,,0.01953125
interaction_g0.25,Delta_product-amplitude_r2d2,twin,10,1.8290965173649476,1.9520988310056757,9,1,1.0,0.00390625,1.2939780234479683,2.7132625010732756,1.1890865767560495,2.867232206179399,,0.015625
interaction_g0.25,Delta_additive-amplitude_r2d2,twin,10,0.5763736420110998,0.07322259157414042,7,3,14.0,0.193359375,-1.5741739871037155,1.3058677341999612,-1.9153688478905755,1.468418366708301,,0.193359375
interaction_g0.50,S_HC,main_HC,10,0.9391378089821834,0.9741145515661636,8,2,8.0,0.048828125,0.30010572031963945,1.6085792833708068,0.17122193172130798,1.7053048348081974,,0.09765625
interaction_g0.50,P_HC,main_HC,10,-0.23806262124645747,-0.41724912910390355,5,5,18.0,0.375,-1.0724938015395655,0.2243614962645365,-1.2031025780347862,0.3274798193587324,,0.375
interaction_g0.50,S_R2D2,main_R2D2,10,-0.2496907697776839,-0.44693376389044026,4,6,17.0,0.322265625,-0.9287718526069498,0.0021472737565105212,-1.0347690966720697,0.07782168403997856,,0.64453125
interaction_g0.50,P_R2D2,main_R2D2,10,-0.05362598556596691,-0.10281628987401266,4,6,23.0,0.6953125,-0.6207901798704917,0.4756168264226828,-0.7033108198109532,0.6076903883863638,,0.6953125
interaction_g0.50,dS,interaction,10,-0.9738839102189395,-1.421048315456604,3,7,7.0,0.037109375,-2.405202872086418,-0.5096684303033261,-2.5892533230817976,-0.3785462880720444,prior family changes the effect,0.07421875
interaction_g0.50,dP,interaction,10,-0.31333573387137104,0.31443283922989085,3,7,27.0,1.0,-0.5351672245318339,1.2779837960912344,-0.6648726659857812,1.4837832665474346,inconclusive,1.0
interaction_g0.50,Delta_product-lengthscale_r2d2,twin,10,1.4637286067732644,1.3044135751125234,8,2,3.0,0.009765625,0.8869825255881247,1.7142836606327245,0.8043907095176505,1.7929504155795,,0.0390625
interaction_g0.50,Delta_additive-lengthscale_r2d2,twin,10,0.10638583091178885,0.08067067953875728,7,3,15.0,0.232421875,-0.7035337562271275,0.6961986286130095,-0.8773037994257904,0.7680815675670769,,0.46484375
interaction_g0.50,Delta_product-amplitude_r2d2,twin,10,0.6656344751973808,1.816151834225252,8,2,6.0,0.02734375,0.7172258751764315,3.007737095430058,0.5680756421918955,3.250864800844455,,0.08203125
interaction_g0.50,Delta_additive-amplitude_r2d2,twin,10,0.0014712866511090786,0.19779809888581018,6,4,23.0,0.6953125,-0.6313382693351787,1.1654312123117427,-0.7516585520666851,1.3765842004254905,,0.6953125
interaction_g0.75,S_HC,main_HC,10,1.124727444041178,0.952760338793548,9,1,7.0,0.037109375,0.3761890480240335,1.49226032908995,0.24656185095322727,1.5800149699737451,,0.07421875
interaction_g0.75,P_HC,main_HC,10,-0.43867882555480986,-0.7772403734608639,2,8,8.0,0.048828125,-1.404313239367421,-0.22907150995887465,-1.5442092408817876,-0.14981439919548292,,0.07421875
interaction_g0.75,S_R2D2,main_R2D2,10,0.08506538791014073,-0.24027450736856956,6,4,26.0,0.921875,-0.9018886389808156,0.31306702473597636,-1.0587219201192384,0.37684229491963306,,0.921875
interaction_g0.75,P_R2D2,main_R2D2,10,-0.46774334690123015,-0.8081441130182956,4,6,10.0,0.083984375,-1.5834558209976541,-0.1836607720540924,-1.7782889557650468,-0.1103924184487757,,0.16796875
interaction_g0.75,dS,interaction,10,-1.4130047240476942,-1.1930348461621176,3,7,10.0,0.083984375,-2.088975043604244,-0.2900807210509094,-2.255837345726368,-0.1115509052315688,inconclusive,0.16796875
interaction_g0.75,dP,interaction,10,0.29350708928954683,-0.030903739557431774,6,4,25.0,0.845703125,-1.0658588699236244,0.8768698867735842,-1.3106530221721864,1.0240297547551047,inconclusive,0.845703125
interaction_g0.75,Delta_product-lengthscale_r2d2,twin,10,0.5424943330621406,0.419855699207534,6,4,19.0,0.431640625,-0.3270359386395093,1.1531822568414458,-0.47190494733362204,1.2911538676112424,,0.86328125
interaction_g0.75,Delta_additive-lengthscale_r2d2,twin,10,0.24869324921302238,0.5957949764077122,9,0,0.0,0.00390625,0.3003097661583678,0.9064472947375322,0.247329555281713,0.9705488872513829,,0.015625
interaction_g0.75,Delta_product-amplitude_r2d2,twin,10,1.2688871913032238,1.7579260830123977,8,2,7.0,0.037109375,0.635736679750874,2.9576025475596577,0.4521311888508388,3.2042489210695377,,0.111328125
interaction_g0.75,Delta_additive-amplitude_r2d2,twin,10,0.020726062329599115,-0.8040828865120153,6,4,27.0,1.0,-2.398215499470615,0.44940110469624717,-2.8018626613818145,0.5921256389860248,,1.0
