method,ap_native_median,ap_native_mean,recall_at_S_native_median,recall_at_S_native_mean,ap_sobol_median,ap_sobol_mean,recall_at_S_sobol_median,recall_at_S_sobol_mean,precision_median,precision_mean,recall_median,recall_mean,f1_median,f1_mean,n_pred_active_median,n_pred_active_mean,n_runs
product-lengthscale,1.0,0.9551453942352645,1.0,0.9366666666666668,1.0,0.9335397874382316,1.0,0.9090624999999999,1.0,0.9875,0.8,0.7478125,0.888888888888889,0.8276913859489324,4.0,4.175,80
additive-lengthscale,1.0,0.8707840215213046,1.0,0.8734375,1.0,0.9431082689019572,1.0,0.9102083333333333,1.0,0.9185625,1.0,0.8688541666666667,0.9090909090909091,0.8667893367866316,5.0,7.775,80
product-amplitude,1.0,0.9716943598752392,1.0,0.9566666666666667,1.0,0.9781512055637895,1.0,0.9643750000000001,1.0,0.9949999999999999,0.8,0.7067708333333333,0.888888888888889,0.7954659923409924,4.0,3.7,80
additive-amplitude,1.0,0.9110946298981357,1.0,0.9077083333333335,1.0,0.9414523473098132,1.0,0.9198958333333334,1.0,0.940625,0.8,0.7888541666666666,0.888888888888889,0.8401756250285664,5.0,4.6125,80
product-lengthscale_r2d2,0.8099999999999999,0.7685429622458421,0.725,0.6923958333333333,0.7132881701631701,0.6922769846156236,0.6,0.6234375,0.75,0.7394443200477684,0.5,0.4835416666666667,0.6125,0.5955684564207478,4.0,5.0625,80
additive-lengthscale_r2d2,0.7329509379509379,0.6882986282967458,0.625,0.6018749999999999,0.7404886217386217,0.7090062978131961,0.6125,0.626875,0.256578947368421,0.29061836774344046,1.0,0.7792708333333334,0.3741258741258741,0.40131734471963787,14.0,30.875,80
product-amplitude_r2d2,0.9111111111111111,0.8998895175525293,0.8,0.8271875,0.9208333333333334,0.8873545262676711,0.8,0.8090624999999999,1.0,0.9869281045751634,0.2,0.2677083333333333,0.5714285714285715,0.5596228390346037,1.0,1.3125,80
additive-amplitude_r2d2,0.8898462301587302,0.8322225130772333,0.8,0.7744791666666667,0.9014285714285715,0.8586241491629879,0.8,0.7861458333333333,1.0,0.8783208020050126,0.3333333333333333,0.33010416666666664,0.5714285714285715,0.561617427406901,2.0,1.9375,80
dsp_map,0.6743223384746373,0.657633300193794,0.6,0.6222916666666667,0.5513721765284265,0.5730461335300624,0.6,0.5776041666666667,0.29520697167755994,0.34695446072247754,0.8166666666666667,0.7710416666666667,0.4396135265700483,0.45709417639460137,12.5,14.35,80
oracle_S,1.0,1.0,1.0,1.0,1.0,0.9765271464646463,1.0,0.9747916666666667,1.0,1.0,0.8,0.7424999999999999,0.888888888888889,0.8334165131633485,4.0,4.1,80
