family,effect,n,median,mean,lo90,hi90,p_value,p_holm_within_family_kind,holds
aligned3,Delta_product-lengthscale_r2d2,10,1.2200926950998388,0.9906404327733709,0.37791175578498537,1.6169538937993735,0.0390625,0.1171875,False
aligned3,Delta_additive-lengthscale_r2d2,10,1.0628066601327568,1.3202612969570777,0.5915221877703893,2.1219858718776936,0.013671875,0.0546875,False
aligned3,Delta_product-amplitude_r2d2,10,1.1061726468931776,0.846907189326485,0.0663756735659922,1.5453749855344485,0.10546875,0.2109375,False
aligned3,Delta_additive-amplitude_r2d2,10,0.8397264698683897,0.9681728409529435,0.20756194707635664,1.735052255553737,0.10546875,0.2109375,False
aligned10,Delta_product-lengthscale_r2d2,10,0.26599535439556576,0.37197322661200405,0.15065582250284068,0.6067732385922996,0.083984375,0.251953125,True
aligned10,Delta_additive-lengthscale_r2d2,10,0.40010259526570974,0.4884637474913912,0.1155826896009875,0.8848859850492541,0.083984375,0.251953125,False
aligned10,Delta_product-amplitude_r2d2,10,0.027319074207989014,0.3005664739577602,-0.029418892177263248,0.6870862285548756,0.431640625,0.431640625,True
aligned10,Delta_additive-amplitude_r2d2,10,0.14713566383151677,0.3079603123400184,0.050204159968406145,0.6322356019050505,0.048828125,0.1953125,True
anti_aligned,Delta_product-lengthscale_r2d2,10,0.024087421268261786,0.07133926999151256,-0.021851669178122923,0.16480692650373932,0.130859375,0.130859375,True
anti_aligned,Delta_additive-lengthscale_r2d2,10,0.3745094833312933,0.6113550571984004,0.3126008165760571,0.9373088971489546,0.005859375,0.0234375,False
anti_aligned,Delta_product-amplitude_r2d2,10,0.14238490411085497,0.26800953398668115,0.06855091162790794,0.5408501711343668,0.048828125,0.09765625,True
anti_aligned,Delta_additive-amplitude_r2d2,10,0.32381716795647875,0.41706762871427366,0.21097191336285714,0.6477149830117368,0.009765625,0.029296875,False
decoupled,Delta_product-lengthscale_r2d2,10,0.019718981706421668,0.24151092180631045,-0.003691263113802611,0.49701116622342534,0.431640625,0.64453125,True
decoupled,Delta_additive-lengthscale_r2d2,10,0.16138012042134942,0.2988658099850604,-0.025588849173702622,0.6038452400718887,0.193359375,0.580078125,True
decoupled,Delta_product-amplitude_r2d2,10,0.1380377749793433,0.006957972853036986,-0.6169361337022624,0.4984161785476632,0.322265625,0.64453125,True
decoupled,Delta_additive-amplitude_r2d2,10,1.023327237156594,0.7694893970914525,0.3590960632269454,1.114138165697663,0.01953125,0.078125,False
interaction_g0.00,Delta_product-lengthscale_r2d2,10,0.6933291283439146,0.8932737696727063,0.516054035385245,1.28748550145982,0.00390625,0.0078125,False
interaction_g0.00,Delta_additive-lengthscale_r2d2,10,1.2208584987606532,1.158679860505565,0.819227501450242,1.5003003896947718,0.001953125,0.0078125,False
interaction_g0.00,Delta_product-amplitude_r2d2,10,0.5699998523499087,0.832701693282711,0.359190416608876,1.340603302592203,0.01953125,0.01953125,False
interaction_g0.00,Delta_additive-amplitude_r2d2,10,0.8074047677698343,0.9340235188075271,0.5567793407362017,1.379846530666201,0.001953125,0.0078125,False
interaction_g0.25,Delta_product-lengthscale_r2d2,10,2.3542215902378363,2.128369117560138,1.2438546574067584,2.9253141071155113,0.005859375,0.017578125,False
interaction_g0.25,Delta_additive-lengthscale_r2d2,10,0.4322688018866125,1.01769992726349,0.4412261148482675,1.6740580699188288,0.009765625,0.01953125,False
interaction_g0.25,Delta_product-amplitude_r2d2,10,1.8290965173649476,1.9520988310056757,1.2939780234479683,2.7132625010732756,0.00390625,0.015625,False
interaction_g0.25,Delta_additive-amplitude_r2d2,10,0.5763736420110998,0.07322259157414042,-1.5741739871037155,1.3058677341999612,0.193359375,0.193359375,False
interaction_g0.50,Delta_product-lengthscale_r2d2,10,1.4637286067732644,1.3044135751125234,0.8869825255881247,1.7142836606327245,0.009765625,0.0390625,False
interaction_g0.50,Delta_additive-lengthscale_r2d2,10,0.10638583091178885,0.08067067953875728,-0.7035337562271275,0.6961986286130095,0.232421875,0.46484375,True
interaction_g0.50,Delta_product-amplitude_r2d2,10,0.6656344751973808,1.816151834225252,0.7172258751764315,3.007737095430058,0.02734375,0.08203125,False
interaction_g0.50,Delta_additive-amplitude_r2d2,10,0.0014712866511090786,0.19779809888581018,-0.6313382693351787,1.1654312123117427,0.6953125,0.6953125,True
interaction_g0.75,Delta_product-lengthscale_r2d2,10,0.5424943330621406,0.419855699207534,-0.3270359386395093,1.1531822568414458,0.431640625,0.86328125,False
interaction_g0.75,Delta_additive-lengthscale_r2d2,10,0.24869324921302238,0.5957949764077122,0.3003097661583678,0.9064472947375322,0.00390625,0.015625,True
interaction_g0.75,Delta_product-amplitude_r2d2,10,1.2688871913032238,1.7579260830123977,0.635736679750874,2.9576025475596577,0.037109375,0.111328125,False
interaction_g0.75,Delta_additive-amplitude_r2d2,10,0.020726062329599115,-0.8040828865120153,-2.398215499470615,0.44940110469624717,1.0,1.0,True
