family,seed,n_methods,f_star_identical,S_identical,y_mean_t20_identical,y_std_t20_identical,y_mean_t20_range,y_std_t20_range
aligned10,00,11,True,True,True,True,0.0,0.0
aligned10,01,11,True,True,True,True,0.0,0.0
aligned10,02,11,True,True,True,True,0.0,0.0
aligned10,03,11,True,True,True,True,0.0,0.0
aligned10,04,11,True,True,True,True,0.0,0.0
aligned10,05,11,True,True,True,True,0.0,0.0
aligned10,06,11,True,True,True,True,0.0,0.0
aligned10,07,11,True,True,True,True,0.0,0.0
aligned10,08,11,True,True,True,True,0.0,0.0
aligned10,09,11,True,True,True,True,0.0,0.0
aligned3,00,11,True,True,True,True,0.0,0.0
aligned3,01,11,True,True,True,True,0.0,0.0
aligned3,02,11,True,True,True,True,0.0,0.0
aligned3,03,11,True,True,True,True,0.0,0.0
aligned3,04,11,True,True,True,True,0.0,0.0
aligned3,05,11,True,True,True,True,0.0,0.0
aligned3,06,11,True,True,True,True,0.0,0.0
aligned3,07,11,True,True,True,True,0.0,0.0
aligned3,08,11,True,True,True,True,0.0,0.0
aligned3,09,11,True,True,True,True,0.0,0.0
anti_aligned,00,11,True,True,True,True,0.0,0.0
anti_aligned,01,11,True,True,True,True,0.0,0.0
anti_aligned,02,11,True,True,True,True,0.0,0.0
anti_aligned,03,11,True,True,True,True,0.0,0.0
anti_aligned,04,11,True,True,True,True,0.0,0.0
anti_aligned,05,11,True,True,True,True,0.0,0.0
anti_aligned,06,11,True,True,True,True,0.0,0.0
anti_aligned,07,11,True,True,True,True,0.0,0.0
anti_aligned,08,11,True,True,True,True,0.0,0.0
anti_aligned,09,11,True,True,True,True,0.0,0.0
decoupled,00,11,True,True,True,True,0.0,0.0
decoupled,01,11,True,True,True,True,0.0,0.0
decoupled,02,11,True,True,True,True,0.0,0.0
decoupled,03,11,True,True,True,True,0.0,0.0
decoupled,04,11,True,True,True,True,0.0,0.0
decoupled,05,11,True,True,True,True,0.0,0.0
decoupled,06,11,True,True,True,True,0.0,0.0
decoupled,07,11,True,True,True,True,0.0,0.0
decoupled,08,11,True,True,True,True,0.0,0.0
decoupled,09,11,True,True,True,True,0.0,0.0
interaction_g0.00,00,11,True,True,True,True,0.0,0.0
interaction_g0.00,01,11,True,True,True,True,0.0,0.0
interaction_g0.00,02,11,True,True,True,True,0.0,0.0
interaction_g0.00,03,11,True,True,True,True,0.0,0.0
interaction_g0.00,04,11,True,True,True,True,0.0,0.0
interaction_g0.00,05,11,True,True,True,True,0.0,0.0
interaction_g0.00,06,11,True,True,True,True,0.0,0.0
interaction_g0.00,07,11,True,True,True,True,0.0,0.0
interaction_g0.00,08,11,True,True,True,True,0.0,0.0
interaction_g0.00,09,11,True,True,True,True,0.0,0.0
interaction_g0.25,00,11,True,True,True,True,0.0,0.0
interaction_g0.25,01,11,True,True,True,True,0.0,0.0
interaction_g0.25,02,11,True,True,True,True,0.0,0.0
interaction_g0.25,03,11,True,True,True,True,0.0,0.0
interaction_g0.25,04,11,True,True,True,True,0.0,0.0
interaction_g0.25,05,11,True,True,True,True,0.0,0.0
interaction_g0.25,06,11,True,True,True,True,0.0,0.0
interaction_g0.25,07,11,True,True,True,True,0.0,0.0
interaction_g0.25,08,11,True,True,True,True,0.0,0.0
interaction_g0.25,09,11,True,True,True,True,0.0,0.0
interaction_g0.50,00,11,True,True,True,True,0.0,0.0
interaction_g0.50,01,11,True,True,True,True,0.0,0.0
interaction_g0.50,02,11,True,True,True,True,0.0,0.0
interaction_g0.50,03,11,True,True,True,True,0.0,0.0
interaction_g0.50,04,11,True,True,True,True,0.0,0.0
interaction_g0.50,05,11,True,True,True,True,0.0,0.0
interaction_g0.50,06,11,True,True,True,True,0.0,0.0
interaction_g0.50,07,11,True,True,True,True,0.0,0.0
interaction_g0.50,08,11,True,True,True,True,0.0,0.0
interaction_g0.50,09,11,True,True,True,True,0.0,0.0
interaction_g0.75,00,11,True,True,True,True,0.0,0.0
interaction_g0.75,01,11,True,True,True,True,0.0,0.0
interaction_g0.75,02,11,True,True,True,True,0.0,0.0
interaction_g0.75,03,11,True,True,True,True,0.0,0.0
interaction_g0.75,04,11,True,True,True,True,0.0,0.0
interaction_g0.75,05,11,True,True,True,True,0.0,0.0
interaction_g0.75,06,11,True,True,True,True,0.0,0.0
interaction_g0.75,07,11,True,True,True,True,0.0,0.0
interaction_g0.75,08,11,True,True,True,True,0.0,0.0
interaction_g0.75,09,11,True,True,True,True,0.0,0.0
