method,n_iter,hours_fit,hours_acq,hours_fit_plus_acq,median_run_hours,max_run_hours
product-lengthscale,1800,21.5741223912225,5.099944818671211,26.674067209893707,2.6950887180954384,3.043714480034218
additive-lengthscale,1800,21.117909857361226,91.48088024669411,112.59879010405534,10.779137256715298,14.755049002037978
product-amplitude,1800,21.74665383424157,116.63469322566758,138.38134705990916,14.305262950295873,16.384589569920145
additive-amplitude,1800,23.228580187428744,145.85014768636347,169.0787278737922,16.128362330787027,24.044816506508052
product-lengthscale_r2d2,1800,21.873342456738254,3.531735791422123,25.405078248160375,2.6460206516040894,2.6865118205230747
additive-lengthscale_r2d2,1800,24.1283942875621,98.61383003749965,122.74222432506176,12.867668439400328,14.678225667932727
product-amplitude_r2d2,1800,22.222479842047534,121.62864164279385,143.8511214848414,14.160177126121336,16.12656715753852
additive-amplitude_r2d2,1800,21.907084666519165,126.33936873431757,148.24645340083674,15.075810282708412,16.493541088156935
sobol,1800,0.0,1.9063654407444927e-06,0.0,0.0,0.0
dsp_map,1800,4.75651722539766,4.3807861574448825,9.08611644915111,0.9222900995940048,1.158381968841681
oracle_S,1800,0.8579872381535825,1.4144679158744273,2.27245515402801,0.21864298519549064,0.3275204219438213
