family,method,prior_family,n,median,q1,q3,mean,min,max,median_iqr,median_y,rank_in_family,mean_rank_within_seed
aligned10,additive-amplitude,HC,5,0.021354122513974616,0.019691707533826985,0.04104338878313918,0.027545569381898716,0.014180465124845831,0.04145816295370697,"0.0214 [0.0197, 0.041]",-1.67051826994863,1,2.0
aligned10,additive-lengthscale,HC,5,0.03643229188724195,0.02648196318298801,0.05474227003088572,0.0806181152177274,0.005783935267452023,0.27965011572006926,"0.0364 [0.0265, 0.0547]",-1.4385135072463153,2,2.4
aligned10,additive-amplitude_r2d2,R2D2,5,0.05109142875855799,0.039746577377490766,0.0758580288653592,0.30139815859396946,0.023975976131183074,1.3163187818372561,"0.0511 [0.0397, 0.0759]",-1.291651952215338,3,4.6
aligned10,additive-lengthscale_r2d2,R2D2,5,0.05544347065474753,0.029778762204057507,0.06276389029549101,0.18560333274599455,0.029122049311888,0.7509084912637887,"0.0554 [0.0298, 0.0628]",-1.256149591545098,4,4.4
aligned10,product-amplitude,HC,5,0.06936513382942167,0.014861387267377069,0.2055576818848852,0.11966840908412309,0.008908134700579495,0.299649707738352,"0.0694 [0.0149, 0.206]",-1.1588587714822665,5,4.2
aligned10,product-amplitude_r2d2,R2D2,5,0.10581787694815059,0.07583992177607701,0.21321375165506673,0.2683207067565494,0.0640177790856793,0.8827142043177734,"0.106 [0.0758, 0.213]",-0.9754409560807754,6,6.4
aligned10,product-lengthscale_r2d2,R2D2,5,0.39371683253980105,0.3570689154138771,0.7046029340374664,0.6245786956627851,0.0948094224263718,1.5726953738964093,"0.394 [0.357, 0.705]",-0.4048160174605148,7,8.8
aligned10,product-lengthscale,HC,5,0.41170485010797364,0.07239637752427974,0.5563936904400917,0.3723351223462785,0.0301519453307586,0.791028748328289,"0.412 [0.0724, 0.556]",-0.38541401674620496,8,7.2
aligned10,oracle_S,reference,5,0.4215045448079806,0.3456507996843863,0.4366218676474203,0.4121790280769767,0.04322338276097337,0.8138945454841231,"0.422 [0.346, 0.437]",-0.3751977383004815,9,7.2
aligned10,dsp_map,reference,5,0.5305128877205219,0.24738674650513826,0.6162375974448127,0.6028675726753546,0.05805457284794269,1.5621460588583576,"0.531 [0.247, 0.616]",-0.2753040613424298,10,7.8
aligned10,sobol,reference,5,2.2951837774380848,2.259441528563478,2.51728945921078,2.458354590084569,2.254190059436902,2.9656681257736026,"2.3 [2.26, 2.52]",0.3608174656169849,11,11.0
decoupled,additive-amplitude,HC,5,0.08481597393259577,0.01205504064905849,0.3786521031180188,0.17689529145763122,0.010509915820115623,0.3984434237683674,"0.0848 [0.0121, 0.379]",-1.0715223465940158,1,1.8
decoupled,product-amplitude_r2d2,R2D2,5,0.22227121656754356,0.14677006233785672,0.39621185440746665,0.28347620055952827,0.00038815890929999597,0.6517397105754745,"0.222 [0.147, 0.396]",-0.6531167734469302,2,5.0
decoupled,additive-lengthscale,HC,5,0.2329823654897023,0.1113401463178807,0.4418564422291871,0.38143619229764064,0.1070672331682907,1.0139347742831424,"0.233 [0.111, 0.442]",-0.6326769496192423,3,3.6
decoupled,product-amplitude,HC,5,0.33352305387730397,0.2823541781078971,0.34522717988491847,0.300570024660528,0.13311358252226846,0.40863212891025213,"0.334 [0.282, 0.345]",-0.4768741412806871,4,3.8
decoupled,additive-amplitude_r2d2,R2D2,5,0.41901214883199334,0.3982850214850133,0.628009223353934,0.4843841201237963,0.25603287085328574,0.7205813360947548,"0.419 [0.398, 0.628]",-0.3777733849234256,5,6.6
decoupled,product-lengthscale,HC,5,0.4891128114037451,0.4719737312476773,0.5536230484879514,0.7061701463393848,0.4165870706261785,1.5995540699313717,"0.489 [0.472, 0.554]",-0.31059096149054966,6,8.0
decoupled,product-lengthscale_r2d2,R2D2,5,0.5409668082449306,0.343092219585845,1.1881103305074405,0.6969448825774068,0.20535758867923537,1.2071974658695828,"0.541 [0.343, 1.19]",-0.2668293808052386,7,6.0
decoupled,additive-lengthscale_r2d2,R2D2,5,0.5824357480719113,0.3165706566046458,0.6671635780397023,0.47767840837208847,0.14909589378377763,0.6731261653604053,"0.582 [0.317, 0.667]",-0.23475197724942104,8,6.6
decoupled,dsp_map,reference,5,0.584676643849436,0.3396891909765367,0.6763543606020797,0.5467994284324401,0.04250161164154953,1.0907753350925988,"0.585 [0.34, 0.676]",-0.23308425463185678,9,6.0
decoupled,oracle_S,reference,5,0.7616924956329054,0.15274119176763,0.8100704287578022,0.6077920683338274,0.11312679055570651,1.2013294349550927,"0.762 [0.153, 0.81]",-0.11822032315320063,10,7.6
decoupled,sobol,reference,5,2.060992083835555,1.8255884084609861,2.401219005229871,2.112276549427083,1.7857345563372822,2.4878486932717196,"2.06 [1.83, 2.4]",0.31407632367967925,11,11.0
