family,method,t,ap_native,f1
aligned10,additive-amplitude,20,0.23496030032074558,0.0
aligned10,additive-amplitude,25,0.15407061588503254,0.0
aligned10,additive-amplitude,50,0.33982239516895024,0.09090909090909091
aligned10,additive-amplitude,75,0.42043368833117095,0.25
aligned10,additive-amplitude,100,0.5483243496305295,0.33333333333333337
aligned10,additive-amplitude,125,0.8386111111111111,0.33333333333333337
aligned10,additive-amplitude,150,0.8648671497584541,0.5714285714285715
aligned10,additive-amplitude,175,0.9809090909090908,0.5714285714285715
aligned10,additive-amplitude,199,0.9809090909090908,0.6666666666666666
aligned10,additive-amplitude_r2d2,20,0.13097030976285454,0.0
aligned10,additive-amplitude_r2d2,25,0.12944745283860337,
aligned10,additive-amplitude_r2d2,50,0.30864058181524745,
aligned10,additive-amplitude_r2d2,75,0.48279877188728015,
aligned10,additive-amplitude_r2d2,100,0.682423578126903,
aligned10,additive-amplitude_r2d2,125,0.7161290322580645,
aligned10,additive-amplitude_r2d2,150,0.6907488056812869,
aligned10,additive-amplitude_r2d2,175,0.8625657894736841,
aligned10,additive-amplitude_r2d2,199,0.9421356421356422,
aligned10,additive-lengthscale,20,0.17838760048965438,
aligned10,additive-lengthscale,25,0.13132713200580004,0.18181818181818182
aligned10,additive-lengthscale,50,0.3644270495283017,0.18181818181818182
aligned10,additive-lengthscale,75,0.4925551995878398,0.33333333333333337
aligned10,additive-lengthscale,100,0.6823634698634697,0.6666666666666666
aligned10,additive-lengthscale,125,0.9358974358974359,0.888888888888889
aligned10,additive-lengthscale,150,1.0,0.9473684210526316
aligned10,additive-lengthscale,175,1.0,0.9473684210526316
aligned10,additive-lengthscale,199,1.0,1.0
aligned10,additive-lengthscale_r2d2,20,0.11169247310706816,
aligned10,additive-lengthscale_r2d2,25,0.219288614170365,
aligned10,additive-lengthscale_r2d2,50,0.33830520273146664,0.30769230769230765
aligned10,additive-lengthscale_r2d2,75,0.36818754783715846,0.3448275862068966
aligned10,additive-lengthscale_r2d2,100,0.5474418739827946,0.3157894736842105
aligned10,additive-lengthscale_r2d2,125,0.6722439799914692,0.3829787234042553
aligned10,additive-lengthscale_r2d2,150,0.7272249589490969,0.4736842105263158
aligned10,additive-lengthscale_r2d2,175,0.8101099135306296,0.5405405405405406
aligned10,additive-lengthscale_r2d2,199,0.8254785954785955,0.5405405405405406
aligned10,dsp_map,20,0.16318136383149945,0.20289855072463767
aligned10,dsp_map,25,0.16756715578148915,0.21052631578947364
aligned10,dsp_map,50,0.2961417210277055,0.28571428571428575
aligned10,dsp_map,75,0.4541830065359477,0.29629629629629634
aligned10,dsp_map,100,0.4777626747216299,0.4375
aligned10,dsp_map,125,0.47734232142126876,0.4210526315789473
aligned10,dsp_map,150,0.5307914240796453,0.45714285714285713
aligned10,dsp_map,175,0.5374819624819624,0.5882352941176471
aligned10,dsp_map,199,0.5463131313131313,0.4210526315789473
aligned10,product-amplitude,20,0.19592561057488428,
aligned10,product-amplitude,25,0.10224171355468348,0.09090909090909091
aligned10,product-amplitude,50,0.329139614798844,0.09090909090909091
aligned10,product-amplitude,75,0.5952290448343079,0.33333333333333337
aligned10,product-amplitude,100,0.6615948241644836,0.18181818181818182
aligned10,product-amplitude,125,0.7848809523809523,0.18181818181818182
aligned10,product-amplitude,150,0.787063492063492,0.33333333333333337
aligned10,product-amplitude,175,0.9,0.4615384615384615
aligned10,product-amplitude,199,0.90625,0.4615384615384615
aligned10,product-amplitude_r2d2,20,0.19127095771083114,
aligned10,product-amplitude_r2d2,25,0.20768006032157205,
aligned10,product-amplitude_r2d2,50,0.36742563586911403,
aligned10,product-amplitude_r2d2,75,0.4678453956139772,
aligned10,product-amplitude_r2d2,100,0.6836866359447005,
aligned10,product-amplitude_r2d2,125,0.6977892257345273,
aligned10,product-amplitude_r2d2,150,0.668623204752237,
aligned10,product-amplitude_r2d2,175,0.7610768398268398,
aligned10,product-amplitude_r2d2,199,0.8586184210526315,0.18181818181818182
aligned10,product-lengthscale,20,0.08803037494431883,
aligned10,product-lengthscale,25,0.1480106167214339,
aligned10,product-lengthscale,50,0.19909768720981538,0.0
aligned10,product-lengthscale,75,0.42037154675085714,0.25
aligned10,product-lengthscale,100,0.6973262293262292,0.5164835164835165
aligned10,product-lengthscale,125,0.6510104239378287,0.5714285714285715
aligned10,product-lengthscale,150,0.8987698412698413,0.4615384615384615
aligned10,product-lengthscale,175,0.8275113378684807,0.625
aligned10,product-lengthscale,199,0.9476190476190476,0.625
aligned10,product-lengthscale_r2d2,20,0.20321452039870555,
aligned10,product-lengthscale_r2d2,25,0.11589585635932483,
aligned10,product-lengthscale_r2d2,50,0.2801010040342645,0.0
aligned10,product-lengthscale_r2d2,75,0.5246698309480264,0.25757575757575757
aligned10,product-lengthscale_r2d2,100,0.5991666666666666,0.33333333333333337
aligned10,product-lengthscale_r2d2,125,0.6729492291334396,0.39743589743589747
aligned10,product-lengthscale_r2d2,150,0.757719176248588,0.5432692307692307
aligned10,product-lengthscale_r2d2,175,0.7685920083500729,0.6
aligned10,product-lengthscale_r2d2,199,0.8914624183006536,0.6458333333333333
decoupled,additive-amplitude,20,0.16939910299464075,0.0
decoupled,additive-amplitude,25,0.1383600866661,0.2222222222222222
decoupled,additive-amplitude,50,0.32414380474870585,0.2222222222222222
decoupled,additive-amplitude,75,0.5869645400895401,0.4
decoupled,additive-amplitude,100,0.6973809964237268,0.4
decoupled,additive-amplitude,125,0.7892528377630122,0.6666666666666666
decoupled,additive-amplitude,150,0.8398658192090396,0.6666666666666666
decoupled,additive-amplitude,175,0.876131221719457,0.6666666666666666
decoupled,additive-amplitude,199,0.8885135135135135,0.6666666666666666
decoupled,additive-amplitude_r2d2,20,0.0872710070081569,0.0
decoupled,additive-amplitude_r2d2,25,0.1457429457303449,0.2222222222222222
decoupled,additive-amplitude_r2d2,50,0.1804661079812273,0.2222222222222222
decoupled,additive-amplitude_r2d2,75,0.5188115038115039,0.2222222222222222
decoupled,additive-amplitude_r2d2,100,0.6467102465986395,0.2222222222222222
decoupled,additive-amplitude_r2d2,125,0.6180016930743675,0.4
decoupled,additive-amplitude_r2d2,150,0.7614898989898989,0.3838383838383838
decoupled,additive-amplitude_r2d2,175,0.8101388888888887,0.4
decoupled,additive-amplitude_r2d2,199,0.8648018648018647,0.3838383838383838
decoupled,additive-lengthscale,20,0.12041607986767655,
decoupled,additive-lengthscale,25,0.10870268229050103,
decoupled,additive-lengthscale,50,0.3672426555289171,0.2222222222222222
decoupled,additive-lengthscale,75,0.48267045454545454,0.36363636363636365
decoupled,additive-lengthscale,100,0.6961417748917749,0.5
decoupled,additive-lengthscale,125,0.8867647058823529,0.6666666666666666
decoupled,additive-lengthscale,150,0.8574999999999999,0.6666666666666666
decoupled,additive-lengthscale,175,0.8954081632653061,0.8571428571428571
decoupled,additive-lengthscale,199,0.9861111111111112,0.8571428571428571
decoupled,additive-lengthscale_r2d2,20,0.12157082371033154,
decoupled,additive-lengthscale_r2d2,25,0.13879483028172546,0.0
decoupled,additive-lengthscale_r2d2,50,0.11684684034662118,0.14814814814814814
decoupled,additive-lengthscale_r2d2,75,0.3656334530493488,0.15026455026455027
decoupled,additive-lengthscale_r2d2,100,0.3320289350480028,0.14953271028037382
decoupled,additive-lengthscale_r2d2,125,0.4690861222111222,0.15094339622641506
decoupled,additive-lengthscale_r2d2,150,0.48380018674136316,0.15384615384615385
decoupled,additive-lengthscale_r2d2,175,0.5531347232604348,0.17204301075268816
decoupled,additive-lengthscale_r2d2,199,0.63261516563147,0.2222222222222222
decoupled,dsp_map,20,0.24253957847707847,0.14814814814814814
decoupled,dsp_map,25,0.22025736187272896,0.15730337078651688
decoupled,dsp_map,50,0.291525446113042,0.20289855072463767
decoupled,dsp_map,75,0.4076799341839619,0.21276595744680848
decoupled,dsp_map,100,0.47821969696969696,0.2857142857142857
decoupled,dsp_map,125,0.5312019969278033,0.36363636363636365
decoupled,dsp_map,150,0.5231162083135767,0.32432432432432434
decoupled,dsp_map,175,0.590282634032634,0.35
decoupled,dsp_map,199,0.5887867647058823,0.411764705882353
decoupled,product-amplitude,20,0.10180251447286617,0.1111111111111111
decoupled,product-amplitude,25,0.0894651263254649,
decoupled,product-amplitude,50,0.31629951539483536,0.2222222222222222
decoupled,product-amplitude,75,0.6022415611814346,0.2222222222222222
decoupled,product-amplitude,100,0.552669003898512,0.4
decoupled,product-amplitude,125,0.6596813725490196,0.4
decoupled,product-amplitude,150,0.8013273491214667,0.4
decoupled,product-amplitude,175,0.7621996166887808,0.5454545454545454
decoupled,product-amplitude,199,0.9293650793650794,0.5454545454545454
decoupled,product-amplitude_r2d2,20,0.17608080300597884,
decoupled,product-amplitude_r2d2,25,0.12183172219936927,
decoupled,product-amplitude_r2d2,50,0.2287260071726252,
decoupled,product-amplitude_r2d2,75,0.49575384106634107,0.2222222222222222
decoupled,product-amplitude_r2d2,100,0.5129562058741626,0.2222222222222222
decoupled,product-amplitude_r2d2,125,0.7305939410045177,0.2222222222222222
decoupled,product-amplitude_r2d2,150,0.7904198841698842,0.2222222222222222
decoupled,product-amplitude_r2d2,175,0.7933303085299455,0.2222222222222222
decoupled,product-amplitude_r2d2,199,0.8216896407685882,0.5454545454545454
decoupled,product-lengthscale,20,0.13194757774002824,0.15384615384615385
decoupled,product-lengthscale,25,0.1128807038371044,
decoupled,product-lengthscale,50,0.17962937883712532,0.16666666666666666
decoupled,product-lengthscale,75,0.42274224504616664,0.2111111111111111
decoupled,product-lengthscale,100,0.5362103174603174,0.5
decoupled,product-lengthscale,125,0.746875,0.5454545454545454
decoupled,product-lengthscale,150,0.9115936147186148,0.5454545454545454
decoupled,product-lengthscale,175,0.9338235294117647,0.6666666666666666
decoupled,product-lengthscale,199,0.9464285714285714,0.5454545454545454
decoupled,product-lengthscale_r2d2,20,0.0883252305852177,0.0
decoupled,product-lengthscale_r2d2,25,0.08962714009555,0.0
decoupled,product-lengthscale_r2d2,50,0.33594767781948087,0.18181818181818182
decoupled,product-lengthscale_r2d2,75,0.22845367600086836,0.15762273901808782
decoupled,product-lengthscale_r2d2,100,0.17556913316607897,0.14814814814814814
decoupled,product-lengthscale_r2d2,125,0.3631309222253495,0.28490028490028485
decoupled,product-lengthscale_r2d2,150,0.484593837535014,0.25
decoupled,product-lengthscale_r2d2,175,0.591848881794534,0.28409090909090906
decoupled,product-lengthscale_r2d2,199,0.5483104445957269,0.32432432432432434
