method,gate_excluded,n_readouts,ap_native_mean,ap_native_median,f1_mean
product-lengthscale,passed,14,0.8731997530300303,0.9330407969639469,0.5079805115519401
product-lengthscale,excluded,36,0.7421711821240442,0.7582177559759081,0.5623467219055455
additive-lengthscale,passed,17,0.9729506802721088,1.0,0.9118041755084189
additive-lengthscale,excluded,33,0.8449548414893925,0.8867647058823529,0.7355605408236987
product-amplitude,excluded,50,0.7475353688083828,0.7863974567099568,0.39503575128575125
additive-amplitude,excluded,50,0.7961143663355343,0.8392384651600753,0.5411968031968032
product-lengthscale_r2d2,passed,50,0.6125815818154657,0.6478532341350363,0.37442523202522243
additive-lengthscale_r2d2,passed,50,0.6026947265250471,0.6052731086184213,0.36410717958023864
product-amplitude_r2d2,excluded,50,0.7117412556065499,0.7572418109784627,0.2626262626262626
additive-amplitude_r2d2,excluded,50,0.7347889145843796,0.7365079365079366,0.3653679653679654
