family,method,seed,rows,exists,complete,t_min,t_max,n_resumed,created,csv_mtime,device_created,commit,config_hash,root
aligned10,additive-amplitude,00,180,True,True,20,199,4,2026-09-11T00:29:59.306779+00:00,2026-09-14T12:22:08.528661,NVIDIA H100 80GB HBM3,a51a4b9,08ee9512,runs
aligned10,additive-amplitude,01,180,True,True,20,199,4,2026-09-11T01:03:41.981101+00:00,2026-09-14T12:22:08.582297,NVIDIA H200,a51a4b9,9094ef72,runs
aligned10,additive-amplitude,02,180,True,True,20,199,4,2026-09-11T01:12:08.380815+00:00,2026-09-14T12:22:08.643749,NVIDIA H100 80GB HBM3,a51a4b9,e482cb3e,runs
aligned10,additive-amplitude,03,180,True,True,20,199,4,2026-09-11T01:17:33.314914+00:00,2026-09-14T12:22:08.702743,NVIDIA H100 80GB HBM3,a51a4b9,1fc810e0,runs
aligned10,additive-amplitude,04,180,True,True,20,199,4,2026-09-11T01:26:21.513014+00:00,2026-09-14T12:22:08.756277,NVIDIA H200,a51a4b9,78744fa9,runs
aligned10,additive-amplitude_r2d2,00,180,True,True,20,199,0,2026-09-28T23:37:57.231821+00:00,2026-09-29T15:29:30,NVIDIA H200,97eda92,cb38abc8,runs_r2d2
aligned10,additive-amplitude_r2d2,01,180,True,True,20,199,0,2026-09-29T00:48:51.699891+00:00,2026-09-29T18:44:19,NVIDIA H200,97eda92,e59fc9be,runs_r2d2
aligned10,additive-amplitude_r2d2,02,180,True,True,20,199,0,2026-09-29T01:02:12.592467+00:00,2026-09-29T17:17:01,NVIDIA H200,97eda92,9a28ddd5,runs_r2d2
aligned10,additive-amplitude_r2d2,03,180,True,True,20,199,0,2026-09-29T01:02:50.469011+00:00,2026-09-29T19:17:04,NVIDIA H200,97eda92,1e2cda4f,runs_r2d2
aligned10,additive-amplitude_r2d2,04,180,True,True,20,199,0,2026-09-29T01:23:45.405906+00:00,2026-09-29T18:28:34,NVIDIA H200,97eda92,1f9e72b6,runs_r2d2
aligned10,additive-lengthscale,00,180,True,True,20,199,6,2026-09-11T03:51:35.352322+00:00,2026-09-14T12:22:09.089443,NVIDIA A100-SXM4-80GB,a51a4b9,97e7ede1,runs
aligned10,additive-lengthscale,01,180,True,True,20,199,6,2026-09-11T04:07:22.266944+00:00,2026-09-14T12:22:09.217391,NVIDIA H200,a51a4b9,95a301e2,runs
aligned10,additive-lengthscale,02,180,True,True,20,199,6,2026-09-11T04:20:14.782925+00:00,2026-09-14T12:22:09.279202,NVIDIA A100-SXM4-80GB,a51a4b9,1386bebe,runs
aligned10,additive-lengthscale,03,180,True,True,20,199,6,2026-09-11T04:24:12.902567+00:00,2026-09-14T12:22:09.357490,NVIDIA H200,a51a4b9,882ad2bf,runs
aligned10,additive-lengthscale,04,180,True,True,20,199,6,2026-09-11T04:27:33.624422+00:00,2026-09-14T12:22:09.417419,NVIDIA H200,a51a4b9,a23baf67,runs
aligned10,additive-lengthscale_r2d2,00,180,True,True,20,199,3,2026-09-30T21:36:19.963249+00:00,2026-10-01T16:46:24,NVIDIA H200,c4d9c38,e58c2b84,runs_r2d2
aligned10,additive-lengthscale_r2d2,01,180,True,True,20,199,3,2026-09-30T21:36:19.970285+00:00,2026-10-01T16:46:24,NVIDIA H200,c4d9c38,04db0d71,runs_r2d2
aligned10,additive-lengthscale_r2d2,02,180,True,True,20,199,3,2026-09-30T21:36:19.965550+00:00,2026-10-01T16:46:24,NVIDIA H200,c4d9c38,e4859931,runs_r2d2
aligned10,additive-lengthscale_r2d2,03,180,True,True,20,199,3,2026-09-30T21:36:19.977808+00:00,2026-10-01T16:46:24,NVIDIA H200,c4d9c38,da9d36b1,runs_r2d2
aligned10,additive-lengthscale_r2d2,04,180,True,True,20,199,3,2026-09-30T21:36:19.967460+00:00,2026-10-01T16:46:24,NVIDIA H200,c4d9c38,5b46b6ad,runs_r2d2
aligned10,dsp_map,00,180,True,True,20,199,1,2026-09-10T12:52:28.755195+00:00,2026-09-14T12:22:09.790499,cpu,a51a4b9,0a672f7e,runs
aligned10,dsp_map,01,180,True,True,20,199,1,2026-09-10T12:51:43.469717+00:00,2026-09-14T12:22:09.808769,cpu,a51a4b9,11cbb0a1,runs
aligned10,dsp_map,02,180,True,True,20,199,1,2026-09-10T12:52:29.267341+00:00,2026-09-14T12:22:09.827664,cpu,a51a4b9,017b02c8,runs
aligned10,dsp_map,03,180,True,True,20,199,1,2026-09-10T12:52:29.267329+00:00,2026-09-14T12:22:09.846283,cpu,a51a4b9,34d94bc3,runs
aligned10,dsp_map,04,180,True,True,20,199,1,2026-09-10T12:51:21.779683+00:00,2026-09-14T12:22:09.866358,cpu,a51a4b9,59b58244,runs
aligned10,oracle_S,00,180,True,True,20,199,1,2026-09-10T12:52:02.224697+00:00,2026-09-14T12:22:10.003734,cpu,a51a4b9,086d0b90,runs
aligned10,oracle_S,01,180,True,True,20,199,1,2026-09-10T12:52:44.786954+00:00,2026-09-14T12:22:10.021717,cpu,a51a4b9,36c89cc2,runs
aligned10,oracle_S,02,180,True,True,20,199,1,2026-09-10T12:52:29.488801+00:00,2026-09-14T12:22:10.039208,cpu,a51a4b9,3ee54de2,runs
aligned10,oracle_S,03,180,True,True,20,199,1,2026-09-10T12:51:21.816929+00:00,2026-09-14T12:22:10.055872,cpu,a51a4b9,d514b53d,runs
aligned10,oracle_S,04,180,True,True,20,199,1,2026-09-10T12:51:21.779692+00:00,2026-09-14T12:22:10.073051,cpu,a51a4b9,8dd1c2e9,runs
aligned10,product-amplitude,00,180,True,True,20,199,6,2026-09-11T16:36:25.949855+00:00,2026-09-14T12:22:10.190841,NVIDIA H200,a51a4b9,dc2f27c8,runs
aligned10,product-amplitude,01,180,True,True,20,199,6,2026-09-11T16:47:38.234553+00:00,2026-09-14T12:22:10.247085,NVIDIA H200,a51a4b9,6ac9df7b,runs
aligned10,product-amplitude,02,180,True,True,20,199,6,2026-09-11T16:52:16.939132+00:00,2026-09-14T12:22:10.309188,NVIDIA H200,a51a4b9,08fe74c8,runs
aligned10,product-amplitude,03,180,True,True,20,199,6,2026-09-11T17:00:47.065237+00:00,2026-09-14T12:22:10.371251,NVIDIA H200,a51a4b9,96c7898d,runs
aligned10,product-amplitude,04,180,True,True,20,199,6,2026-09-11T17:54:40.446271+00:00,2026-09-14T12:22:10.426132,NVIDIA H200,a51a4b9,f23c0de1,runs
aligned10,product-amplitude_r2d2,00,180,True,True,20,199,0,2026-09-29T03:20:05.593417+00:00,2026-09-29T18:39:43,NVIDIA H200,97eda92,6352acc8,runs_r2d2
aligned10,product-amplitude_r2d2,01,180,True,True,20,199,0,2026-09-29T03:32:40.722718+00:00,2026-09-29T19:55:34,NVIDIA H200,97eda92,8db122c3,runs_r2d2
aligned10,product-amplitude_r2d2,02,180,True,True,20,199,0,2026-09-29T03:32:40.726909+00:00,2026-09-29T19:49:26,NVIDIA H200,97eda92,caf14fdb,runs_r2d2
aligned10,product-amplitude_r2d2,03,180,True,True,20,199,0,2026-09-29T03:32:40.732532+00:00,2026-09-29T20:23:22,NVIDIA H200,97eda92,755ebc15,runs_r2d2
aligned10,product-amplitude_r2d2,04,180,True,True,20,199,0,2026-09-29T03:32:40.724292+00:00,2026-09-29T20:14:46,NVIDIA H200,97eda92,aad8c094,runs_r2d2
aligned10,product-lengthscale,00,180,True,True,20,199,2,2026-09-10T14:09:18.282580+00:00,2026-09-14T12:22:10.833079,NVIDIA H100 80GB HBM3,a51a4b9,d6f05020,runs
aligned10,product-lengthscale,01,180,True,True,20,199,2,2026-09-10T14:42:22.851926+00:00,2026-09-14T12:22:10.890752,NVIDIA H100 80GB HBM3,a51a4b9,b27a617b,runs
aligned10,product-lengthscale,02,180,True,True,20,199,2,2026-09-10T14:42:39.061486+00:00,2026-09-14T12:22:11.000517,NVIDIA H100 80GB HBM3,a51a4b9,5794627f,runs
aligned10,product-lengthscale,03,180,True,True,20,199,2,2026-09-10T14:53:53.153103+00:00,2026-09-14T12:22:11.053541,NVIDIA A100-SXM4-80GB,a51a4b9,538fed15,runs
aligned10,product-lengthscale,04,180,True,True,20,199,2,2026-09-10T14:56:54.281504+00:00,2026-09-14T12:22:11.106541,NVIDIA A100-SXM4-80GB,a51a4b9,8c7f822b,runs
aligned10,product-lengthscale_r2d2,00,180,True,True,20,199,3,2026-09-30T21:36:19.965720+00:00,2026-10-01T16:46:13,NVIDIA H200,c4d9c38,ed0bdb54,runs_r2d2
aligned10,product-lengthscale_r2d2,01,180,True,True,20,199,3,2026-09-30T21:36:19.970405+00:00,2026-10-01T16:46:13,NVIDIA H200,c4d9c38,6792bfff,runs_r2d2
aligned10,product-lengthscale_r2d2,02,180,True,True,20,199,3,2026-09-30T21:36:19.963334+00:00,2026-10-01T16:46:13,NVIDIA H200,c4d9c38,c61f5140,runs_r2d2
aligned10,product-lengthscale_r2d2,03,180,True,True,20,199,3,2026-09-30T21:36:19.977185+00:00,2026-10-01T16:46:13,NVIDIA H200,c4d9c38,86e00b77,runs_r2d2
aligned10,product-lengthscale_r2d2,04,180,True,True,20,199,3,2026-09-30T21:36:19.967514+00:00,2026-10-01T16:46:13,NVIDIA H200,c4d9c38,4e5dd964,runs_r2d2
aligned10,sobol,00,180,True,True,20,199,1,2026-09-10T12:51:50.881813+00:00,2026-09-14T12:22:11.451865,cpu,a51a4b9,550dfbb0,runs
aligned10,sobol,01,180,True,True,20,199,1,2026-09-10T12:51:50.893247+00:00,2026-09-14T12:22:11.454330,cpu,a51a4b9,b3e41b17,runs
aligned10,sobol,02,180,True,True,20,199,1,2026-09-10T12:52:33.292637+00:00,2026-09-14T12:22:11.456276,cpu,a51a4b9,bce68b52,runs
aligned10,sobol,03,180,True,True,20,199,1,2026-09-10T12:52:33.276387+00:00,2026-09-14T12:22:11.458730,cpu,a51a4b9,5724db0a,runs
aligned10,sobol,04,180,True,True,20,199,1,2026-09-10T12:52:33.306007+00:00,2026-09-14T12:22:11.460853,cpu,a51a4b9,d8761929,runs
decoupled,additive-amplitude,00,180,True,True,20,199,4,2026-09-11T01:29:23.281628+00:00,2026-09-14T12:22:14.338065,NVIDIA A100-SXM4-80GB,a51a4b9,00465f6d,runs
decoupled,additive-amplitude,01,180,True,True,20,199,4,2026-09-11T01:31:30.677907+00:00,2026-09-14T12:22:14.403024,NVIDIA H200,a51a4b9,b3475420,runs
decoupled,additive-amplitude,02,180,True,True,20,199,4,2026-09-11T01:30:35.409437+00:00,2026-09-14T12:22:14.451657,NVIDIA H200,a51a4b9,4d587817,runs
decoupled,additive-amplitude,03,180,True,True,20,199,4,2026-09-11T01:32:13.416750+00:00,2026-09-14T12:22:14.505534,NVIDIA H100 80GB HBM3,a51a4b9,b948a1de,runs
decoupled,additive-amplitude,04,180,True,True,20,199,4,2026-09-11T01:49:20.965707+00:00,2026-09-14T12:22:14.559128,NVIDIA A100-SXM4-80GB,a51a4b9,c7b150e7,runs
decoupled,additive-amplitude_r2d2,00,180,True,True,20,199,0,2026-09-29T01:38:57.117973+00:00,2026-09-29T18:39:45,NVIDIA H200,97eda92,b4001382,runs_r2d2
decoupled,additive-amplitude_r2d2,01,180,True,True,20,199,0,2026-09-29T01:56:20.692537+00:00,2026-09-29T21:26:12,NVIDIA H200,97eda92,7c2b910d,runs_r2d2
decoupled,additive-amplitude_r2d2,02,180,True,True,20,199,0,2026-09-29T02:20:23.018468+00:00,2026-09-29T20:55:01,NVIDIA H200,97eda92,edab9b12,runs_r2d2
decoupled,additive-amplitude_r2d2,03,180,True,True,20,199,0,2026-09-29T02:20:22.975133+00:00,2026-09-29T21:40:22,NVIDIA H200,97eda92,d9397aad,runs_r2d2
decoupled,additive-amplitude_r2d2,04,180,True,True,20,199,0,2026-09-29T03:00:14.479741+00:00,2026-09-29T21:31:49,NVIDIA H200,97eda92,befefea0,runs_r2d2
decoupled,additive-lengthscale,00,180,True,True,20,199,6,2026-09-11T04:31:35.665162+00:00,2026-09-14T12:22:14.877804,NVIDIA H200,a51a4b9,193d808a,runs
decoupled,additive-lengthscale,01,180,True,True,20,199,6,2026-09-11T04:50:16.542662+00:00,2026-09-14T12:22:14.931878,NVIDIA H200,a51a4b9,827f5a0a,runs
decoupled,additive-lengthscale,02,180,True,True,20,199,6,2026-09-11T04:50:16.543681+00:00,2026-09-14T12:22:14.996139,NVIDIA H200,a51a4b9,84ccc514,runs
decoupled,additive-lengthscale,03,180,True,True,20,199,6,2026-09-11T04:50:16.542947+00:00,2026-09-14T12:22:15.047941,NVIDIA H200,a51a4b9,d13af8e3,runs
decoupled,additive-lengthscale,04,180,True,True,20,199,6,2026-09-11T14:29:47.791692+00:00,2026-09-14T12:22:15.096739,NVIDIA H200,a51a4b9,ed9fd5c1,runs
decoupled,additive-lengthscale_r2d2,00,180,True,True,20,199,3,2026-09-30T21:36:19.970039+00:00,2026-10-01T16:46:24,NVIDIA H200,c4d9c38,a22a0717,runs_r2d2
decoupled,additive-lengthscale_r2d2,01,180,True,True,20,199,3,2026-09-30T21:36:19.960274+00:00,2026-10-01T16:46:24,NVIDIA H200,c4d9c38,8a8493bb,runs_r2d2
decoupled,additive-lengthscale_r2d2,02,180,True,True,20,199,3,2026-09-30T21:36:19.975750+00:00,2026-10-01T16:46:24,NVIDIA H200,c4d9c38,257ffb08,runs_r2d2
decoupled,additive-lengthscale_r2d2,03,180,True,True,20,199,3,2026-09-30T21:36:19.960201+00:00,2026-10-01T16:46:35,NVIDIA H200,c4d9c38,2b879c93,runs_r2d2
decoupled,additive-lengthscale_r2d2,04,180,True,True,20,199,3,2026-09-30T21:36:19.965986+00:00,2026-10-01T16:46:35,NVIDIA H200,c4d9c38,bc486ef8,runs_r2d2
decoupled,dsp_map,00,180,True,True,20,199,1,2026-09-10T12:51:49.688822+00:00,2026-09-14T12:22:15.483331,cpu,a51a4b9,dd6c66fa,runs
decoupled,dsp_map,01,180,True,True,20,199,1,2026-09-10T12:51:49.688806+00:00,2026-09-14T12:22:15.503723,cpu,a51a4b9,ae7f28d9,runs
decoupled,dsp_map,02,180,True,True,20,199,1,2026-09-10T12:52:14.629653+00:00,2026-09-14T12:22:15.523762,cpu,a51a4b9,54f98b5c,runs
decoupled,dsp_map,03,180,True,True,20,199,1,2026-09-10T12:52:28.504240+00:00,2026-09-14T12:22:15.544464,cpu,a51a4b9,5c0f2c21,runs
decoupled,dsp_map,04,180,True,True,20,199,1,2026-09-10T12:51:43.491319+00:00,2026-09-14T12:22:15.571616,cpu,a51a4b9,cffc885c,runs
decoupled,oracle_S,00,180,True,True,20,199,1,2026-09-10T12:51:43.491501+00:00,2026-09-14T12:22:15.689719,cpu,a51a4b9,5a685af5,runs
decoupled,oracle_S,01,180,True,True,20,199,1,2026-09-10T12:51:43.517141+00:00,2026-09-14T12:22:15.709665,cpu,a51a4b9,92c050b9,runs
decoupled,oracle_S,02,180,True,True,20,199,1,2026-09-10T12:53:07.797001+00:00,2026-09-14T12:22:15.727968,cpu,a51a4b9,f0c7cd54,runs
decoupled,oracle_S,03,180,True,True,20,199,1,2026-09-10T12:51:21.791433+00:00,2026-09-14T12:22:15.745743,cpu,a51a4b9,8081272f,runs
decoupled,oracle_S,04,180,True,True,20,199,1,2026-09-10T12:51:38.060070+00:00,2026-09-14T12:22:15.767393,cpu,a51a4b9,73496384,runs
decoupled,product-amplitude,00,180,True,True,20,199,6,2026-09-11T18:36:25.969647+00:00,2026-09-14T12:22:15.881392,NVIDIA H200,a51a4b9,fa7b5dd3,runs
decoupled,product-amplitude,01,180,True,True,20,199,6,2026-09-11T18:52:39.974849+00:00,2026-09-14T12:22:15.942314,NVIDIA H200,a51a4b9,46c9e7cc,runs
decoupled,product-amplitude,02,180,True,True,20,199,6,2026-09-11T19:05:49.184237+00:00,2026-09-14T12:22:15.998051,NVIDIA H200,a51a4b9,89c4fb73,runs
decoupled,product-amplitude,03,180,True,True,20,199,6,2026-09-11T19:05:49.175669+00:00,2026-09-14T12:22:16.049557,NVIDIA H200,a51a4b9,f360e06c,runs
decoupled,product-amplitude,04,180,True,True,20,199,6,2026-09-11T19:05:49.186611+00:00,2026-09-14T12:22:16.101540,NVIDIA H200,a51a4b9,9ab8ff8b,runs
decoupled,product-amplitude_r2d2,00,180,True,True,20,199,0,2026-09-29T03:49:36.022252+00:00,2026-09-29T21:44:07,NVIDIA H200,97eda92,92331dad,runs_r2d2
decoupled,product-amplitude_r2d2,01,180,True,True,20,199,0,2026-09-29T04:10:58.544132+00:00,2026-09-29T21:41:03,NVIDIA H200,97eda92,0d1def5c,runs_r2d2
decoupled,product-amplitude_r2d2,02,180,True,True,20,199,0,2026-09-29T05:25:22.916173+00:00,2026-09-30T00:24:00,NVIDIA H200,97eda92,f2d23dc9,runs_r2d2
decoupled,product-amplitude_r2d2,03,180,True,True,20,199,3,2026-09-30T21:36:19.961139+00:00,2026-10-01T16:46:13,NVIDIA H200,c4d9c38,94bf9ec7,runs_r2d2
decoupled,product-amplitude_r2d2,04,180,True,True,20,199,3,2026-09-30T21:36:19.965989+00:00,2026-10-01T16:46:13,NVIDIA H200,c4d9c38,c530378b,runs_r2d2
decoupled,product-lengthscale,00,180,True,True,20,199,2,2026-09-10T17:04:07.469355+00:00,2026-09-14T12:22:16.442444,NVIDIA A100-SXM4-80GB,a51a4b9,758ca91e,runs
decoupled,product-lengthscale,01,180,True,True,20,199,2,2026-09-10T17:04:07.469340+00:00,2026-09-14T12:22:16.498463,NVIDIA A100-SXM4-80GB,a51a4b9,c9a5f557,runs
decoupled,product-lengthscale,02,180,True,True,20,199,2,2026-09-10T17:14:11.613862+00:00,2026-09-14T12:22:16.550483,NVIDIA H100 80GB HBM3,a51a4b9,f693ea3a,runs
decoupled,product-lengthscale,03,180,True,True,20,199,2,2026-09-10T17:17:35.142977+00:00,2026-09-14T12:22:16.649352,NVIDIA H100 80GB HBM3,a51a4b9,3383a180,runs
decoupled,product-lengthscale,04,180,True,True,20,199,2,2026-09-10T17:21:09.272202+00:00,2026-09-14T12:22:16.701861,NVIDIA A100-SXM4-80GB,a51a4b9,2a27f9f7,runs
decoupled,product-lengthscale_r2d2,00,180,True,True,20,199,3,2026-09-30T21:36:19.969820+00:00,2026-10-01T16:46:13,NVIDIA H200,c4d9c38,94a70973,runs_r2d2
decoupled,product-lengthscale_r2d2,01,180,True,True,20,199,3,2026-09-30T21:36:19.960313+00:00,2026-10-01T16:46:35,NVIDIA H200,c4d9c38,99d73aab,runs_r2d2
decoupled,product-lengthscale_r2d2,02,180,True,True,20,199,3,2026-09-30T21:36:19.974954+00:00,2026-10-01T16:46:35,NVIDIA H200,c4d9c38,5eda1e22,runs_r2d2
decoupled,product-lengthscale_r2d2,03,180,True,True,20,199,3,2026-09-30T21:36:19.960388+00:00,2026-10-01T16:46:35,NVIDIA H200,c4d9c38,e44a5c28,runs_r2d2
decoupled,product-lengthscale_r2d2,04,180,True,True,20,199,3,2026-09-30T21:36:19.966462+00:00,2026-10-01T16:46:35,NVIDIA H200,c4d9c38,833d3147,runs_r2d2
decoupled,sobol,00,180,True,True,20,199,1,2026-09-10T12:51:21.781480+00:00,2026-09-14T12:22:17.022490,cpu,a51a4b9,35a3af12,runs
decoupled,sobol,01,180,True,True,20,199,1,2026-09-10T12:51:22.302382+00:00,2026-09-14T12:22:17.024082,cpu,a51a4b9,5826964c,runs
decoupled,sobol,02,180,True,True,20,199,1,2026-09-10T12:51:41.055279+00:00,2026-09-14T12:22:17.025536,cpu,a51a4b9,6ef434f5,runs
decoupled,sobol,03,180,True,True,20,199,1,2026-09-10T12:52:54.589571+00:00,2026-09-14T12:22:17.027846,cpu,a51a4b9,60bb23cb,runs
decoupled,sobol,04,180,True,True,20,199,1,2026-09-10T12:52:54.578636+00:00,2026-09-14T12:22:17.029435,cpu,a51a4b9,32b03e8d,runs
