family,prior_family,cell,reference,kind,n_seeds,median_diff,mean_diff,n_cell_better,n_ref_better,wilcoxon_stat,p_value,p_holm_within_family_kind
aligned10,HC,product-lengthscale,sobol,cell_vs_ref,5,-2.265031832107326,-2.0860194677382906,5,0,0.0,0.0625,0.75
aligned10,HC,product-lengthscale,dsp_map,cell_vs_ref,5,-0.11880803761254821,-0.23053245032907607,3,2,4.0,0.4375,0.875
aligned10,HC,product-lengthscale,oracle_S,cell_vs_ref,5,0.06605405042358736,-0.0398439057306982,2,3,7.0,1.0,1.0
aligned10,HC,additive-lengthscale,sobol,cell_vs_ref,5,-2.2687018142550968,-2.377736474866842,5,0,0.0,0.0625,0.75
aligned10,HC,additive-lengthscale,dsp_map,cell_vs_ref,5,-0.47577061768963613,-0.5222494574576272,5,0,0.0,0.0625,0.75
aligned10,HC,additive-lengthscale,oracle_S,cell_vs_ref,5,-0.29090852965350056,-0.3315609128592493,5,0,0.0,0.0625,0.75
aligned10,HC,product-amplitude,sobol,cell_vs_ref,5,-2.239328672169525,-2.3386861810004462,5,0,0.0,0.0625,0.75
aligned10,HC,product-amplitude,dsp_map,cell_vs_ref,5,-0.23086317998216987,-0.4831991635912315,4,1,1.0,0.125,0.75
aligned10,HC,product-amplitude,oracle_S,cell_vs_ref,5,-0.3672567338179986,-0.29251061899285363,5,0,0.0,0.0625,0.75
aligned10,HC,additive-amplitude,sobol,cell_vs_ref,5,-2.281003312313239,-2.4308090207026707,5,0,0.0,0.0625,0.75
aligned10,HC,additive-amplitude,dsp_map,cell_vs_ref,5,-0.5091587652065472,-0.5753220032934558,5,0,0.0,0.0625,0.75
aligned10,HC,additive-amplitude,oracle_S,cell_vs_ref,5,-0.3955784788642811,-0.38463345869507803,5,0,0.0,0.0625,0.75
aligned10,HC,product-lengthscale,additive-lengthscale,cell_vs_cell,5,0.2767435747200224,0.29171700712855114,0,5,0.0,0.0625,0.375
aligned10,HC,product-lengthscale,product-amplitude,cell_vs_cell,5,0.11205514236962166,0.25266671326215545,1,4,3.0,0.3125,1.0
aligned10,HC,product-lengthscale,additive-amplitude,cell_vs_cell,5,0.390350727593999,0.3447895529643798,0,5,0.0,0.0625,0.375
aligned10,HC,additive-lengthscale,product-amplitude,cell_vs_cell,5,-0.032932841942179714,-0.03905029386639569,4,1,5.0,0.625,1.0
aligned10,HC,additive-lengthscale,additive-amplitude,cell_vs_cell,5,0.01230149805814218,0.053072545835828676,2,3,5.0,0.625,1.0
aligned10,HC,product-amplitude,additive-amplitude,cell_vs_cell,5,0.028321745046282487,0.09212283970222437,2,3,3.0,0.3125,1.0
decoupled,HC,product-lengthscale,sobol,cell_vs_ref,5,-1.336475597057241,-1.4061064030876982,5,0,0.0,0.0625,0.75
decoupled,HC,product-lengthscale,dsp_map,cell_vs_ref,5,0.2139338575114147,0.15937071790694465,2,3,3.0,0.3125,0.75
decoupled,HC,product-lengthscale,oracle_S,cell_vs_ref,5,0.2638458788585485,0.09837807800555742,2,3,4.0,0.4375,0.75
decoupled,HC,additive-lengthscale,sobol,cell_vs_ref,5,-1.7142482621431054,-1.730840357129442,5,0,0.0,0.0625,0.75
decoupled,HC,additive-lengthscale,dsp_map,cell_vs_ref,5,-0.10670682548683441,-0.1653632361347995,4,1,1.0,0.125,0.75
decoupled,HC,additive-lengthscale,oracle_S,cell_vs_ref,5,-0.18739466067195032,-0.22635587603618673,5,0,0.0,0.0625,0.75
decoupled,HC,product-amplitude,sobol,cell_vs_ref,5,-1.9278785013132866,-1.8117065247665551,5,0,0.0,0.0625,0.75
decoupled,HC,product-amplitude,dsp_map,cell_vs_ref,5,-0.2394494639645175,-0.2462294037719121,4,1,2.0,0.1875,0.75
decoupled,HC,product-amplitude,oracle_S,cell_vs_ref,5,-0.41646531574798695,-0.30722204367329936,4,1,2.0,0.1875,0.75
decoupled,HC,additive-amplitude,sobol,cell_vs_ref,5,-1.9761761099029593,-1.9353812579694516,5,0,0.0,0.0625,0.75
decoupled,HC,additive-amplitude,dsp_map,cell_vs_ref,5,-0.3276341503274782,-0.36990413697480895,4,1,1.0,0.125,0.75
decoupled,HC,additive-amplitude,oracle_S,cell_vs_ref,5,-0.38304039251488664,-0.43089677687619615,5,0,0.0,0.0625,0.75
decoupled,HC,product-lengthscale,additive-lengthscale,cell_vs_cell,5,0.3206406829982491,0.32473395404174416,0,5,0.0,0.0625,0.375
decoupled,HC,product-lengthscale,product-amplitude,cell_vs_cell,5,0.2712688703800543,0.4056001216788568,0,5,0.0,0.0625,0.375
decoupled,HC,product-lengthscale,additive-amplitude,cell_vs_cell,5,0.47860289558362945,0.5292748548817536,0,5,0.0,0.0625,0.375
decoupled,HC,additive-lengthscale,product-amplitude,cell_vs_cell,5,-0.02604634935397776,0.0808661676371126,3,2,7.0,1.0,1.0
decoupled,HC,additive-lengthscale,additive-amplitude,cell_vs_cell,5,0.10083023049776507,0.20454090084000942,0,5,0.0,0.0625,0.375
decoupled,HC,product-amplitude,additive-amplitude,cell_vs_cell,5,0.04829760858967269,0.12367473320289682,1,4,2.0,0.1875,0.375
aligned10,R2D2,product-lengthscale_r2d2,sobol,cell_vs_ref,5,-1.865724696023677,-1.8337758944217843,5,0,0.0,0.0625,0.75
aligned10,R2D2,product-lengthscale_r2d2,dsp_map,cell_vs_ref,5,0.036754849578429116,0.021711122987430543,1,4,5.0,0.625,1.0
aligned10,R2D2,product-lengthscale_r2d2,oracle_S,cell_vs_ref,5,0.048066032855414775,0.21239966758580842,2,3,5.0,0.625,1.0
aligned10,R2D2,additive-lengthscale_r2d2,sobol,cell_vs_ref,5,-2.2654050152340273,-2.272751257338575,5,0,0.0,0.0625,0.75
aligned10,R2D2,additive-lengthscale_r2d2,dsp_map,cell_vs_ref,5,-0.21760798430108075,-0.41726423992936007,4,1,2.0,0.1875,1.0
aligned10,R2D2,additive-lengthscale_r2d2,oracle_S,cell_vs_ref,5,-0.3587406545124896,-0.22657569533098218,4,1,4.0,0.4375,1.0
aligned10,R2D2,product-amplitude_r2d2,sobol,cell_vs_ref,5,-2.1536236516153275,-2.19003388332802,5,0,0.0,0.0625,0.75
aligned10,R2D2,product-amplitude_r2d2,dsp_map,cell_vs_ref,5,-0.42469501077237126,-0.3345468659188052,4,1,1.0,0.125,0.875
aligned10,R2D2,product-amplitude_r2d2,oracle_S,cell_vs_ref,5,-0.2398329227362357,-0.14385832132042733,3,2,5.0,0.625,1.0
aligned10,R2D2,additive-amplitude_r2d2,sobol,cell_vs_ref,5,-2.235465552432295,-2.1569564314906,5,0,0.0,0.0625,0.75
aligned10,R2D2,additive-amplitude_r2d2,dsp_map,cell_vs_ref,5,-0.2458272770211014,-0.30146941408138517,5,0,0.0,0.0625,0.75
aligned10,R2D2,additive-amplitude_r2d2,oracle_S,cell_vs_ref,5,-0.3216748235532032,-0.11078086948300729,3,2,6.0,0.8125,1.0
aligned10,R2D2,product-lengthscale_r2d2,additive-lengthscale_r2d2,cell_vs_cell,5,0.3272901532098196,0.4389753629167906,1,4,2.0,0.1875,0.75
aligned10,R2D2,product-lengthscale_r2d2,product-amplitude_r2d2,cell_vs_cell,5,0.28789895559165046,0.3562579889062357,0,5,0.0,0.0625,0.375
aligned10,R2D2,product-lengthscale_r2d2,additive-amplitude_r2d2,cell_vs_cell,5,0.3059774866553191,0.3231805370688157,0,5,0.0,0.0625,0.375
aligned10,R2D2,additive-lengthscale_r2d2,product-amplitude_r2d2,cell_vs_cell,5,-0.07669582763626259,-0.08271737401055486,4,1,4.0,0.4375,1.0
aligned10,R2D2,additive-lengthscale_r2d2,additive-amplitude_r2d2,cell_vs_cell,5,0.005146073180704924,-0.11579482584797489,2,3,7.0,1.0,1.0
aligned10,R2D2,product-amplitude_r2d2,additive-amplitude_r2d2,cell_vs_cell,5,0.03609334439858625,-0.03307745183742004,2,3,6.0,0.8125,1.0
decoupled,R2D2,product-lengthscale_r2d2,sobol,cell_vs_ref,5,-1.2846216002160555,-1.415331666849676,5,0,0.0,0.0625,0.75
decoupled,R2D2,product-lengthscale_r2d2,dsp_map,cell_vs_ref,5,-0.13433160229730134,0.15014545414496672,3,2,6.0,0.8125,1.0
decoupled,R2D2,product-lengthscale_r2d2,oracle_S,cell_vs_ref,5,0.005868030914490063,0.08915281424357949,2,3,6.0,0.8125,1.0
decoupled,R2D2,additive-lengthscale_r2d2,sobol,cell_vs_ref,5,-1.9054129451998083,-1.6345981410549943,5,0,0.0,0.0625,0.75
decoupled,R2D2,additive-lengthscale_r2d2,dsp_map,cell_vs_ref,5,-0.003228195241674392,-0.06912102006035167,3,2,7.0,1.0,1.0
decoupled,R2D2,additive-lengthscale_r2d2,oracle_S,cell_vs_ref,5,-0.09452891759320314,-0.1301136599617389,4,1,4.0,0.4375,1.0
decoupled,R2D2,product-amplitude_r2d2,sobol,cell_vs_ref,5,-1.9142220214976984,-1.8288003488675546,5,0,0.0,0.0625,0.75
decoupled,R2D2,product-amplitude_r2d2,dsp_map,cell_vs_ref,5,0.05652266343092993,-0.26332322787291185,2,3,6.0,0.8125,1.0
decoupled,R2D2,product-amplitude_r2d2,oracle_S,cell_vs_ref,5,-0.10995278505743089,-0.3243158677742991,4,1,2.0,0.1875,1.0
decoupled,R2D2,additive-amplitude_r2d2,sobol,cell_vs_ref,5,-1.6627070623505418,-1.6278924293032866,5,0,0.0,0.0625,0.75
decoupled,R2D2,additive-amplitude_r2d2,dsp_map,cell_vs_ref,5,0.04333257950449809,-0.06241530830864388,2,3,6.0,0.8125,1.0
decoupled,R2D2,additive-amplitude_r2d2,oracle_S,cell_vs_ref,5,-0.13368327227897137,-0.12340794821003112,3,2,5.0,0.625,1.0
decoupled,R2D2,product-lengthscale_r2d2,additive-lengthscale_r2d2,cell_vs_cell,5,-0.11121306792541041,0.2192664742053184,3,2,6.0,0.8125,1.0
decoupled,R2D2,product-lengthscale_r2d2,product-amplitude_r2d2,cell_vs_cell,5,0.31869559167738704,0.41346868201787856,2,3,3.0,0.3125,1.0
decoupled,R2D2,product-lengthscale_r2d2,additive-amplitude_r2d2,cell_vs_cell,5,0.28493393739164485,0.2125607624536106,2,3,3.0,0.3125,1.0
decoupled,R2D2,additive-lengthscale_r2d2,product-amplitude_r2d2,cell_vs_cell,5,0.015423867464227747,0.19420220781256017,1,4,3.0,0.3125,1.0
decoupled,R2D2,additive-lengthscale_r2d2,additive-amplitude_r2d2,cell_vs_cell,5,-0.10244149222734755,-0.006705711751707799,3,2,6.0,0.8125,1.0
decoupled,R2D2,product-amplitude_r2d2,additive-amplitude_r2d2,cell_vs_cell,5,-0.03376165428574218,-0.20090791956426796,4,1,2.0,0.1875,1.0
