family,method,t,n,r2d2_r2_median,first_order_r2_median
aligned10,product-amplitude,20,5,0.3484754883305343,0.6732515263231437
aligned10,additive-amplitude,20,5,0.534040408453436,0.9460455741591134
aligned10,product-amplitude_r2d2,20,5,0.35891182108466724,0.6557389572232317
aligned10,additive-amplitude_r2d2,20,5,0.4789484451217615,0.9704967920561369
aligned10,product-amplitude,25,5,0.24131281742973987,0.7595648183054085
aligned10,additive-amplitude,25,5,0.31231209253451486,0.9412789548331852
aligned10,product-amplitude_r2d2,25,5,0.23864424279584368,0.7538982930916305
aligned10,additive-amplitude_r2d2,25,5,0.283506631970296,0.9629735566057676
aligned10,product-amplitude,50,5,0.15067579730821415,0.89825928163808
aligned10,additive-amplitude,50,5,0.19756107989179697,0.9743415735478405
aligned10,product-amplitude_r2d2,50,5,0.13966294367160428,0.8906820672935262
aligned10,additive-amplitude_r2d2,50,5,0.15924228455400458,0.9666830864058183
aligned10,product-amplitude,75,5,0.12390682771304892,0.9302305619931333
aligned10,additive-amplitude,75,5,0.16053294772502436,0.9941035609378466
aligned10,product-amplitude_r2d2,75,5,0.12394272203646609,0.9182465083261449
aligned10,additive-amplitude_r2d2,75,5,0.14045039114787455,0.9862345911184085
aligned10,product-amplitude,100,5,0.11951393485112874,0.9323021685794115
aligned10,additive-amplitude,100,5,0.19369092486402428,0.9920831315190499
aligned10,product-amplitude_r2d2,100,5,0.11447077635294933,0.9208451271907871
aligned10,additive-amplitude_r2d2,100,5,0.12979475345442876,0.9841821051168549
aligned10,product-amplitude,125,5,0.13379479043979825,0.9217681996933316
aligned10,additive-amplitude,125,5,0.18248316901173064,0.9889050125099415
aligned10,product-amplitude_r2d2,125,5,0.10738593460306733,0.9210588518708984
aligned10,additive-amplitude_r2d2,125,5,0.12595603513388604,0.9766044313165779
aligned10,product-amplitude,150,5,0.1366118660926055,0.9205366464584458
aligned10,additive-amplitude,150,5,0.2037934609375457,0.9884729871158631
aligned10,product-amplitude_r2d2,150,5,0.1111569283027049,0.919386493509891
aligned10,additive-amplitude_r2d2,150,5,0.13150592925289056,0.9762629066253206
aligned10,product-amplitude,175,5,0.1484317962983943,0.9122173838230982
aligned10,additive-amplitude,175,5,0.2102807761092741,0.9904811896587515
aligned10,product-amplitude_r2d2,175,5,0.11560986531793732,0.9198668984464242
aligned10,additive-amplitude_r2d2,175,5,0.13440928219915155,0.9790145754000342
aligned10,product-amplitude,199,5,0.1618920475829817,0.9134034778167708
aligned10,additive-amplitude,199,5,0.2898826665761035,0.9923216277257494
aligned10,product-amplitude_r2d2,199,5,0.12126793300232289,0.91594614989842
aligned10,additive-amplitude_r2d2,199,5,0.137240031510284,0.9803611344678609
decoupled,product-amplitude,20,5,0.4355823864019813,0.6339846558970412
decoupled,additive-amplitude,20,5,0.5433481138060408,0.9575404615603402
decoupled,product-amplitude_r2d2,20,5,0.4146490733746011,0.6328625535085669
decoupled,additive-amplitude_r2d2,20,5,0.47742384575365887,0.9231401325279641
decoupled,product-amplitude,25,5,0.32800230458047447,0.6993470679087483
decoupled,additive-amplitude,25,5,0.32665598163058096,0.9039176969358131
decoupled,product-amplitude_r2d2,25,5,0.3263390842242315,0.6955431398427363
decoupled,additive-amplitude_r2d2,25,5,0.3263621909814072,0.8376955661517949
decoupled,product-amplitude,50,5,0.20447610549442455,0.9095124644977581
decoupled,additive-amplitude,50,5,0.2698401136502002,0.9274490506234878
decoupled,product-amplitude_r2d2,50,5,0.16990447197524877,0.7895980531035331
decoupled,additive-amplitude_r2d2,50,5,0.2272444185127303,0.9218352321336232
decoupled,product-amplitude,75,5,0.1445558333427801,0.9225780293137342
decoupled,additive-amplitude,75,5,0.2076201419100807,0.9795152900755866
decoupled,product-amplitude_r2d2,75,5,0.16306967758817548,0.8791947595316385
decoupled,additive-amplitude_r2d2,75,5,0.19272592769152108,0.9740552329252047
decoupled,product-amplitude,100,5,0.1724781697119342,0.9058912815253672
decoupled,additive-amplitude,100,5,0.20411941979420628,0.9882652717414167
decoupled,product-amplitude_r2d2,100,5,0.13801201018516707,0.9075571681019823
decoupled,additive-amplitude_r2d2,100,5,0.1381349298698634,0.9778394349835138
decoupled,product-amplitude,125,5,0.1663578338783467,0.905428554003112
decoupled,additive-amplitude,125,5,0.2309381552241051,0.987030107672628
decoupled,product-amplitude_r2d2,125,5,0.13185366154920933,0.9047219875023406
decoupled,additive-amplitude_r2d2,125,5,0.15267193157151002,0.9770277321706677
decoupled,product-amplitude,150,5,0.18651211400365447,0.9081452615988519
decoupled,additive-amplitude,150,5,0.2953226434946607,0.9920409884956952
decoupled,product-amplitude_r2d2,150,5,0.12462694180387376,0.9068632958275802
decoupled,additive-amplitude_r2d2,150,5,0.13859725480827367,0.9716114531874329
decoupled,product-amplitude,175,5,0.19702509663193576,0.8947001893288784
decoupled,additive-amplitude,175,5,0.25075565636679853,0.9899123998605137
decoupled,product-amplitude_r2d2,175,5,0.12391311195273584,0.9033082372666035
decoupled,additive-amplitude_r2d2,175,5,0.1436035015269298,0.9741181411564069
decoupled,product-amplitude,199,5,0.2032487923221282,0.8965788964197876
decoupled,additive-amplitude,199,5,0.2927819314601394,0.9891722283135198
decoupled,product-amplitude_r2d2,199,5,0.13846974501952122,0.9001487040905698
decoupled,additive-amplitude_r2d2,199,5,0.15826354670280712,0.9733882023618688
