family,method,seed,rows_180,no_dup_t,t_contiguous,regret_nonincreasing,best_f_nondecreasing,best_f_ge_cummax_f,regret_eq_fstar_minus_bestf,regret_nonnegative,log_resumes_eq_manifest,log_t_set_eq_csv,manifest_method_eq_dir,f_star,y_mean_t20,y_std_t20,S
aligned10,product-lengthscale,00,True,True,True,True,True,True,True,True,True,True,True,5.1397204053104835,-0.03527217295098728,0.9796779386794547,"(9, 39, 41, 46, 50, 62, 66, 76, 87, 91)"
aligned10,product-lengthscale,01,True,True,True,True,True,True,True,True,True,True,True,5.82365626979005,-0.021875704932969586,1.1242728116174554,"(1, 19, 21, 25, 30, 33, 39, 48, 54, 72)"
aligned10,product-lengthscale,02,True,True,True,True,True,True,True,True,True,True,True,4.828414420426992,0.04823477702130772,1.2419639988870963,"(1, 11, 17, 33, 37, 48, 71, 76, 77, 79)"
aligned10,product-lengthscale,03,True,True,True,True,True,True,True,True,True,True,True,5.3421798135448695,0.09906941828054426,1.4128044299319609,"(9, 14, 18, 27, 29, 38, 41, 59, 67, 82)"
aligned10,product-lengthscale,04,True,True,True,True,True,True,True,True,True,True,True,5.915705687492497,0.025124326212926006,1.0421429322171472,"(5, 8, 14, 16, 26, 38, 45, 56, 73, 97)"
aligned10,additive-lengthscale,00,True,True,True,True,True,True,True,True,True,True,True,5.1397204053104835,-0.03527217295098728,0.9796779386794547,"(9, 39, 41, 46, 50, 62, 66, 76, 87, 91)"
aligned10,additive-lengthscale,01,True,True,True,True,True,True,True,True,True,True,True,5.82365626979005,-0.021875704932969586,1.1242728116174554,"(1, 19, 21, 25, 30, 33, 39, 48, 54, 72)"
aligned10,additive-lengthscale,02,True,True,True,True,True,True,True,True,True,True,True,4.828414420426992,0.04823477702130772,1.2419639988870963,"(1, 11, 17, 33, 37, 48, 71, 76, 77, 79)"
aligned10,additive-lengthscale,03,True,True,True,True,True,True,True,True,True,True,True,5.3421798135448695,0.09906941828054426,1.4128044299319609,"(9, 14, 18, 27, 29, 38, 41, 59, 67, 82)"
aligned10,additive-lengthscale,04,True,True,True,True,True,True,True,True,True,True,True,5.915705687492497,0.025124326212926006,1.0421429322171472,"(5, 8, 14, 16, 26, 38, 45, 56, 73, 97)"
aligned10,product-amplitude,00,True,True,True,True,True,True,True,True,True,True,True,5.1397204053104835,-0.03527217295098728,0.9796779386794547,"(9, 39, 41, 46, 50, 62, 66, 76, 87, 91)"
aligned10,product-amplitude,01,True,True,True,True,True,True,True,True,True,True,True,5.82365626979005,-0.021875704932969586,1.1242728116174554,"(1, 19, 21, 25, 30, 33, 39, 48, 54, 72)"
aligned10,product-amplitude,02,True,True,True,True,True,True,True,True,True,True,True,4.828414420426992,0.04823477702130772,1.2419639988870963,"(1, 11, 17, 33, 37, 48, 71, 76, 77, 79)"
aligned10,product-amplitude,03,True,True,True,True,True,True,True,True,True,True,True,5.3421798135448695,0.09906941828054426,1.4128044299319609,"(9, 14, 18, 27, 29, 38, 41, 59, 67, 82)"
aligned10,product-amplitude,04,True,True,True,True,True,True,True,True,True,True,True,5.915705687492497,0.025124326212926006,1.0421429322171472,"(5, 8, 14, 16, 26, 38, 45, 56, 73, 97)"
aligned10,additive-amplitude,00,True,True,True,True,True,True,True,True,True,True,True,5.1397204053104835,-0.03527217295098728,0.9796779386794547,"(9, 39, 41, 46, 50, 62, 66, 76, 87, 91)"
aligned10,additive-amplitude,01,True,True,True,True,True,True,True,True,True,True,True,5.82365626979005,-0.021875704932969586,1.1242728116174554,"(1, 19, 21, 25, 30, 33, 39, 48, 54, 72)"
aligned10,additive-amplitude,02,True,True,True,True,True,True,True,True,True,True,True,4.828414420426992,0.04823477702130772,1.2419639988870963,"(1, 11, 17, 33, 37, 48, 71, 76, 77, 79)"
aligned10,additive-amplitude,03,True,True,True,True,True,True,True,True,True,True,True,5.3421798135448695,0.09906941828054426,1.4128044299319609,"(9, 14, 18, 27, 29, 38, 41, 59, 67, 82)"
aligned10,additive-amplitude,04,True,True,True,True,True,True,True,True,True,True,True,5.915705687492497,0.025124326212926006,1.0421429322171472,"(5, 8, 14, 16, 26, 38, 45, 56, 73, 97)"
aligned10,product-lengthscale_r2d2,00,True,True,True,True,True,True,True,True,True,True,True,5.1397204053104835,-0.03527217295098728,0.9796779386794547,"(9, 39, 41, 46, 50, 62, 66, 76, 87, 91)"
aligned10,product-lengthscale_r2d2,01,True,True,True,True,True,True,True,True,True,True,True,5.82365626979005,-0.021875704932969586,1.1242728116174554,"(1, 19, 21, 25, 30, 33, 39, 48, 54, 72)"
aligned10,product-lengthscale_r2d2,02,True,True,True,True,True,True,True,True,True,True,True,4.828414420426992,0.04823477702130772,1.2419639988870963,"(1, 11, 17, 33, 37, 48, 71, 76, 77, 79)"
aligned10,product-lengthscale_r2d2,03,True,True,True,True,True,True,True,True,True,True,True,5.3421798135448695,0.09906941828054426,1.4128044299319609,"(9, 14, 18, 27, 29, 38, 41, 59, 67, 82)"
aligned10,product-lengthscale_r2d2,04,True,True,True,True,True,True,True,True,True,True,True,5.915705687492497,0.025124326212926006,1.0421429322171472,"(5, 8, 14, 16, 26, 38, 45, 56, 73, 97)"
aligned10,additive-lengthscale_r2d2,00,True,True,True,True,True,True,True,True,True,True,True,5.1397204053104835,-0.03527217295098728,0.9796779386794547,"(9, 39, 41, 46, 50, 62, 66, 76, 87, 91)"
aligned10,additive-lengthscale_r2d2,01,True,True,True,True,True,True,True,True,True,True,True,5.82365626979005,-0.021875704932969586,1.1242728116174554,"(1, 19, 21, 25, 30, 33, 39, 48, 54, 72)"
aligned10,additive-lengthscale_r2d2,02,True,True,True,True,True,True,True,True,True,True,True,4.828414420426992,0.04823477702130772,1.2419639988870963,"(1, 11, 17, 33, 37, 48, 71, 76, 77, 79)"
aligned10,additive-lengthscale_r2d2,03,True,True,True,True,True,True,True,True,True,True,True,5.3421798135448695,0.09906941828054426,1.4128044299319609,"(9, 14, 18, 27, 29, 38, 41, 59, 67, 82)"
aligned10,additive-lengthscale_r2d2,04,True,True,True,True,True,True,True,True,True,True,True,5.915705687492497,0.025124326212926006,1.0421429322171472,"(5, 8, 14, 16, 26, 38, 45, 56, 73, 97)"
aligned10,product-amplitude_r2d2,00,True,True,True,True,True,True,True,True,True,True,True,5.1397204053104835,-0.03527217295098728,0.9796779386794547,"(9, 39, 41, 46, 50, 62, 66, 76, 87, 91)"
aligned10,product-amplitude_r2d2,01,True,True,True,True,True,True,True,True,True,True,True,5.82365626979005,-0.021875704932969586,1.1242728116174554,"(1, 19, 21, 25, 30, 33, 39, 48, 54, 72)"
aligned10,product-amplitude_r2d2,02,True,True,True,True,True,True,True,True,True,True,True,4.828414420426992,0.04823477702130772,1.2419639988870963,"(1, 11, 17, 33, 37, 48, 71, 76, 77, 79)"
aligned10,product-amplitude_r2d2,03,True,True,True,True,True,True,True,True,True,True,True,5.3421798135448695,0.09906941828054426,1.4128044299319609,"(9, 14, 18, 27, 29, 38, 41, 59, 67, 82)"
aligned10,product-amplitude_r2d2,04,True,True,True,True,True,True,True,True,True,True,True,5.915705687492497,0.025124326212926006,1.0421429322171472,"(5, 8, 14, 16, 26, 38, 45, 56, 73, 97)"
aligned10,additive-amplitude_r2d2,00,True,True,True,True,True,True,True,True,True,True,True,5.1397204053104835,-0.03527217295098728,0.9796779386794547,"(9, 39, 41, 46, 50, 62, 66, 76, 87, 91)"
aligned10,additive-amplitude_r2d2,01,True,True,True,True,True,True,True,True,True,True,True,5.82365626979005,-0.021875704932969586,1.1242728116174554,"(1, 19, 21, 25, 30, 33, 39, 48, 54, 72)"
aligned10,additive-amplitude_r2d2,02,True,True,True,True,True,True,True,True,True,True,True,4.828414420426992,0.04823477702130772,1.2419639988870963,"(1, 11, 17, 33, 37, 48, 71, 76, 77, 79)"
aligned10,additive-amplitude_r2d2,03,True,True,True,True,True,True,True,True,True,True,True,5.3421798135448695,0.09906941828054426,1.4128044299319609,"(9, 14, 18, 27, 29, 38, 41, 59, 67, 82)"
aligned10,additive-amplitude_r2d2,04,True,True,True,True,True,True,True,True,True,True,True,5.915705687492497,0.025124326212926006,1.0421429322171472,"(5, 8, 14, 16, 26, 38, 45, 56, 73, 97)"
aligned10,sobol,00,True,True,True,True,True,True,True,True,True,True,True,5.1397204053104835,-0.03527217295098728,0.9796779386794547,"(9, 39, 41, 46, 50, 62, 66, 76, 87, 91)"
aligned10,sobol,01,True,True,True,True,True,True,True,True,True,True,True,5.82365626979005,-0.021875704932969586,1.1242728116174554,"(1, 19, 21, 25, 30, 33, 39, 48, 54, 72)"
aligned10,sobol,02,True,True,True,True,True,True,True,True,True,True,True,4.828414420426992,0.04823477702130772,1.2419639988870963,"(1, 11, 17, 33, 37, 48, 71, 76, 77, 79)"
aligned10,sobol,03,True,True,True,True,True,True,True,True,True,True,True,5.3421798135448695,0.09906941828054426,1.4128044299319609,"(9, 14, 18, 27, 29, 38, 41, 59, 67, 82)"
aligned10,sobol,04,True,True,True,True,True,True,True,True,True,True,True,5.915705687492497,0.025124326212926006,1.0421429322171472,"(5, 8, 14, 16, 26, 38, 45, 56, 73, 97)"
aligned10,dsp_map,00,True,True,True,True,True,True,True,True,True,True,True,5.1397204053104835,-0.03527217295098728,0.9796779386794547,"(9, 39, 41, 46, 50, 62, 66, 76, 87, 91)"
aligned10,dsp_map,01,True,True,True,True,True,True,True,True,True,True,True,5.82365626979005,-0.021875704932969586,1.1242728116174554,"(1, 19, 21, 25, 30, 33, 39, 48, 54, 72)"
aligned10,dsp_map,02,True,True,True,True,True,True,True,True,True,True,True,4.828414420426992,0.04823477702130772,1.2419639988870963,"(1, 11, 17, 33, 37, 48, 71, 76, 77, 79)"
aligned10,dsp_map,03,True,True,True,True,True,True,True,True,True,True,True,5.3421798135448695,0.09906941828054426,1.4128044299319609,"(9, 14, 18, 27, 29, 38, 41, 59, 67, 82)"
aligned10,dsp_map,04,True,True,True,True,True,True,True,True,True,True,True,5.915705687492497,0.025124326212926006,1.0421429322171472,"(5, 8, 14, 16, 26, 38, 45, 56, 73, 97)"
aligned10,oracle_S,00,True,True,True,True,True,True,True,True,True,True,True,5.1397204053104835,-0.03527217295098728,0.9796779386794547,"(9, 39, 41, 46, 50, 62, 66, 76, 87, 91)"
aligned10,oracle_S,01,True,True,True,True,True,True,True,True,True,True,True,5.82365626979005,-0.021875704932969586,1.1242728116174554,"(1, 19, 21, 25, 30, 33, 39, 48, 54, 72)"
aligned10,oracle_S,02,True,True,True,True,True,True,True,True,True,True,True,4.828414420426992,0.04823477702130772,1.2419639988870963,"(1, 11, 17, 33, 37, 48, 71, 76, 77, 79)"
aligned10,oracle_S,03,True,True,True,True,True,True,True,True,True,True,True,5.3421798135448695,0.09906941828054426,1.4128044299319609,"(9, 14, 18, 27, 29, 38, 41, 59, 67, 82)"
aligned10,oracle_S,04,True,True,True,True,True,True,True,True,True,True,True,5.915705687492497,0.025124326212926006,1.0421429322171472,"(5, 8, 14, 16, 26, 38, 45, 56, 73, 97)"
decoupled,product-lengthscale,00,True,True,True,True,True,True,True,True,True,True,True,4.506253847397308,-0.0004964385318515785,0.9505778120210949,"(9, 41, 50, 62, 66, 76, 87, 91)"
decoupled,product-lengthscale,01,True,True,True,True,True,True,True,True,True,True,True,4.111744794445534,0.01867119759775886,1.367272650686939,"(1, 19, 21, 33, 39, 48, 54, 72)"
decoupled,product-lengthscale,02,True,True,True,True,True,True,True,True,True,True,True,4.9363132505824305,0.003326429695033839,0.9072485914262299,"(1, 17, 33, 37, 48, 76, 77, 79)"
decoupled,product-lengthscale,03,True,True,True,True,True,True,True,True,True,True,True,4.385086978658247,0.08988051613028666,0.7993255860533536,"(14, 18, 27, 29, 38, 59, 67, 82)"
decoupled,product-lengthscale,04,True,True,True,True,True,True,True,True,True,True,True,5.240515119773208,-0.009412407684519498,0.7235888214085026,"(5, 8, 14, 16, 38, 45, 73, 97)"
decoupled,additive-lengthscale,00,True,True,True,True,True,True,True,True,True,True,True,4.506253847397308,-0.0004964385318515785,0.9505778120210949,"(9, 41, 50, 62, 66, 76, 87, 91)"
decoupled,additive-lengthscale,01,True,True,True,True,True,True,True,True,True,True,True,4.111744794445534,0.01867119759775886,1.367272650686939,"(1, 19, 21, 33, 39, 48, 54, 72)"
decoupled,additive-lengthscale,02,True,True,True,True,True,True,True,True,True,True,True,4.9363132505824305,0.003326429695033839,0.9072485914262299,"(1, 17, 33, 37, 48, 76, 77, 79)"
decoupled,additive-lengthscale,03,True,True,True,True,True,True,True,True,True,True,True,4.385086978658247,0.08988051613028666,0.7993255860533536,"(14, 18, 27, 29, 38, 59, 67, 82)"
decoupled,additive-lengthscale,04,True,True,True,True,True,True,True,True,True,True,True,5.240515119773208,-0.009412407684519498,0.7235888214085026,"(5, 8, 14, 16, 38, 45, 73, 97)"
decoupled,product-amplitude,00,True,True,True,True,True,True,True,True,True,True,True,4.506253847397308,-0.0004964385318515785,0.9505778120210949,"(9, 41, 50, 62, 66, 76, 87, 91)"
decoupled,product-amplitude,01,True,True,True,True,True,True,True,True,True,True,True,4.111744794445534,0.01867119759775886,1.367272650686939,"(1, 19, 21, 33, 39, 48, 54, 72)"
decoupled,product-amplitude,02,True,True,True,True,True,True,True,True,True,True,True,4.9363132505824305,0.003326429695033839,0.9072485914262299,"(1, 17, 33, 37, 48, 76, 77, 79)"
decoupled,product-amplitude,03,True,True,True,True,True,True,True,True,True,True,True,4.385086978658247,0.08988051613028666,0.7993255860533536,"(14, 18, 27, 29, 38, 59, 67, 82)"
decoupled,product-amplitude,04,True,True,True,True,True,True,True,True,True,True,True,5.240515119773208,-0.009412407684519498,0.7235888214085026,"(5, 8, 14, 16, 38, 45, 73, 97)"
decoupled,additive-amplitude,00,True,True,True,True,True,True,True,True,True,True,True,4.506253847397308,-0.0004964385318515785,0.9505778120210949,"(9, 41, 50, 62, 66, 76, 87, 91)"
decoupled,additive-amplitude,01,True,True,True,True,True,True,True,True,True,True,True,4.111744794445534,0.01867119759775886,1.367272650686939,"(1, 19, 21, 33, 39, 48, 54, 72)"
decoupled,additive-amplitude,02,True,True,True,True,True,True,True,True,True,True,True,4.9363132505824305,0.003326429695033839,0.9072485914262299,"(1, 17, 33, 37, 48, 76, 77, 79)"
decoupled,additive-amplitude,03,True,True,True,True,True,True,True,True,True,True,True,4.385086978658247,0.08988051613028666,0.7993255860533536,"(14, 18, 27, 29, 38, 59, 67, 82)"
decoupled,additive-amplitude,04,True,True,True,True,True,True,True,True,True,True,True,5.240515119773208,-0.009412407684519498,0.7235888214085026,"(5, 8, 14, 16, 38, 45, 73, 97)"
decoupled,product-lengthscale_r2d2,00,True,True,True,True,True,True,True,True,True,True,True,4.506253847397308,-0.0004964385318515785,0.9505778120210949,"(9, 41, 50, 62, 66, 76, 87, 91)"
decoupled,product-lengthscale_r2d2,01,True,True,True,True,True,True,True,True,True,True,True,4.111744794445534,0.01867119759775886,1.367272650686939,"(1, 19, 21, 33, 39, 48, 54, 72)"
decoupled,product-lengthscale_r2d2,02,True,True,True,True,True,True,True,True,True,True,True,4.9363132505824305,0.003326429695033839,0.9072485914262299,"(1, 17, 33, 37, 48, 76, 77, 79)"
decoupled,product-lengthscale_r2d2,03,True,True,True,True,True,True,True,True,True,True,True,4.385086978658247,0.08988051613028666,0.7993255860533536,"(14, 18, 27, 29, 38, 59, 67, 82)"
decoupled,product-lengthscale_r2d2,04,True,True,True,True,True,True,True,True,True,True,True,5.240515119773208,-0.009412407684519498,0.7235888214085026,"(5, 8, 14, 16, 38, 45, 73, 97)"
decoupled,additive-lengthscale_r2d2,00,True,True,True,True,True,True,True,True,True,True,True,4.506253847397308,-0.0004964385318515785,0.9505778120210949,"(9, 41, 50, 62, 66, 76, 87, 91)"
decoupled,additive-lengthscale_r2d2,01,True,True,True,True,True,True,True,True,True,True,True,4.111744794445534,0.01867119759775886,1.367272650686939,"(1, 19, 21, 33, 39, 48, 54, 72)"
decoupled,additive-lengthscale_r2d2,02,True,True,True,True,True,True,True,True,True,True,True,4.9363132505824305,0.003326429695033839,0.9072485914262299,"(1, 17, 33, 37, 48, 76, 77, 79)"
decoupled,additive-lengthscale_r2d2,03,True,True,True,True,True,True,True,True,True,True,True,4.385086978658247,0.08988051613028666,0.7993255860533536,"(14, 18, 27, 29, 38, 59, 67, 82)"
decoupled,additive-lengthscale_r2d2,04,True,True,True,True,True,True,True,True,True,True,True,5.240515119773208,-0.009412407684519498,0.7235888214085026,"(5, 8, 14, 16, 38, 45, 73, 97)"
decoupled,product-amplitude_r2d2,00,True,True,True,True,True,True,True,True,True,True,True,4.506253847397308,-0.0004964385318515785,0.9505778120210949,"(9, 41, 50, 62, 66, 76, 87, 91)"
decoupled,product-amplitude_r2d2,01,True,True,True,True,True,True,True,True,True,True,True,4.111744794445534,0.01867119759775886,1.367272650686939,"(1, 19, 21, 33, 39, 48, 54, 72)"
decoupled,product-amplitude_r2d2,02,True,True,True,True,True,True,True,True,True,True,True,4.9363132505824305,0.003326429695033839,0.9072485914262299,"(1, 17, 33, 37, 48, 76, 77, 79)"
decoupled,product-amplitude_r2d2,03,True,True,True,True,True,True,True,True,True,True,True,4.385086978658247,0.08988051613028666,0.7993255860533536,"(14, 18, 27, 29, 38, 59, 67, 82)"
decoupled,product-amplitude_r2d2,04,True,True,True,True,True,True,True,True,True,True,True,5.240515119773208,-0.009412407684519498,0.7235888214085026,"(5, 8, 14, 16, 38, 45, 73, 97)"
decoupled,additive-amplitude_r2d2,00,True,True,True,True,True,True,True,True,True,True,True,4.506253847397308,-0.0004964385318515785,0.9505778120210949,"(9, 41, 50, 62, 66, 76, 87, 91)"
decoupled,additive-amplitude_r2d2,01,True,True,True,True,True,True,True,True,True,True,True,4.111744794445534,0.01867119759775886,1.367272650686939,"(1, 19, 21, 33, 39, 48, 54, 72)"
decoupled,additive-amplitude_r2d2,02,True,True,True,True,True,True,True,True,True,True,True,4.9363132505824305,0.003326429695033839,0.9072485914262299,"(1, 17, 33, 37, 48, 76, 77, 79)"
decoupled,additive-amplitude_r2d2,03,True,True,True,True,True,True,True,True,True,True,True,4.385086978658247,0.08988051613028666,0.7993255860533536,"(14, 18, 27, 29, 38, 59, 67, 82)"
decoupled,additive-amplitude_r2d2,04,True,True,True,True,True,True,True,True,True,True,True,5.240515119773208,-0.009412407684519498,0.7235888214085026,"(5, 8, 14, 16, 38, 45, 73, 97)"
decoupled,sobol,00,True,True,True,True,True,True,True,True,True,True,True,4.506253847397308,-0.0004964385318515785,0.9505778120210949,"(9, 41, 50, 62, 66, 76, 87, 91)"
decoupled,sobol,01,True,True,True,True,True,True,True,True,True,True,True,4.111744794445534,0.01867119759775886,1.367272650686939,"(1, 19, 21, 33, 39, 48, 54, 72)"
decoupled,sobol,02,True,True,True,True,True,True,True,True,True,True,True,4.9363132505824305,0.003326429695033839,0.9072485914262299,"(1, 17, 33, 37, 48, 76, 77, 79)"
decoupled,sobol,03,True,True,True,True,True,True,True,True,True,True,True,4.385086978658247,0.08988051613028666,0.7993255860533536,"(14, 18, 27, 29, 38, 59, 67, 82)"
decoupled,sobol,04,True,True,True,True,True,True,True,True,True,True,True,5.240515119773208,-0.009412407684519498,0.7235888214085026,"(5, 8, 14, 16, 38, 45, 73, 97)"
decoupled,dsp_map,00,True,True,True,True,True,True,True,True,True,True,True,4.506253847397308,-0.0004964385318515785,0.9505778120210949,"(9, 41, 50, 62, 66, 76, 87, 91)"
decoupled,dsp_map,01,True,True,True,True,True,True,True,True,True,True,True,4.111744794445534,0.01867119759775886,1.367272650686939,"(1, 19, 21, 33, 39, 48, 54, 72)"
decoupled,dsp_map,02,True,True,True,True,True,True,True,True,True,True,True,4.9363132505824305,0.003326429695033839,0.9072485914262299,"(1, 17, 33, 37, 48, 76, 77, 79)"
decoupled,dsp_map,03,True,True,True,True,True,True,True,True,True,True,True,4.385086978658247,0.08988051613028666,0.7993255860533536,"(14, 18, 27, 29, 38, 59, 67, 82)"
decoupled,dsp_map,04,True,True,True,True,True,True,True,True,True,True,True,5.240515119773208,-0.009412407684519498,0.7235888214085026,"(5, 8, 14, 16, 38, 45, 73, 97)"
decoupled,oracle_S,00,True,True,True,True,True,True,True,True,True,True,True,4.506253847397308,-0.0004964385318515785,0.9505778120210949,"(9, 41, 50, 62, 66, 76, 87, 91)"
decoupled,oracle_S,01,True,True,True,True,True,True,True,True,True,True,True,4.111744794445534,0.01867119759775886,1.367272650686939,"(1, 19, 21, 33, 39, 48, 54, 72)"
decoupled,oracle_S,02,True,True,True,True,True,True,True,True,True,True,True,4.9363132505824305,0.003326429695033839,0.9072485914262299,"(1, 17, 33, 37, 48, 76, 77, 79)"
decoupled,oracle_S,03,True,True,True,True,True,True,True,True,True,True,True,4.385086978658247,0.08988051613028666,0.7993255860533536,"(14, 18, 27, 29, 38, 59, 67, 82)"
decoupled,oracle_S,04,True,True,True,True,True,True,True,True,True,True,True,5.240515119773208,-0.009412407684519498,0.7235888214085026,"(5, 8, 14, 16, 38, 45, 73, 97)"
