method,family,n_iter,gate_excluded,exception_rows,ok,r_hat_max_median,r_hat_max_q90,n_eff_min_median,n_eff_min_q10,divergences_mean,fit_calls_mean,nuts_attempts_mean,gate_excluded_rate
product-lengthscale,anti_aligned,1800,861,0,939,1.0892166434000812,1.2826237796548603,26.193572512993587,7.979537338900087,0.15722222222222224,1.0,1.0,0.47833333333333333
product-lengthscale,interaction_g0.00,1800,848,0,952,1.0875312321482848,1.388840294916947,26.360911929397304,5.856688793324177,0.1288888888888889,1.0,1.0,0.4711111111111111
product-lengthscale,interaction_g0.50,1800,933,0,867,1.0976268532671392,1.4431839338633818,21.94415365936716,5.433942584984369,0.04055555555555555,1.0,1.0,0.5183333333333333
product-lengthscale,interaction_g0.75,1800,923,0,877,1.0963197946584402,1.4539562304028597,24.232949631340414,5.148075653867649,0.3794444444444444,1.0,1.0,0.5127777777777778
additive-lengthscale,anti_aligned,1800,1088,0,712,1.1172366870266872,1.4214330807309892,18.28755281034269,5.373874482388427,0.10222222222222223,1.0,1.0,0.6044444444444445
additive-lengthscale,interaction_g0.00,1800,815,0,985,1.0862925339320697,1.2819187614984309,28.02516389116716,7.810822733957082,0.06111111111111111,1.0,1.0,0.4527777777777778
additive-lengthscale,interaction_g0.50,1800,1251,0,549,1.1598105977933704,2.066003241860356,11.879424807074141,3.3875450563235967,0.23166666666666666,1.0,1.0,0.695
additive-lengthscale,interaction_g0.75,1800,1177,0,623,1.152572409629647,2.143883809458032,13.038407803619142,3.2960206722140333,0.7694444444444445,1.0,1.0,0.6538888888888889
product-amplitude,anti_aligned,1800,1800,0,0,1.4830069290453287,1.67245611840698,6.199392581032022,4.852739909754414,0.0,1.0,1.0,1.0
product-amplitude,interaction_g0.00,1800,1800,0,0,1.4812132045466992,1.667053703044886,6.160267735416257,4.883280985142817,0.0,1.0,1.0,1.0
product-amplitude,interaction_g0.50,1800,1800,0,0,1.4872261995950002,1.6804210846830547,6.112850745349144,4.753967587255838,0.0011111111111111111,1.0,1.0,1.0
product-amplitude,interaction_g0.75,1800,1800,0,0,1.4857252526354117,1.692236356916178,6.125243023284144,4.823451016559998,0.4888888888888889,1.0,1.0,1.0
additive-amplitude,anti_aligned,1800,1800,0,0,1.5031101782207785,1.7497540967315972,5.936022043660325,4.5158973073972435,0.0,1.0,1.0,1.0
additive-amplitude,interaction_g0.00,1800,1800,0,0,1.5115384056579466,1.7568795672054274,5.856584155154938,4.485702905515486,0.16111111111111112,1.0,1.0,1.0
additive-amplitude,interaction_g0.50,1800,1800,0,0,1.5156630337609749,1.7934612066521918,5.868443477583161,4.198618257408944,0.2288888888888889,1.0,1.0,1.0
additive-amplitude,interaction_g0.75,1800,1800,0,0,1.5065213400215325,1.784214117461078,5.827151815321109,4.209045201209493,0.08166666666666667,1.0,1.0,1.0
sobol,anti_aligned,1800,0,0,1800,,,,,,0.0,0.0,0.0
sobol,interaction_g0.00,1800,0,0,1800,,,,,,0.0,0.0,0.0
sobol,interaction_g0.50,1800,0,0,1800,,,,,,0.0,0.0,0.0
sobol,interaction_g0.75,1800,0,0,1800,,,,,,0.0,0.0,0.0
dsp_map,anti_aligned,1800,0,2,1798,,,,,,1.001111111111111,0.0,0.0
dsp_map,interaction_g0.00,1800,0,15,1785,,,,,,1.0083333333333333,0.0,0.0
dsp_map,interaction_g0.50,1800,0,8,1792,,,,,,1.0044444444444445,0.0,0.0
dsp_map,interaction_g0.75,1800,0,13,1787,,,,,,1.0072222222222222,0.0,0.0
oracle_S,anti_aligned,1800,0,0,1800,,,,,,1.0,0.0,0.0
oracle_S,interaction_g0.00,1800,0,0,1800,,,,,,1.0,0.0,0.0
oracle_S,interaction_g0.50,1800,0,0,1800,,,,,,1.0,0.0,0.0
oracle_S,interaction_g0.75,1800,0,0,1800,,,,,,1.0,0.0,0.0
