family,method,n,median,q1,q3,mean,min,max,median_iqr,rank_in_family,mean_rank_within_seed
anti_aligned,additive-amplitude,10,0.056316254074865804,0.017228291993780474,0.0848946463810529,0.06816790727505959,0.0125244022375783,0.2157461346412348,"0.0563 [0.0172, 0.0849]",1,1.9
anti_aligned,product-amplitude,10,0.11119531067244699,0.07559296669521524,0.15807994260310382,0.11145714148081991,0.00451280728858,0.2120037506729408,"0.111 [0.0756, 0.158]",2,2.4
anti_aligned,additive-lengthscale,10,0.11540854295867814,0.04223576096059582,0.2249197648532973,0.14692185712400913,0.0130235879950735,0.3531269005725841,"0.115 [0.0422, 0.225]",3,2.7
anti_aligned,dsp_map,10,0.25451702938057114,0.1675525703192705,0.4414873340485613,0.31055537952316037,0.1214511472741395,0.6421031987835226,"0.255 [0.168, 0.441]",4,4.3
anti_aligned,oracle_S,10,0.2687163498359759,0.20004513979903388,0.4051733443090503,0.2950151629793808,0.0237719043465589,0.5653767731871726,"0.269 [0.2, 0.405]",5,4.6
anti_aligned,product-lengthscale,10,0.30247438076707706,0.22402942630598552,0.4949360627088025,0.34916252326229164,0.196154037609566,0.5654052520119226,"0.302 [0.224, 0.495]",6,5.1
anti_aligned,sobol,10,1.4446009476883148,1.0168418307292684,1.561965657384917,1.3138776646966295,0.7912805020953999,1.7017965701337907,"1.44 [1.02, 1.56]",7,7.0
interaction_g0.00,additive-lengthscale,10,0.0033880522180951,0.0020229638169960247,0.010412698468850049,0.005754198183964039,4.071425875729062e-05,0.0147052704137813,"0.00339 [0.00202, 0.0104]",1,2.2
interaction_g0.00,product-amplitude,10,0.0044142470730765,0.00209712451447735,0.009575514502861926,0.005571854299153254,4.8989642548846746e-05,0.013024296969827,"0.00441 [0.0021, 0.00958]",2,2.1
interaction_g0.00,additive-amplitude,10,0.0047160189370414,0.0016062946660674,0.012047001233833149,0.0069648695111981605,0.0006051310951402,0.0175135312448397,"0.00472 [0.00161, 0.012]",3,2.7
interaction_g0.00,product-lengthscale,10,0.01163193241557795,0.00610016707230715,0.0301790144147258,0.02269028218106375,0.0028052939945339,0.0708953264716569,"0.0116 [0.0061, 0.0302]",4,4.05
interaction_g0.00,oracle_S,10,0.0321856758832563,0.0180563760907517,0.0637430403957506,0.051859412597063816,0.0061097882246325,0.163759067506545,"0.0322 [0.0181, 0.0637]",5,5.05
interaction_g0.00,dsp_map,10,0.08914629347158559,0.04554148664204375,0.2604786206931327,0.2216805997469621,0.0006915440850745,1.086983211236595,"0.0891 [0.0455, 0.26]",6,4.9
interaction_g0.00,sobol,10,1.0505164608354207,0.6073715584579101,1.8267319097960506,1.2194208942220746,0.5600371065001797,2.294684356399872,"1.05 [0.607, 1.83]",7,7.0
interaction_g0.50,product-amplitude,10,0.03047806495994605,0.0013039002383681039,0.28295725495960744,0.4837139154625306,1.494613518282506e-06,3.4954684916628693,"0.0305 [0.0013, 0.283]",1,2.8
interaction_g0.50,product-lengthscale,10,0.03564944974432265,0.01220746646504215,0.14525649837978807,0.13023001875168821,0.0026562087159152,0.6744393925420864,"0.0356 [0.0122, 0.145]",2,2.7
interaction_g0.50,oracle_S,10,0.0412583055619588,0.018856360373309327,0.15893419617358587,0.09239783130134534,1.9395526784649067e-07,0.2708368171705069,"0.0413 [0.0189, 0.159]",3,2.8
interaction_g0.50,additive-lengthscale,10,0.2647105461165824,0.027974747790141023,0.6158340744103667,0.6707395492368018,0.0115374622294499,3.4968615100006897,"0.265 [0.028, 0.616]",4,3.4
interaction_g0.50,additive-amplitude,10,0.6501805126842362,0.13212763836014368,0.8749068679689673,0.7790831549883908,1.7742156394717767e-05,3.489752751372805,"0.65 [0.132, 0.875]",5,4.2
interaction_g0.50,dsp_map,10,0.9486402380263057,0.634324209589693,1.1524830211929382,0.9815373159611613,0.1985009303663938,2.082098060592702,"0.949 [0.634, 1.15]",6,5.5
interaction_g0.50,sobol,10,1.5690939515324651,1.1368872312099774,2.0450673616628348,1.7079907473724483,0.9017575378872258,3.3843016919385187,"1.57 [1.14, 2.05]",7,6.6
interaction_g0.75,product-amplitude,10,0.0082804347329368,0.002335636247946675,0.04209189943250542,0.04183649777251196,4.635142456521635e-07,0.2731979401307232,"0.00828 [0.00234, 0.0421]",1,1.8
interaction_g0.75,oracle_S,10,0.0163967195112806,0.009582882543456924,0.03930955502390358,0.037880984966822503,0.0066810134578467,0.124810323379771,"0.0164 [0.00958, 0.0393]",2,3.0
interaction_g0.75,product-lengthscale,10,0.1193670633190087,0.022101622991803776,0.19079798435031198,0.40639683273465455,0.0087137537959893,2.8132915117202963,"0.119 [0.0221, 0.191]",3,3.8
interaction_g0.75,additive-lengthscale,10,0.38077283860260813,0.03412146983535355,0.8247018026360439,0.8252677415635505,0.0062506669822104,4.208931805234334,"0.381 [0.0341, 0.825]",4,4.0
interaction_g0.75,additive-amplitude,10,0.5224509733623046,0.039994537824964746,1.6936755584576568,1.0311308069489142,2.7657429717997672e-05,4.208924402073899,"0.522 [0.04, 1.69]",5,4.1
interaction_g0.75,dsp_map,10,1.0560173880731532,0.6501522682776114,1.7372585559436542,1.2166018804842682,0.0045428275191756,3.3811710192812146,"1.06 [0.65, 1.74]",6,4.8
interaction_g0.75,sobol,10,2.0616169431585014,1.325076684146679,2.6080599343908535,2.0707072070295593,0.8661007646768879,3.772680541505775,"2.06 [1.33, 2.61]",7,6.5
