method,family,ap_native_median,ap_native_mean,recall_at_S_native_median,recall_at_S_native_mean,ap_sobol_median,ap_sobol_mean,recall_at_S_sobol_median,recall_at_S_sobol_mean,precision_median,precision_mean,recall_median,recall_mean,f1_median,f1_mean,n_pred_active_median,n_pred_active_mean,n_runs
product-lengthscale,anti_aligned,0.8603603603603603,0.8889798182929234,0.8333333333333334,0.8333333333333334,0.9029761904761905,0.8703075980392156,0.8333333333333334,0.8,1.0,1.0,0.6666666666666666,0.6166666666666666,0.8,0.7437229437229437,4.0,3.7,10
product-lengthscale,interaction_g0.00,1.0,0.9445115207373271,1.0,0.9400000000000001,1.0,0.9728042328042328,1.0,0.9400000000000001,1.0,0.9166666666666666,0.6,0.6799999999999999,0.7499999999999999,0.7651875901875902,3.0,3.7,10
product-lengthscale,interaction_g0.50,1.0,1.0,1.0,1.0,1.0,0.9238080808080807,1.0,0.9199999999999999,1.0,1.0,0.8,0.8800000000000001,0.888888888888889,0.9333333333333333,4.0,4.4,10
product-lengthscale,interaction_g0.75,1.0,1.0,1.0,1.0,1.0,0.962,1.0,0.96,1.0,1.0,0.8,0.86,0.888888888888889,0.9222222222222223,4.0,4.3,10
additive-lengthscale,anti_aligned,1.0,0.9542753049073273,1.0,0.95,1.0,0.9808823529411764,1.0,0.95,1.0,1.0,0.8333333333333334,0.7833333333333334,0.9090909090909091,0.854025974025974,5.0,4.7,10
additive-lengthscale,interaction_g0.00,1.0,1.0,1.0,1.0,1.0,1.0,1.0,1.0,1.0,1.0,1.0,1.0,1.0,1.0,5.0,5.0,10
additive-lengthscale,interaction_g0.50,0.71,0.7442103757295546,0.8,0.78,0.9216666666666666,0.9125410334346504,0.8,0.8400000000000001,0.8333333333333334,0.8391666666666667,0.8,0.86,0.8444444444444446,0.8351554001554001,5.5,5.3,10
additive-lengthscale,interaction_g0.75,0.71,0.701458503354278,0.8,0.76,0.8767948717948718,0.808042692689758,0.8,0.78,0.8333333333333334,0.8366666666666667,0.8,0.72,0.8444444444444446,0.7415007215007215,5.0,4.3,10
product-amplitude,anti_aligned,1.0,0.9510485673643568,1.0,0.9333333333333333,1.0,0.9760843731431967,1.0,0.95,1.0,1.0,0.6666666666666666,0.7166666666666667,0.8,0.8303030303030303,4.0,4.3,10
product-amplitude,interaction_g0.00,1.0,1.0,1.0,1.0,1.0,1.0,1.0,1.0,1.0,1.0,0.9,0.8800000000000001,0.9444444444444444,0.9305555555555556,4.5,4.4,10
product-amplitude,interaction_g0.50,1.0,1.0,1.0,1.0,1.0,1.0,1.0,1.0,1.0,1.0,0.8,0.8,0.888888888888889,0.8861111111111111,4.0,4.0,10
product-amplitude,interaction_g0.75,1.0,0.9633908045977012,1.0,0.96,1.0,0.9464202898550724,1.0,0.96,1.0,0.96,0.8,0.78,0.888888888888889,0.8600000000000001,4.0,4.1,10
additive-amplitude,anti_aligned,1.0,0.9788742690058481,1.0,0.9666666666666666,1.0,0.9745833333333334,1.0,0.9666666666666666,1.0,1.0,0.8333333333333334,0.7833333333333334,0.9090909090909091,0.8763636363636363,5.0,4.7,10
additive-amplitude,interaction_g0.00,1.0,1.0,1.0,1.0,1.0,1.0,1.0,1.0,1.0,1.0,1.0,1.0,1.0,1.0,5.0,5.0,10
additive-amplitude,interaction_g0.50,0.8099999999999999,0.7929166164356037,0.8,0.8,0.8766666666666666,0.8430238095238094,0.8,0.8,0.8,0.8216666666666667,0.8,0.8,0.8000000000000002,0.8062626262626263,5.0,4.9,10
additive-amplitude,interaction_g0.75,0.71,0.7532917406510627,0.8,0.8,0.9833333333333333,0.8838095238095238,0.9,0.86,0.8,0.8133333333333332,0.8,0.76,0.8000000000000002,0.7805050505050506,5.0,4.7,10
dsp_map,anti_aligned,0.6791045385525363,0.597691440614617,0.6666666666666666,0.6,0.4333745719436508,0.5264048504706568,0.5,0.55,0.2583333333333333,0.27593992952352087,0.8333333333333334,0.7333333333333334,0.3923076923076923,0.38895566908226753,16.5,16.7,10
dsp_map,interaction_g0.00,0.7142804232804233,0.6769621183288184,0.6,0.64,0.6289231601731602,0.6629909777760676,0.6,0.6599999999999999,0.3611111111111111,0.39522642390289453,1.0,0.82,0.5031055900621118,0.516245493636798,9.5,11.3,10
dsp_map,interaction_g0.50,0.6490726533688659,0.6162059260825113,0.6,0.58,0.566030591030591,0.5573987455526659,0.6,0.56,0.25,0.2616780616273517,0.8,0.76,0.3582887700534759,0.3753459266202183,14.0,16.4,10
dsp_map,interaction_g0.75,0.6475609169701997,0.6602273442962798,0.6,0.64,0.4914444444444444,0.4767943888189675,0.5,0.48,0.3181818181818182,0.35256410256410253,0.7,0.76,0.4423076923076923,0.43869098344904794,11.0,13.9,10
oracle_S,anti_aligned,1.0,1.0,1.0,1.0,1.0,0.9843333333333334,1.0,0.9833333333333334,1.0,1.0,0.6666666666666666,0.6333333333333333,0.8,0.7651515151515151,4.0,3.8,10
oracle_S,interaction_g0.00,1.0,1.0,1.0,1.0,1.0,1.0,1.0,1.0,1.0,1.0,0.6,0.6599999999999999,0.7499999999999999,0.7849206349206349,3.0,3.3,10
oracle_S,interaction_g0.50,1.0,1.0,1.0,1.0,1.0,0.9620000000000001,1.0,0.96,1.0,1.0,0.8,0.86,0.888888888888889,0.9222222222222223,4.0,4.3,10
oracle_S,interaction_g0.75,1.0,1.0,1.0,1.0,1.0,0.9620000000000001,1.0,0.96,1.0,1.0,0.8,0.8400000000000001,0.888888888888889,0.9111111111111111,4.0,4.2,10
