family,method,seed,rows_180,no_dup_t,t_contiguous,regret_nonincreasing,best_f_nondecreasing,best_f_ge_cummax_f,regret_eq_fstar_minus_bestf,regret_nonnegative,log_resumes_eq_manifest,log_t_set_eq_csv,f_star,y_mean_t20,y_std_t20,S
interaction_g0.00,product-lengthscale,00,True,True,True,True,True,True,True,True,True,True,3.500780983864956,8.163038139437084e-05,0.8801718800926331,"(9, 50, 62, 76, 91)"
interaction_g0.00,product-lengthscale,01,True,True,True,True,True,True,True,True,True,True,4.974025175686123,-0.0486997015296904,1.0914155117649946,"(1, 19, 21, 39, 48)"
interaction_g0.00,product-lengthscale,02,True,True,True,True,True,True,True,True,True,True,3.6522531849467867,0.0822677321443925,1.097578529165373,"(1, 33, 37, 48, 79)"
interaction_g0.00,product-lengthscale,03,True,True,True,True,True,True,True,True,True,True,3.4103987894087826,0.110335338799619,0.8561843592801424,"(14, 18, 27, 29, 59)"
interaction_g0.00,product-lengthscale,04,True,True,True,True,True,True,True,True,True,True,4.4594243286468505,0.0320530819362833,1.0986383505258364,"(5, 8, 14, 73, 97)"
interaction_g0.00,product-lengthscale,05,True,True,True,True,True,True,True,True,True,True,3.657296312148889,0.0149698930912375,1.082126695984331,"(3, 16, 86, 91, 94)"
interaction_g0.00,product-lengthscale,06,True,True,True,True,True,True,True,True,True,True,3.466503399884737,0.0562982886865669,1.2208931813754067,"(2, 11, 21, 27, 80)"
interaction_g0.00,product-lengthscale,07,True,True,True,True,True,True,True,True,True,True,3.457477639614102,0.0172763646627162,1.155132236631419,"(4, 13, 58, 76, 83)"
interaction_g0.00,product-lengthscale,08,True,True,True,True,True,True,True,True,True,True,4.510137241831271,0.0197228689747274,1.1898296952992544,"(13, 33, 38, 43, 86)"
interaction_g0.00,product-lengthscale,09,True,True,True,True,True,True,True,True,True,True,3.5754114160119106,0.0353562109624522,0.7254903806378437,"(12, 17, 31, 74, 96)"
interaction_g0.00,additive-lengthscale,00,True,True,True,True,True,True,True,True,True,True,3.500780983864956,8.163038139437084e-05,0.8801718800926331,"(9, 50, 62, 76, 91)"
interaction_g0.00,additive-lengthscale,01,True,True,True,True,True,True,True,True,True,True,4.974025175686123,-0.0486997015296904,1.0914155117649946,"(1, 19, 21, 39, 48)"
interaction_g0.00,additive-lengthscale,02,True,True,True,True,True,True,True,True,True,True,3.6522531849467867,0.0822677321443925,1.097578529165373,"(1, 33, 37, 48, 79)"
interaction_g0.00,additive-lengthscale,03,True,True,True,True,True,True,True,True,True,True,3.4103987894087826,0.110335338799619,0.8561843592801424,"(14, 18, 27, 29, 59)"
interaction_g0.00,additive-lengthscale,04,True,True,True,True,True,True,True,True,True,True,4.4594243286468505,0.0320530819362833,1.0986383505258364,"(5, 8, 14, 73, 97)"
interaction_g0.00,additive-lengthscale,05,True,True,True,True,True,True,True,True,True,True,3.657296312148889,0.0149698930912375,1.082126695984331,"(3, 16, 86, 91, 94)"
interaction_g0.00,additive-lengthscale,06,True,True,True,True,True,True,True,True,True,True,3.466503399884737,0.0562982886865669,1.2208931813754067,"(2, 11, 21, 27, 80)"
interaction_g0.00,additive-lengthscale,07,True,True,True,True,True,True,True,True,True,True,3.457477639614102,0.0172763646627162,1.155132236631419,"(4, 13, 58, 76, 83)"
interaction_g0.00,additive-lengthscale,08,True,True,True,True,True,True,True,True,True,True,4.510137241831271,0.0197228689747274,1.1898296952992544,"(13, 33, 38, 43, 86)"
interaction_g0.00,additive-lengthscale,09,True,True,True,True,True,True,True,True,True,True,3.5754114160119106,0.0353562109624522,0.7254903806378437,"(12, 17, 31, 74, 96)"
interaction_g0.00,product-amplitude,00,True,True,True,True,True,True,True,True,True,True,3.500780983864956,8.163038139437084e-05,0.8801718800926331,"(9, 50, 62, 76, 91)"
interaction_g0.00,product-amplitude,01,True,True,True,True,True,True,True,True,True,True,4.974025175686123,-0.0486997015296904,1.0914155117649946,"(1, 19, 21, 39, 48)"
interaction_g0.00,product-amplitude,02,True,True,True,True,True,True,True,True,True,True,3.6522531849467867,0.0822677321443925,1.097578529165373,"(1, 33, 37, 48, 79)"
interaction_g0.00,product-amplitude,03,True,True,True,True,True,True,True,True,True,True,3.4103987894087826,0.110335338799619,0.8561843592801424,"(14, 18, 27, 29, 59)"
interaction_g0.00,product-amplitude,04,True,True,True,True,True,True,True,True,True,True,4.4594243286468505,0.0320530819362833,1.0986383505258364,"(5, 8, 14, 73, 97)"
interaction_g0.00,product-amplitude,05,True,True,True,True,True,True,True,True,True,True,3.657296312148889,0.0149698930912375,1.082126695984331,"(3, 16, 86, 91, 94)"
interaction_g0.00,product-amplitude,06,True,True,True,True,True,True,True,True,True,True,3.466503399884737,0.0562982886865669,1.2208931813754067,"(2, 11, 21, 27, 80)"
interaction_g0.00,product-amplitude,07,True,True,True,True,True,True,True,True,True,True,3.457477639614102,0.0172763646627162,1.155132236631419,"(4, 13, 58, 76, 83)"
interaction_g0.00,product-amplitude,08,True,True,True,True,True,True,True,True,True,True,4.510137241831271,0.0197228689747274,1.1898296952992544,"(13, 33, 38, 43, 86)"
interaction_g0.00,product-amplitude,09,True,True,True,True,True,True,True,True,True,True,3.5754114160119106,0.0353562109624522,0.7254903806378437,"(12, 17, 31, 74, 96)"
interaction_g0.00,additive-amplitude,00,True,True,True,True,True,True,True,True,True,True,3.500780983864956,8.163038139437084e-05,0.8801718800926331,"(9, 50, 62, 76, 91)"
interaction_g0.00,additive-amplitude,01,True,True,True,True,True,True,True,True,True,True,4.974025175686123,-0.0486997015296904,1.0914155117649946,"(1, 19, 21, 39, 48)"
interaction_g0.00,additive-amplitude,02,True,True,True,True,True,True,True,True,True,True,3.6522531849467867,0.0822677321443925,1.097578529165373,"(1, 33, 37, 48, 79)"
interaction_g0.00,additive-amplitude,03,True,True,True,True,True,True,True,True,True,True,3.4103987894087826,0.110335338799619,0.8561843592801424,"(14, 18, 27, 29, 59)"
interaction_g0.00,additive-amplitude,04,True,True,True,True,True,True,True,True,True,True,4.4594243286468505,0.0320530819362833,1.0986383505258364,"(5, 8, 14, 73, 97)"
interaction_g0.00,additive-amplitude,05,True,True,True,True,True,True,True,True,True,True,3.657296312148889,0.0149698930912375,1.082126695984331,"(3, 16, 86, 91, 94)"
interaction_g0.00,additive-amplitude,06,True,True,True,True,True,True,True,True,True,True,3.466503399884737,0.0562982886865669,1.2208931813754067,"(2, 11, 21, 27, 80)"
interaction_g0.00,additive-amplitude,07,True,True,True,True,True,True,True,True,True,True,3.457477639614102,0.0172763646627162,1.155132236631419,"(4, 13, 58, 76, 83)"
interaction_g0.00,additive-amplitude,08,True,True,True,True,True,True,True,True,True,True,4.510137241831271,0.0197228689747274,1.1898296952992544,"(13, 33, 38, 43, 86)"
interaction_g0.00,additive-amplitude,09,True,True,True,True,True,True,True,True,True,True,3.5754114160119106,0.0353562109624522,0.7254903806378437,"(12, 17, 31, 74, 96)"
interaction_g0.00,sobol,00,True,True,True,True,True,True,True,True,True,True,3.500780983864956,8.163038139437084e-05,0.8801718800926331,"(9, 50, 62, 76, 91)"
interaction_g0.00,sobol,01,True,True,True,True,True,True,True,True,True,True,4.974025175686123,-0.0486997015296904,1.0914155117649946,"(1, 19, 21, 39, 48)"
interaction_g0.00,sobol,02,True,True,True,True,True,True,True,True,True,True,3.6522531849467867,0.0822677321443925,1.097578529165373,"(1, 33, 37, 48, 79)"
interaction_g0.00,sobol,03,True,True,True,True,True,True,True,True,True,True,3.4103987894087826,0.110335338799619,0.8561843592801424,"(14, 18, 27, 29, 59)"
interaction_g0.00,sobol,04,True,True,True,True,True,True,True,True,True,True,4.4594243286468505,0.0320530819362833,1.0986383505258364,"(5, 8, 14, 73, 97)"
interaction_g0.00,sobol,05,True,True,True,True,True,True,True,True,True,True,3.657296312148889,0.0149698930912375,1.082126695984331,"(3, 16, 86, 91, 94)"
interaction_g0.00,sobol,06,True,True,True,True,True,True,True,True,True,True,3.466503399884737,0.0562982886865669,1.2208931813754067,"(2, 11, 21, 27, 80)"
interaction_g0.00,sobol,07,True,True,True,True,True,True,True,True,True,True,3.457477639614102,0.0172763646627162,1.155132236631419,"(4, 13, 58, 76, 83)"
interaction_g0.00,sobol,08,True,True,True,True,True,True,True,True,True,True,4.510137241831271,0.0197228689747274,1.1898296952992544,"(13, 33, 38, 43, 86)"
interaction_g0.00,sobol,09,True,True,True,True,True,True,True,True,True,True,3.5754114160119106,0.0353562109624522,0.7254903806378437,"(12, 17, 31, 74, 96)"
interaction_g0.00,dsp_map,00,True,True,True,True,True,True,True,True,True,True,3.500780983864956,8.163038139437084e-05,0.8801718800926331,"(9, 50, 62, 76, 91)"
interaction_g0.00,dsp_map,01,True,True,True,True,True,True,True,True,True,True,4.974025175686123,-0.0486997015296904,1.0914155117649946,"(1, 19, 21, 39, 48)"
interaction_g0.00,dsp_map,02,True,True,True,True,True,True,True,True,True,True,3.6522531849467867,0.0822677321443925,1.097578529165373,"(1, 33, 37, 48, 79)"
interaction_g0.00,dsp_map,03,True,True,True,True,True,True,True,True,True,True,3.4103987894087826,0.110335338799619,0.8561843592801424,"(14, 18, 27, 29, 59)"
interaction_g0.00,dsp_map,04,True,True,True,True,True,True,True,True,True,True,4.4594243286468505,0.0320530819362833,1.0986383505258364,"(5, 8, 14, 73, 97)"
interaction_g0.00,dsp_map,05,True,True,True,True,True,True,True,True,True,True,3.657296312148889,0.0149698930912375,1.082126695984331,"(3, 16, 86, 91, 94)"
interaction_g0.00,dsp_map,06,True,True,True,True,True,True,True,True,True,True,3.466503399884737,0.0562982886865669,1.2208931813754067,"(2, 11, 21, 27, 80)"
interaction_g0.00,dsp_map,07,True,True,True,True,True,True,True,True,True,True,3.457477639614102,0.0172763646627162,1.155132236631419,"(4, 13, 58, 76, 83)"
interaction_g0.00,dsp_map,08,True,True,True,True,True,True,True,True,True,True,4.510137241831271,0.0197228689747274,1.1898296952992544,"(13, 33, 38, 43, 86)"
interaction_g0.00,dsp_map,09,True,True,True,True,True,True,True,True,True,True,3.5754114160119106,0.0353562109624522,0.7254903806378437,"(12, 17, 31, 74, 96)"
interaction_g0.00,oracle_S,00,True,True,True,True,True,True,True,True,True,True,3.500780983864956,8.163038139437084e-05,0.8801718800926331,"(9, 50, 62, 76, 91)"
interaction_g0.00,oracle_S,01,True,True,True,True,True,True,True,True,True,True,4.974025175686123,-0.0486997015296904,1.0914155117649946,"(1, 19, 21, 39, 48)"
interaction_g0.00,oracle_S,02,True,True,True,True,True,True,True,True,True,True,3.6522531849467867,0.0822677321443925,1.097578529165373,"(1, 33, 37, 48, 79)"
interaction_g0.00,oracle_S,03,True,True,True,True,True,True,True,True,True,True,3.4103987894087826,0.110335338799619,0.8561843592801424,"(14, 18, 27, 29, 59)"
interaction_g0.00,oracle_S,04,True,True,True,True,True,True,True,True,True,True,4.4594243286468505,0.0320530819362833,1.0986383505258364,"(5, 8, 14, 73, 97)"
interaction_g0.00,oracle_S,05,True,True,True,True,True,True,True,True,True,True,3.657296312148889,0.0149698930912375,1.082126695984331,"(3, 16, 86, 91, 94)"
interaction_g0.00,oracle_S,06,True,True,True,True,True,True,True,True,True,True,3.466503399884737,0.0562982886865669,1.2208931813754067,"(2, 11, 21, 27, 80)"
interaction_g0.00,oracle_S,07,True,True,True,True,True,True,True,True,True,True,3.457477639614102,0.0172763646627162,1.155132236631419,"(4, 13, 58, 76, 83)"
interaction_g0.00,oracle_S,08,True,True,True,True,True,True,True,True,True,True,4.510137241831271,0.0197228689747274,1.1898296952992544,"(13, 33, 38, 43, 86)"
interaction_g0.00,oracle_S,09,True,True,True,True,True,True,True,True,True,True,3.5754114160119106,0.0353562109624522,0.7254903806378437,"(12, 17, 31, 74, 96)"
interaction_g0.50,product-lengthscale,00,True,True,True,True,True,True,True,True,True,True,3.570126980296131,-0.0850667387317284,0.8038614930918296,"(9, 50, 62, 76, 91)"
interaction_g0.50,product-lengthscale,01,True,True,True,True,True,True,True,True,True,True,6.156722587758615,0.0483328689822587,1.0730838561447582,"(1, 19, 21, 39, 48)"
interaction_g0.50,product-lengthscale,02,True,True,True,True,True,True,True,True,True,True,5.43999683392448,-0.3712807452133009,0.8212263259066547,"(1, 33, 37, 48, 79)"
interaction_g0.50,product-lengthscale,03,True,True,True,True,True,True,True,True,True,True,4.014235850400615,-0.0597921531465521,0.7672135666160339,"(14, 18, 27, 29, 59)"
interaction_g0.50,product-lengthscale,04,True,True,True,True,True,True,True,True,True,True,4.374998652848437,0.0496270995317612,1.1443072055167898,"(5, 8, 14, 73, 97)"
interaction_g0.50,product-lengthscale,05,True,True,True,True,True,True,True,True,True,True,4.38454961604919,-0.2767789615724144,0.8677324479742651,"(3, 16, 86, 91, 94)"
interaction_g0.50,product-lengthscale,06,True,True,True,True,True,True,True,True,True,True,3.9956907015410357,0.2236277816359043,0.9748068597712288,"(2, 11, 21, 27, 80)"
interaction_g0.50,product-lengthscale,07,True,True,True,True,True,True,True,True,True,True,3.3069089467585604,-0.2351851847273905,0.6431357814852545,"(4, 13, 58, 76, 83)"
interaction_g0.50,product-lengthscale,08,True,True,True,True,True,True,True,True,True,True,9.008933256822488,-0.1123733979091215,0.9217124223557772,"(13, 33, 38, 43, 86)"
interaction_g0.50,product-lengthscale,09,True,True,True,True,True,True,True,True,True,True,4.397918477913291,0.1873562934500334,0.8141023008874191,"(12, 17, 31, 74, 96)"
interaction_g0.50,additive-lengthscale,00,True,True,True,True,True,True,True,True,True,True,3.570126980296131,-0.0850667387317284,0.8038614930918296,"(9, 50, 62, 76, 91)"
interaction_g0.50,additive-lengthscale,01,True,True,True,True,True,True,True,True,True,True,6.156722587758615,0.0483328689822587,1.0730838561447582,"(1, 19, 21, 39, 48)"
interaction_g0.50,additive-lengthscale,02,True,True,True,True,True,True,True,True,True,True,5.43999683392448,-0.3712807452133009,0.8212263259066547,"(1, 33, 37, 48, 79)"
interaction_g0.50,additive-lengthscale,03,True,True,True,True,True,True,True,True,True,True,4.014235850400615,-0.0597921531465521,0.7672135666160339,"(14, 18, 27, 29, 59)"
interaction_g0.50,additive-lengthscale,04,True,True,True,True,True,True,True,True,True,True,4.374998652848437,0.0496270995317612,1.1443072055167898,"(5, 8, 14, 73, 97)"
interaction_g0.50,additive-lengthscale,05,True,True,True,True,True,True,True,True,True,True,4.38454961604919,-0.2767789615724144,0.8677324479742651,"(3, 16, 86, 91, 94)"
interaction_g0.50,additive-lengthscale,06,True,True,True,True,True,True,True,True,True,True,3.9956907015410357,0.2236277816359043,0.9748068597712288,"(2, 11, 21, 27, 80)"
interaction_g0.50,additive-lengthscale,07,True,True,True,True,True,True,True,True,True,True,3.3069089467585604,-0.2351851847273905,0.6431357814852545,"(4, 13, 58, 76, 83)"
interaction_g0.50,additive-lengthscale,08,True,True,True,True,True,True,True,True,True,True,9.008933256822488,-0.1123733979091215,0.9217124223557772,"(13, 33, 38, 43, 86)"
interaction_g0.50,additive-lengthscale,09,True,True,True,True,True,True,True,True,True,True,4.397918477913291,0.1873562934500334,0.8141023008874191,"(12, 17, 31, 74, 96)"
interaction_g0.50,product-amplitude,00,True,True,True,True,True,True,True,True,True,True,3.570126980296131,-0.0850667387317284,0.8038614930918296,"(9, 50, 62, 76, 91)"
interaction_g0.50,product-amplitude,01,True,True,True,True,True,True,True,True,True,True,6.156722587758615,0.0483328689822587,1.0730838561447582,"(1, 19, 21, 39, 48)"
interaction_g0.50,product-amplitude,02,True,True,True,True,True,True,True,True,True,True,5.43999683392448,-0.3712807452133009,0.8212263259066547,"(1, 33, 37, 48, 79)"
interaction_g0.50,product-amplitude,03,True,True,True,True,True,True,True,True,True,True,4.014235850400615,-0.0597921531465521,0.7672135666160339,"(14, 18, 27, 29, 59)"
interaction_g0.50,product-amplitude,04,True,True,True,True,True,True,True,True,True,True,4.374998652848437,0.0496270995317612,1.1443072055167898,"(5, 8, 14, 73, 97)"
interaction_g0.50,product-amplitude,05,True,True,True,True,True,True,True,True,True,True,4.38454961604919,-0.2767789615724144,0.8677324479742651,"(3, 16, 86, 91, 94)"
interaction_g0.50,product-amplitude,06,True,True,True,True,True,True,True,True,True,True,3.9956907015410357,0.2236277816359043,0.9748068597712288,"(2, 11, 21, 27, 80)"
interaction_g0.50,product-amplitude,07,True,True,True,True,True,True,True,True,True,True,3.3069089467585604,-0.2351851847273905,0.6431357814852545,"(4, 13, 58, 76, 83)"
interaction_g0.50,product-amplitude,08,True,True,True,True,True,True,True,True,True,True,9.008933256822488,-0.1123733979091215,0.9217124223557772,"(13, 33, 38, 43, 86)"
interaction_g0.50,product-amplitude,09,True,True,True,True,True,True,True,True,True,True,4.397918477913291,0.1873562934500334,0.8141023008874191,"(12, 17, 31, 74, 96)"
interaction_g0.50,additive-amplitude,00,True,True,True,True,True,True,True,True,True,True,3.570126980296131,-0.0850667387317284,0.8038614930918296,"(9, 50, 62, 76, 91)"
interaction_g0.50,additive-amplitude,01,True,True,True,True,True,True,True,True,True,True,6.156722587758615,0.0483328689822587,1.0730838561447582,"(1, 19, 21, 39, 48)"
interaction_g0.50,additive-amplitude,02,True,True,True,True,True,True,True,True,True,True,5.43999683392448,-0.3712807452133009,0.8212263259066547,"(1, 33, 37, 48, 79)"
interaction_g0.50,additive-amplitude,03,True,True,True,True,True,True,True,True,True,True,4.014235850400615,-0.0597921531465521,0.7672135666160339,"(14, 18, 27, 29, 59)"
interaction_g0.50,additive-amplitude,04,True,True,True,True,True,True,True,True,True,True,4.374998652848437,0.0496270995317612,1.1443072055167898,"(5, 8, 14, 73, 97)"
interaction_g0.50,additive-amplitude,05,True,True,True,True,True,True,True,True,True,True,4.38454961604919,-0.2767789615724144,0.8677324479742651,"(3, 16, 86, 91, 94)"
interaction_g0.50,additive-amplitude,06,True,True,True,True,True,True,True,True,True,True,3.9956907015410357,0.2236277816359043,0.9748068597712288,"(2, 11, 21, 27, 80)"
interaction_g0.50,additive-amplitude,07,True,True,True,True,True,True,True,True,True,True,3.3069089467585604,-0.2351851847273905,0.6431357814852545,"(4, 13, 58, 76, 83)"
interaction_g0.50,additive-amplitude,08,True,True,True,True,True,True,True,True,True,True,9.008933256822488,-0.1123733979091215,0.9217124223557772,"(13, 33, 38, 43, 86)"
interaction_g0.50,additive-amplitude,09,True,True,True,True,True,True,True,True,True,True,4.397918477913291,0.1873562934500334,0.8141023008874191,"(12, 17, 31, 74, 96)"
interaction_g0.50,sobol,00,True,True,True,True,True,True,True,True,True,True,3.570126980296131,-0.0850667387317284,0.8038614930918296,"(9, 50, 62, 76, 91)"
interaction_g0.50,sobol,01,True,True,True,True,True,True,True,True,True,True,6.156722587758615,0.0483328689822587,1.0730838561447582,"(1, 19, 21, 39, 48)"
interaction_g0.50,sobol,02,True,True,True,True,True,True,True,True,True,True,5.43999683392448,-0.3712807452133009,0.8212263259066547,"(1, 33, 37, 48, 79)"
interaction_g0.50,sobol,03,True,True,True,True,True,True,True,True,True,True,4.014235850400615,-0.0597921531465521,0.7672135666160339,"(14, 18, 27, 29, 59)"
interaction_g0.50,sobol,04,True,True,True,True,True,True,True,True,True,True,4.374998652848437,0.0496270995317612,1.1443072055167898,"(5, 8, 14, 73, 97)"
interaction_g0.50,sobol,05,True,True,True,True,True,True,True,True,True,True,4.38454961604919,-0.2767789615724144,0.8677324479742651,"(3, 16, 86, 91, 94)"
interaction_g0.50,sobol,06,True,True,True,True,True,True,True,True,True,True,3.9956907015410357,0.2236277816359043,0.9748068597712288,"(2, 11, 21, 27, 80)"
interaction_g0.50,sobol,07,True,True,True,True,True,True,True,True,True,True,3.3069089467585604,-0.2351851847273905,0.6431357814852545,"(4, 13, 58, 76, 83)"
interaction_g0.50,sobol,08,True,True,True,True,True,True,True,True,True,True,9.008933256822488,-0.1123733979091215,0.9217124223557772,"(13, 33, 38, 43, 86)"
interaction_g0.50,sobol,09,True,True,True,True,True,True,True,True,True,True,4.397918477913291,0.1873562934500334,0.8141023008874191,"(12, 17, 31, 74, 96)"
interaction_g0.50,dsp_map,00,True,True,True,True,True,True,True,True,True,True,3.570126980296131,-0.0850667387317284,0.8038614930918296,"(9, 50, 62, 76, 91)"
interaction_g0.50,dsp_map,01,True,True,True,True,True,True,True,True,True,True,6.156722587758615,0.0483328689822587,1.0730838561447582,"(1, 19, 21, 39, 48)"
interaction_g0.50,dsp_map,02,True,True,True,True,True,True,True,True,True,True,5.43999683392448,-0.3712807452133009,0.8212263259066547,"(1, 33, 37, 48, 79)"
interaction_g0.50,dsp_map,03,True,True,True,True,True,True,True,True,True,True,4.014235850400615,-0.0597921531465521,0.7672135666160339,"(14, 18, 27, 29, 59)"
interaction_g0.50,dsp_map,04,True,True,True,True,True,True,True,True,True,True,4.374998652848437,0.0496270995317612,1.1443072055167898,"(5, 8, 14, 73, 97)"
interaction_g0.50,dsp_map,05,True,True,True,True,True,True,True,True,True,True,4.38454961604919,-0.2767789615724144,0.8677324479742651,"(3, 16, 86, 91, 94)"
interaction_g0.50,dsp_map,06,True,True,True,True,True,True,True,True,True,True,3.9956907015410357,0.2236277816359043,0.9748068597712288,"(2, 11, 21, 27, 80)"
interaction_g0.50,dsp_map,07,True,True,True,True,True,True,True,True,True,True,3.3069089467585604,-0.2351851847273905,0.6431357814852545,"(4, 13, 58, 76, 83)"
interaction_g0.50,dsp_map,08,True,True,True,True,True,True,True,True,True,True,9.008933256822488,-0.1123733979091215,0.9217124223557772,"(13, 33, 38, 43, 86)"
interaction_g0.50,dsp_map,09,True,True,True,True,True,True,True,True,True,True,4.397918477913291,0.1873562934500334,0.8141023008874191,"(12, 17, 31, 74, 96)"
interaction_g0.50,oracle_S,00,True,True,True,True,True,True,True,True,True,True,3.570126980296131,-0.0850667387317284,0.8038614930918296,"(9, 50, 62, 76, 91)"
interaction_g0.50,oracle_S,01,True,True,True,True,True,True,True,True,True,True,6.156722587758615,0.0483328689822587,1.0730838561447582,"(1, 19, 21, 39, 48)"
interaction_g0.50,oracle_S,02,True,True,True,True,True,True,True,True,True,True,5.43999683392448,-0.3712807452133009,0.8212263259066547,"(1, 33, 37, 48, 79)"
interaction_g0.50,oracle_S,03,True,True,True,True,True,True,True,True,True,True,4.014235850400615,-0.0597921531465521,0.7672135666160339,"(14, 18, 27, 29, 59)"
interaction_g0.50,oracle_S,04,True,True,True,True,True,True,True,True,True,True,4.374998652848437,0.0496270995317612,1.1443072055167898,"(5, 8, 14, 73, 97)"
interaction_g0.50,oracle_S,05,True,True,True,True,True,True,True,True,True,True,4.38454961604919,-0.2767789615724144,0.8677324479742651,"(3, 16, 86, 91, 94)"
interaction_g0.50,oracle_S,06,True,True,True,True,True,True,True,True,True,True,3.9956907015410357,0.2236277816359043,0.9748068597712288,"(2, 11, 21, 27, 80)"
interaction_g0.50,oracle_S,07,True,True,True,True,True,True,True,True,True,True,3.3069089467585604,-0.2351851847273905,0.6431357814852545,"(4, 13, 58, 76, 83)"
interaction_g0.50,oracle_S,08,True,True,True,True,True,True,True,True,True,True,9.008933256822488,-0.1123733979091215,0.9217124223557772,"(13, 33, 38, 43, 86)"
interaction_g0.50,oracle_S,09,True,True,True,True,True,True,True,True,True,True,4.397918477913291,0.1873562934500334,0.8141023008874191,"(12, 17, 31, 74, 96)"
interaction_g0.75,product-lengthscale,00,True,True,True,True,True,True,True,True,True,True,4.012300855977016,-0.1038547798867719,0.7950117280688452,"(9, 50, 62, 76, 91)"
interaction_g0.75,product-lengthscale,01,True,True,True,True,True,True,True,True,True,True,6.7318997166467796,0.0754944439566825,1.0126876135144736,"(1, 19, 21, 39, 48)"
interaction_g0.75,product-lengthscale,02,True,True,True,True,True,True,True,True,True,True,5.451504677978935,-0.4818480085239181,0.7566648860515675,"(1, 33, 37, 48, 79)"
interaction_g0.75,product-lengthscale,03,True,True,True,True,True,True,True,True,True,True,4.835604534920029,-0.1063913558871636,0.8157989831935142,"(14, 18, 27, 29, 59)"
interaction_g0.75,product-lengthscale,04,True,True,True,True,True,True,True,True,True,True,5.299795452433508,0.0518714150095234,1.1108281150468615,"(5, 8, 14, 73, 97)"
interaction_g0.75,product-lengthscale,05,True,True,True,True,True,True,True,True,True,True,4.664506529266401,-0.3440963293922282,0.7778776044936769,"(3, 16, 86, 91, 94)"
interaction_g0.75,product-lengthscale,06,True,True,True,True,True,True,True,True,True,True,4.838175035663276,0.2565191507338647,0.9540098228380972,"(2, 11, 21, 27, 80)"
interaction_g0.75,product-lengthscale,07,True,True,True,True,True,True,True,True,True,True,3.327911082092083,-0.2984718654875123,0.6418771054747078,"(4, 13, 58, 76, 83)"
interaction_g0.75,product-lengthscale,08,True,True,True,True,True,True,True,True,True,True,9.761095740825882,-0.1388391658820551,0.8791403825249039,"(13, 33, 38, 43, 86)"
interaction_g0.75,product-lengthscale,09,True,True,True,True,True,True,True,True,True,True,4.581158056343436,0.2187755380152861,0.9430635091984956,"(12, 17, 31, 74, 96)"
interaction_g0.75,additive-lengthscale,00,True,True,True,True,True,True,True,True,True,True,4.012300855977016,-0.1038547798867719,0.7950117280688452,"(9, 50, 62, 76, 91)"
interaction_g0.75,additive-lengthscale,01,True,True,True,True,True,True,True,True,True,True,6.7318997166467796,0.0754944439566825,1.0126876135144736,"(1, 19, 21, 39, 48)"
interaction_g0.75,additive-lengthscale,02,True,True,True,True,True,True,True,True,True,True,5.451504677978935,-0.4818480085239181,0.7566648860515675,"(1, 33, 37, 48, 79)"
interaction_g0.75,additive-lengthscale,03,True,True,True,True,True,True,True,True,True,True,4.835604534920029,-0.1063913558871636,0.8157989831935142,"(14, 18, 27, 29, 59)"
interaction_g0.75,additive-lengthscale,04,True,True,True,True,True,True,True,True,True,True,5.299795452433508,0.0518714150095234,1.1108281150468615,"(5, 8, 14, 73, 97)"
interaction_g0.75,additive-lengthscale,05,True,True,True,True,True,True,True,True,True,True,4.664506529266401,-0.3440963293922282,0.7778776044936769,"(3, 16, 86, 91, 94)"
interaction_g0.75,additive-lengthscale,06,True,True,True,True,True,True,True,True,True,True,4.838175035663276,0.2565191507338647,0.9540098228380972,"(2, 11, 21, 27, 80)"
interaction_g0.75,additive-lengthscale,07,True,True,True,True,True,True,True,True,True,True,3.327911082092083,-0.2984718654875123,0.6418771054747078,"(4, 13, 58, 76, 83)"
interaction_g0.75,additive-lengthscale,08,True,True,True,True,True,True,True,True,True,True,9.761095740825882,-0.1388391658820551,0.8791403825249039,"(13, 33, 38, 43, 86)"
interaction_g0.75,additive-lengthscale,09,True,True,True,True,True,True,True,True,True,True,4.581158056343436,0.2187755380152861,0.9430635091984956,"(12, 17, 31, 74, 96)"
interaction_g0.75,product-amplitude,00,True,True,True,True,True,True,True,True,True,True,4.012300855977016,-0.1038547798867719,0.7950117280688452,"(9, 50, 62, 76, 91)"
interaction_g0.75,product-amplitude,01,True,True,True,True,True,True,True,True,True,True,6.7318997166467796,0.0754944439566825,1.0126876135144736,"(1, 19, 21, 39, 48)"
interaction_g0.75,product-amplitude,02,True,True,True,True,True,True,True,True,True,True,5.451504677978935,-0.4818480085239181,0.7566648860515675,"(1, 33, 37, 48, 79)"
interaction_g0.75,product-amplitude,03,True,True,True,True,True,True,True,True,True,True,4.835604534920029,-0.1063913558871636,0.8157989831935142,"(14, 18, 27, 29, 59)"
interaction_g0.75,product-amplitude,04,True,True,True,True,True,True,True,True,True,True,5.299795452433508,0.0518714150095234,1.1108281150468615,"(5, 8, 14, 73, 97)"
interaction_g0.75,product-amplitude,05,True,True,True,True,True,True,True,True,True,True,4.664506529266401,-0.3440963293922282,0.7778776044936769,"(3, 16, 86, 91, 94)"
interaction_g0.75,product-amplitude,06,True,True,True,True,True,True,True,True,True,True,4.838175035663276,0.2565191507338647,0.9540098228380972,"(2, 11, 21, 27, 80)"
interaction_g0.75,product-amplitude,07,True,True,True,True,True,True,True,True,True,True,3.327911082092083,-0.2984718654875123,0.6418771054747078,"(4, 13, 58, 76, 83)"
interaction_g0.75,product-amplitude,08,True,True,True,True,True,True,True,True,True,True,9.761095740825882,-0.1388391658820551,0.8791403825249039,"(13, 33, 38, 43, 86)"
interaction_g0.75,product-amplitude,09,True,True,True,True,True,True,True,True,True,True,4.581158056343436,0.2187755380152861,0.9430635091984956,"(12, 17, 31, 74, 96)"
interaction_g0.75,additive-amplitude,00,True,True,True,True,True,True,True,True,True,True,4.012300855977016,-0.1038547798867719,0.7950117280688452,"(9, 50, 62, 76, 91)"
interaction_g0.75,additive-amplitude,01,True,True,True,True,True,True,True,True,True,True,6.7318997166467796,0.0754944439566825,1.0126876135144736,"(1, 19, 21, 39, 48)"
interaction_g0.75,additive-amplitude,02,True,True,True,True,True,True,True,True,True,True,5.451504677978935,-0.4818480085239181,0.7566648860515675,"(1, 33, 37, 48, 79)"
interaction_g0.75,additive-amplitude,03,True,True,True,True,True,True,True,True,True,True,4.835604534920029,-0.1063913558871636,0.8157989831935142,"(14, 18, 27, 29, 59)"
interaction_g0.75,additive-amplitude,04,True,True,True,True,True,True,True,True,True,True,5.299795452433508,0.0518714150095234,1.1108281150468615,"(5, 8, 14, 73, 97)"
interaction_g0.75,additive-amplitude,05,True,True,True,True,True,True,True,True,True,True,4.664506529266401,-0.3440963293922282,0.7778776044936769,"(3, 16, 86, 91, 94)"
interaction_g0.75,additive-amplitude,06,True,True,True,True,True,True,True,True,True,True,4.838175035663276,0.2565191507338647,0.9540098228380972,"(2, 11, 21, 27, 80)"
interaction_g0.75,additive-amplitude,07,True,True,True,True,True,True,True,True,True,True,3.327911082092083,-0.2984718654875123,0.6418771054747078,"(4, 13, 58, 76, 83)"
interaction_g0.75,additive-amplitude,08,True,True,True,True,True,True,True,True,True,True,9.761095740825882,-0.1388391658820551,0.8791403825249039,"(13, 33, 38, 43, 86)"
interaction_g0.75,additive-amplitude,09,True,True,True,True,True,True,True,True,True,True,4.581158056343436,0.2187755380152861,0.9430635091984956,"(12, 17, 31, 74, 96)"
interaction_g0.75,sobol,00,True,True,True,True,True,True,True,True,True,True,4.012300855977016,-0.1038547798867719,0.7950117280688452,"(9, 50, 62, 76, 91)"
interaction_g0.75,sobol,01,True,True,True,True,True,True,True,True,True,True,6.7318997166467796,0.0754944439566825,1.0126876135144736,"(1, 19, 21, 39, 48)"
interaction_g0.75,sobol,02,True,True,True,True,True,True,True,True,True,True,5.451504677978935,-0.4818480085239181,0.7566648860515675,"(1, 33, 37, 48, 79)"
interaction_g0.75,sobol,03,True,True,True,True,True,True,True,True,True,True,4.835604534920029,-0.1063913558871636,0.8157989831935142,"(14, 18, 27, 29, 59)"
interaction_g0.75,sobol,04,True,True,True,True,True,True,True,True,True,True,5.299795452433508,0.0518714150095234,1.1108281150468615,"(5, 8, 14, 73, 97)"
interaction_g0.75,sobol,05,True,True,True,True,True,True,True,True,True,True,4.664506529266401,-0.3440963293922282,0.7778776044936769,"(3, 16, 86, 91, 94)"
interaction_g0.75,sobol,06,True,True,True,True,True,True,True,True,True,True,4.838175035663276,0.2565191507338647,0.9540098228380972,"(2, 11, 21, 27, 80)"
interaction_g0.75,sobol,07,True,True,True,True,True,True,True,True,True,True,3.327911082092083,-0.2984718654875123,0.6418771054747078,"(4, 13, 58, 76, 83)"
interaction_g0.75,sobol,08,True,True,True,True,True,True,True,True,True,True,9.761095740825882,-0.1388391658820551,0.8791403825249039,"(13, 33, 38, 43, 86)"
interaction_g0.75,sobol,09,True,True,True,True,True,True,True,True,True,True,4.581158056343436,0.2187755380152861,0.9430635091984956,"(12, 17, 31, 74, 96)"
interaction_g0.75,dsp_map,00,True,True,True,True,True,True,True,True,True,True,4.012300855977016,-0.1038547798867719,0.7950117280688452,"(9, 50, 62, 76, 91)"
interaction_g0.75,dsp_map,01,True,True,True,True,True,True,True,True,True,True,6.7318997166467796,0.0754944439566825,1.0126876135144736,"(1, 19, 21, 39, 48)"
interaction_g0.75,dsp_map,02,True,True,True,True,True,True,True,True,True,True,5.451504677978935,-0.4818480085239181,0.7566648860515675,"(1, 33, 37, 48, 79)"
interaction_g0.75,dsp_map,03,True,True,True,True,True,True,True,True,True,True,4.835604534920029,-0.1063913558871636,0.8157989831935142,"(14, 18, 27, 29, 59)"
interaction_g0.75,dsp_map,04,True,True,True,True,True,True,True,True,True,True,5.299795452433508,0.0518714150095234,1.1108281150468615,"(5, 8, 14, 73, 97)"
interaction_g0.75,dsp_map,05,True,True,True,True,True,True,True,True,True,True,4.664506529266401,-0.3440963293922282,0.7778776044936769,"(3, 16, 86, 91, 94)"
interaction_g0.75,dsp_map,06,True,True,True,True,True,True,True,True,True,True,4.838175035663276,0.2565191507338647,0.9540098228380972,"(2, 11, 21, 27, 80)"
interaction_g0.75,dsp_map,07,True,True,True,True,True,True,True,True,True,True,3.327911082092083,-0.2984718654875123,0.6418771054747078,"(4, 13, 58, 76, 83)"
interaction_g0.75,dsp_map,08,True,True,True,True,True,True,True,True,True,True,9.761095740825882,-0.1388391658820551,0.8791403825249039,"(13, 33, 38, 43, 86)"
interaction_g0.75,dsp_map,09,True,True,True,True,True,True,True,True,True,True,4.581158056343436,0.2187755380152861,0.9430635091984956,"(12, 17, 31, 74, 96)"
interaction_g0.75,oracle_S,00,True,True,True,True,True,True,True,True,True,True,4.012300855977016,-0.1038547798867719,0.7950117280688452,"(9, 50, 62, 76, 91)"
interaction_g0.75,oracle_S,01,True,True,True,True,True,True,True,True,True,True,6.7318997166467796,0.0754944439566825,1.0126876135144736,"(1, 19, 21, 39, 48)"
interaction_g0.75,oracle_S,02,True,True,True,True,True,True,True,True,True,True,5.451504677978935,-0.4818480085239181,0.7566648860515675,"(1, 33, 37, 48, 79)"
interaction_g0.75,oracle_S,03,True,True,True,True,True,True,True,True,True,True,4.835604534920029,-0.1063913558871636,0.8157989831935142,"(14, 18, 27, 29, 59)"
interaction_g0.75,oracle_S,04,True,True,True,True,True,True,True,True,True,True,5.299795452433508,0.0518714150095234,1.1108281150468615,"(5, 8, 14, 73, 97)"
interaction_g0.75,oracle_S,05,True,True,True,True,True,True,True,True,True,True,4.664506529266401,-0.3440963293922282,0.7778776044936769,"(3, 16, 86, 91, 94)"
interaction_g0.75,oracle_S,06,True,True,True,True,True,True,True,True,True,True,4.838175035663276,0.2565191507338647,0.9540098228380972,"(2, 11, 21, 27, 80)"
interaction_g0.75,oracle_S,07,True,True,True,True,True,True,True,True,True,True,3.327911082092083,-0.2984718654875123,0.6418771054747078,"(4, 13, 58, 76, 83)"
interaction_g0.75,oracle_S,08,True,True,True,True,True,True,True,True,True,True,9.761095740825882,-0.1388391658820551,0.8791403825249039,"(13, 33, 38, 43, 86)"
interaction_g0.75,oracle_S,09,True,True,True,True,True,True,True,True,True,True,4.581158056343436,0.2187755380152861,0.9430635091984956,"(12, 17, 31, 74, 96)"
anti_aligned,product-lengthscale,00,True,True,True,True,True,True,True,True,True,True,3.965470294985737,0.0152576488723177,0.927383092355098,"(9, 50, 62, 66, 76, 91)"
anti_aligned,product-lengthscale,01,True,True,True,True,True,True,True,True,True,True,4.789603475419686,-0.0254226273639126,0.9537466232459668,"(1, 19, 21, 39, 48, 72)"
anti_aligned,product-lengthscale,02,True,True,True,True,True,True,True,True,True,True,3.6758798439725364,-0.0138819413716188,1.1238877054868872,"(1, 17, 33, 37, 48, 79)"
anti_aligned,product-lengthscale,03,True,True,True,True,True,True,True,True,True,True,4.399494099755873,0.0732923691591422,1.185189734267123,"(14, 18, 27, 29, 59, 82)"
anti_aligned,product-lengthscale,04,True,True,True,True,True,True,True,True,True,True,3.6862722902567686,-0.050059647423546,0.8067211840175147,"(5, 8, 14, 45, 73, 97)"
anti_aligned,product-lengthscale,05,True,True,True,True,True,True,True,True,True,True,3.534621921210474,-0.0428688323365784,1.1596650500539545,"(3, 8, 16, 86, 91, 94)"
anti_aligned,product-lengthscale,06,True,True,True,True,True,True,True,True,True,True,4.277430621677585,0.0929398261229811,1.0664676509023292,"(2, 11, 21, 27, 55, 80)"
anti_aligned,product-lengthscale,07,True,True,True,True,True,True,True,True,True,True,3.027875854695477,-0.0796602782945578,0.998014272911379,"(4, 13, 58, 61, 76, 83)"
anti_aligned,product-lengthscale,08,True,True,True,True,True,True,True,True,True,True,3.930557269441449,0.0046401151988315,0.925320072988418,"(10, 13, 33, 38, 43, 86)"
anti_aligned,product-lengthscale,09,True,True,True,True,True,True,True,True,True,True,4.004175660448911,-0.0259209090910134,1.1175620390337917,"(12, 17, 31, 63, 74, 96)"
anti_aligned,additive-lengthscale,00,True,True,True,True,True,True,True,True,True,True,3.965470294985737,0.0152576488723177,0.927383092355098,"(9, 50, 62, 66, 76, 91)"
anti_aligned,additive-lengthscale,01,True,True,True,True,True,True,True,True,True,True,4.789603475419686,-0.0254226273639126,0.9537466232459668,"(1, 19, 21, 39, 48, 72)"
anti_aligned,additive-lengthscale,02,True,True,True,True,True,True,True,True,True,True,3.6758798439725364,-0.0138819413716188,1.1238877054868872,"(1, 17, 33, 37, 48, 79)"
anti_aligned,additive-lengthscale,03,True,True,True,True,True,True,True,True,True,True,4.399494099755873,0.0732923691591422,1.185189734267123,"(14, 18, 27, 29, 59, 82)"
anti_aligned,additive-lengthscale,04,True,True,True,True,True,True,True,True,True,True,3.6862722902567686,-0.050059647423546,0.8067211840175147,"(5, 8, 14, 45, 73, 97)"
anti_aligned,additive-lengthscale,05,True,True,True,True,True,True,True,True,True,True,3.534621921210474,-0.0428688323365784,1.1596650500539545,"(3, 8, 16, 86, 91, 94)"
anti_aligned,additive-lengthscale,06,True,True,True,True,True,True,True,True,True,True,4.277430621677585,0.0929398261229811,1.0664676509023292,"(2, 11, 21, 27, 55, 80)"
anti_aligned,additive-lengthscale,07,True,True,True,True,True,True,True,True,True,True,3.027875854695477,-0.0796602782945578,0.998014272911379,"(4, 13, 58, 61, 76, 83)"
anti_aligned,additive-lengthscale,08,True,True,True,True,True,True,True,True,True,True,3.930557269441449,0.0046401151988315,0.925320072988418,"(10, 13, 33, 38, 43, 86)"
anti_aligned,additive-lengthscale,09,True,True,True,True,True,True,True,True,True,True,4.004175660448911,-0.0259209090910134,1.1175620390337917,"(12, 17, 31, 63, 74, 96)"
anti_aligned,product-amplitude,00,True,True,True,True,True,True,True,True,True,True,3.965470294985737,0.0152576488723177,0.927383092355098,"(9, 50, 62, 66, 76, 91)"
anti_aligned,product-amplitude,01,True,True,True,True,True,True,True,True,True,True,4.789603475419686,-0.0254226273639126,0.9537466232459668,"(1, 19, 21, 39, 48, 72)"
anti_aligned,product-amplitude,02,True,True,True,True,True,True,True,True,True,True,3.6758798439725364,-0.0138819413716188,1.1238877054868872,"(1, 17, 33, 37, 48, 79)"
anti_aligned,product-amplitude,03,True,True,True,True,True,True,True,True,True,True,4.399494099755873,0.0732923691591422,1.185189734267123,"(14, 18, 27, 29, 59, 82)"
anti_aligned,product-amplitude,04,True,True,True,True,True,True,True,True,True,True,3.6862722902567686,-0.050059647423546,0.8067211840175147,"(5, 8, 14, 45, 73, 97)"
anti_aligned,product-amplitude,05,True,True,True,True,True,True,True,True,True,True,3.534621921210474,-0.0428688323365784,1.1596650500539545,"(3, 8, 16, 86, 91, 94)"
anti_aligned,product-amplitude,06,True,True,True,True,True,True,True,True,True,True,4.277430621677585,0.0929398261229811,1.0664676509023292,"(2, 11, 21, 27, 55, 80)"
anti_aligned,product-amplitude,07,True,True,True,True,True,True,True,True,True,True,3.027875854695477,-0.0796602782945578,0.998014272911379,"(4, 13, 58, 61, 76, 83)"
anti_aligned,product-amplitude,08,True,True,True,True,True,True,True,True,True,True,3.930557269441449,0.0046401151988315,0.925320072988418,"(10, 13, 33, 38, 43, 86)"
anti_aligned,product-amplitude,09,True,True,True,True,True,True,True,True,True,True,4.004175660448911,-0.0259209090910134,1.1175620390337917,"(12, 17, 31, 63, 74, 96)"
anti_aligned,additive-amplitude,00,True,True,True,True,True,True,True,True,True,True,3.965470294985737,0.0152576488723177,0.927383092355098,"(9, 50, 62, 66, 76, 91)"
anti_aligned,additive-amplitude,01,True,True,True,True,True,True,True,True,True,True,4.789603475419686,-0.0254226273639126,0.9537466232459668,"(1, 19, 21, 39, 48, 72)"
anti_aligned,additive-amplitude,02,True,True,True,True,True,True,True,True,True,True,3.6758798439725364,-0.0138819413716188,1.1238877054868872,"(1, 17, 33, 37, 48, 79)"
anti_aligned,additive-amplitude,03,True,True,True,True,True,True,True,True,True,True,4.399494099755873,0.0732923691591422,1.185189734267123,"(14, 18, 27, 29, 59, 82)"
anti_aligned,additive-amplitude,04,True,True,True,True,True,True,True,True,True,True,3.6862722902567686,-0.050059647423546,0.8067211840175147,"(5, 8, 14, 45, 73, 97)"
anti_aligned,additive-amplitude,05,True,True,True,True,True,True,True,True,True,True,3.534621921210474,-0.0428688323365784,1.1596650500539545,"(3, 8, 16, 86, 91, 94)"
anti_aligned,additive-amplitude,06,True,True,True,True,True,True,True,True,True,True,4.277430621677585,0.0929398261229811,1.0664676509023292,"(2, 11, 21, 27, 55, 80)"
anti_aligned,additive-amplitude,07,True,True,True,True,True,True,True,True,True,True,3.027875854695477,-0.0796602782945578,0.998014272911379,"(4, 13, 58, 61, 76, 83)"
anti_aligned,additive-amplitude,08,True,True,True,True,True,True,True,True,True,True,3.930557269441449,0.0046401151988315,0.925320072988418,"(10, 13, 33, 38, 43, 86)"
anti_aligned,additive-amplitude,09,True,True,True,True,True,True,True,True,True,True,4.004175660448911,-0.0259209090910134,1.1175620390337917,"(12, 17, 31, 63, 74, 96)"
anti_aligned,sobol,00,True,True,True,True,True,True,True,True,True,True,3.965470294985737,0.0152576488723177,0.927383092355098,"(9, 50, 62, 66, 76, 91)"
anti_aligned,sobol,01,True,True,True,True,True,True,True,True,True,True,4.789603475419686,-0.0254226273639126,0.9537466232459668,"(1, 19, 21, 39, 48, 72)"
anti_aligned,sobol,02,True,True,True,True,True,True,True,True,True,True,3.6758798439725364,-0.0138819413716188,1.1238877054868872,"(1, 17, 33, 37, 48, 79)"
anti_aligned,sobol,03,True,True,True,True,True,True,True,True,True,True,4.399494099755873,0.0732923691591422,1.185189734267123,"(14, 18, 27, 29, 59, 82)"
anti_aligned,sobol,04,True,True,True,True,True,True,True,True,True,True,3.6862722902567686,-0.050059647423546,0.8067211840175147,"(5, 8, 14, 45, 73, 97)"
anti_aligned,sobol,05,True,True,True,True,True,True,True,True,True,True,3.534621921210474,-0.0428688323365784,1.1596650500539545,"(3, 8, 16, 86, 91, 94)"
anti_aligned,sobol,06,True,True,True,True,True,True,True,True,True,True,4.277430621677585,0.0929398261229811,1.0664676509023292,"(2, 11, 21, 27, 55, 80)"
anti_aligned,sobol,07,True,True,True,True,True,True,True,True,True,True,3.027875854695477,-0.0796602782945578,0.998014272911379,"(4, 13, 58, 61, 76, 83)"
anti_aligned,sobol,08,True,True,True,True,True,True,True,True,True,True,3.930557269441449,0.0046401151988315,0.925320072988418,"(10, 13, 33, 38, 43, 86)"
anti_aligned,sobol,09,True,True,True,True,True,True,True,True,True,True,4.004175660448911,-0.0259209090910134,1.1175620390337917,"(12, 17, 31, 63, 74, 96)"
anti_aligned,dsp_map,00,True,True,True,True,True,True,True,True,True,True,3.965470294985737,0.0152576488723177,0.927383092355098,"(9, 50, 62, 66, 76, 91)"
anti_aligned,dsp_map,01,True,True,True,True,True,True,True,True,True,True,4.789603475419686,-0.0254226273639126,0.9537466232459668,"(1, 19, 21, 39, 48, 72)"
anti_aligned,dsp_map,02,True,True,True,True,True,True,True,True,True,True,3.6758798439725364,-0.0138819413716188,1.1238877054868872,"(1, 17, 33, 37, 48, 79)"
anti_aligned,dsp_map,03,True,True,True,True,True,True,True,True,True,True,4.399494099755873,0.0732923691591422,1.185189734267123,"(14, 18, 27, 29, 59, 82)"
anti_aligned,dsp_map,04,True,True,True,True,True,True,True,True,True,True,3.6862722902567686,-0.050059647423546,0.8067211840175147,"(5, 8, 14, 45, 73, 97)"
anti_aligned,dsp_map,05,True,True,True,True,True,True,True,True,True,True,3.534621921210474,-0.0428688323365784,1.1596650500539545,"(3, 8, 16, 86, 91, 94)"
anti_aligned,dsp_map,06,True,True,True,True,True,True,True,True,True,True,4.277430621677585,0.0929398261229811,1.0664676509023292,"(2, 11, 21, 27, 55, 80)"
anti_aligned,dsp_map,07,True,True,True,True,True,True,True,True,True,True,3.027875854695477,-0.0796602782945578,0.998014272911379,"(4, 13, 58, 61, 76, 83)"
anti_aligned,dsp_map,08,True,True,True,True,True,True,True,True,True,True,3.930557269441449,0.0046401151988315,0.925320072988418,"(10, 13, 33, 38, 43, 86)"
anti_aligned,dsp_map,09,True,True,True,True,True,True,True,True,True,True,4.004175660448911,-0.0259209090910134,1.1175620390337917,"(12, 17, 31, 63, 74, 96)"
anti_aligned,oracle_S,00,True,True,True,True,True,True,True,True,True,True,3.965470294985737,0.0152576488723177,0.927383092355098,"(9, 50, 62, 66, 76, 91)"
anti_aligned,oracle_S,01,True,True,True,True,True,True,True,True,True,True,4.789603475419686,-0.0254226273639126,0.9537466232459668,"(1, 19, 21, 39, 48, 72)"
anti_aligned,oracle_S,02,True,True,True,True,True,True,True,True,True,True,3.6758798439725364,-0.0138819413716188,1.1238877054868872,"(1, 17, 33, 37, 48, 79)"
anti_aligned,oracle_S,03,True,True,True,True,True,True,True,True,True,True,4.399494099755873,0.0732923691591422,1.185189734267123,"(14, 18, 27, 29, 59, 82)"
anti_aligned,oracle_S,04,True,True,True,True,True,True,True,True,True,True,3.6862722902567686,-0.050059647423546,0.8067211840175147,"(5, 8, 14, 45, 73, 97)"
anti_aligned,oracle_S,05,True,True,True,True,True,True,True,True,True,True,3.534621921210474,-0.0428688323365784,1.1596650500539545,"(3, 8, 16, 86, 91, 94)"
anti_aligned,oracle_S,06,True,True,True,True,True,True,True,True,True,True,4.277430621677585,0.0929398261229811,1.0664676509023292,"(2, 11, 21, 27, 55, 80)"
anti_aligned,oracle_S,07,True,True,True,True,True,True,True,True,True,True,3.027875854695477,-0.0796602782945578,0.998014272911379,"(4, 13, 58, 61, 76, 83)"
anti_aligned,oracle_S,08,True,True,True,True,True,True,True,True,True,True,3.930557269441449,0.0046401151988315,0.925320072988418,"(10, 13, 33, 38, 43, 86)"
anti_aligned,oracle_S,09,True,True,True,True,True,True,True,True,True,True,4.004175660448911,-0.0259209090910134,1.1175620390337917,"(12, 17, 31, 63, 74, 96)"
